account_id,customer_id,account_type,opened_date,account_status
A0000001,C000001,Savings,2018-06-02,Active
A0000002,C000001,Savings,2018-06-02,Active
A0000003,C000002,Savings,2023-03-01,Dormant
A0000004,C000003,Current,2024-02-10,Active
A0000005,C000004,Current,2022-06-21,Active
A0000006,C000005,Current,2019-05-31,Active
A0000007,C000006,Credit Card,2018-06-30,Active
A0000008,C000007,Savings,2021-04-09,Active
A0000009,C000008,Savings,2022-09-27,Active
A0000010,C000009,Savings,2019-02-23,Active
A0000011,C000010,Savings,2019-08-23,Active
A0000012,C000010,Current,2019-08-23,Dormant
A0000013,C000011,Savings,2024-10-06,Active
A0000014,C000012,Current,2024-09-05,Active
A0000015,C000012,Savings,2024-09-05,Active
A0000016,C000012,Current,2024-09-05,Active
A0000017,C000013,Current,2020-01-30,Active
A0000018,C000014,Savings,2019-09-11,Active
A0000019,C000015,Current,2024-04-06,Active
A0000020,C000016,Credit Card,2018-11-15,Active
A0000021,C000017,Current,2018-12-22,Active
A0000022,C000017,Current,2018-12-22,Active
A0000023,C000017,Current,2018-12-22,Active
A0000024,C000018,Credit Card,2025-03-28,Active
A0000025,C000019,Savings,2021-01-10,Active
A0000026,C000019,Current,2021-01-10,Closed
A0000027,C000019,Savings,2021-01-10,Active
A0000028,C000020,Credit Card,2019-02-26,Active
A0000029,C000021,Current,2024-03-18,Active
A0000030,C000022,Current,2020-06-24,Active
A0000031,C000023,Current,2021-01-09,Active
A0000032,C000024,Savings,2023-09-30,Active
A0000033,C000025,Current,2018-02-13,Active
A0000034,C000026,Current,2021-04-03,Active
A0000035,C000026,Current,2021-04-03,Active
A0000036,C000027,Current,2020-09-09,Active
A0000037,C000028,Current,2018-11-09,Active
A0000038,C000028,Credit Card,2018-11-09,Active
A0000039,C000028,Savings,2018-11-09,Active
A0000040,C000029,Current,2020-09-09,Active
A0000041,C000029,Current,2020-09-09,Active
A0000042,C000030,Current,2024-11-15,Active
A0000043,C000030,Savings,2024-11-15,Active
A0000044,C000031,Current,2024-05-07,Active
A0000045,C000032,Current,2020-06-05,Active
A0000046,C000033,Current,2023-03-16,Active
A0000047,C000034,Current,2019-05-17,Active
A0000048,C000034,Savings,2019-05-17,Active
A0000049,C000035,Savings,2022-02-16,Active
A0000050,C000036,Credit Card,2024-03-24,Active
A0000051,C000036,Current,2024-03-24,Closed
A0000052,C000036,Savings,2024-03-24,Active
A0000053,C000037,Savings,2021-09-20,Active
A0000054,C000037,Current,2021-09-20,Active
A0000055,C000037,Savings,2021-09-20,Active
A0000056,C000038,Current,2021-06-13,Active
A0000057,C000039,Current,2020-12-12,Active
A0000058,C000039,Savings,2020-12-12,Active
A0000059,C000040,Savings,2019-05-01,Closed
A0000060,C000040,Current,2019-05-01,Active
A0000061,C000041,Savings,2021-11-21,Active
A0000062,C000041,Current,2021-11-21,Active
A0000063,C000042,Current,2024-12-14,Active
A0000064,C000042,Current,2024-12-14,Active
A0000065,C000043,Savings,2018-07-25,Active
A0000066,C000044,Current,2019-02-02,Active
A0000067,C000045,Current,2023-06-10,Active
A0000068,C000045,Current,2023-06-10,Active
A0000069,C000046,Current,2018-05-20,Active
A0000070,C000046,Savings,2018-05-20,Active
A0000071,C000047,Current,2024-05-23,Active
A0000072,C000048,Current,2022-02-20,Active
A0000073,C000048,Savings,2022-02-20,Active
A0000074,C000049,Current,2018-12-18,Active
A0000075,C000050,Savings,2024-04-19,Active
A0000076,C000051,Current,2022-05-15,Active
A0000077,C000052,Current,2021-05-30,Active
A0000078,C000053,Savings,2020-04-20,Active
A0000079,C000053,Savings,2020-04-20,Active
A0000080,C000053,Current,2020-04-20,Active
A0000081,C000054,Savings,2018-05-26,Active
A0000082,C000055,Current,2021-09-15,Active
A0000083,C000056,Savings,2025-05-17,Active
A0000084,C000057,Savings,2018-02-18,Active
A0000085,C000058,Savings,2022-10-02,Active
A0000086,C000058,Current,2022-10-02,Dormant
A0000087,C000058,Current,2022-10-02,Active
A0000088,C000059,Current,2019-02-06,Active
A0000089,C000060,Current,2022-10-29,Active
A0000090,C000060,Savings,2022-10-29,Active
A0000091,C000060,Savings,2022-10-29,Active
A0000092,C000061,Current,2024-12-20,Active
A0000093,C000061,Current,2024-12-20,Dormant
A0000094,C000062,Current,2024-03-25,Active
A0000095,C000063,Current,2023-12-16,Active
A0000096,C000063,Current,2023-12-16,Active
A0000097,C000063,Current,2023-12-16,Active
A0000098,C000064,Current,2020-05-17,Active
A0000099,C000065,Current,2021-09-12,Active
A0000100,C000065,Current,2021-09-12,Active
A0000101,C000066,Current,2018-02-24,Active
A0000102,C000066,Savings,2018-02-24,Active
A0000103,C000067,Savings,2019-06-21,Active
A0000104,C000067,Current,2019-06-21,Active
A0000105,C000068,Current,2024-05-14,Active
A0000106,C000069,Current,2020-02-01,Active
A0000107,C000070,Savings,2019-11-13,Active
A0000108,C000071,Current,2019-08-31,Active
A0000109,C000071,Savings,2019-08-31,Active
A0000110,C000072,Current,2019-01-02,Active
A0000111,C000072,Savings,2019-01-02,Active
A0000112,C000073,Current,2024-02-17,Active
A0000113,C000074,Savings,2023-10-13,Active
A0000114,C000074,Current,2023-10-13,Active
A0000115,C000075,Current,2023-03-19,Active
A0000116,C000075,Current,2023-03-19,Active
A0000117,C000076,Current,2018-01-07,Dormant
A0000118,C000076,Current,2018-01-07,Active
A0000119,C000077,Current,2020-05-13,Active
A0000120,C000078,Current,2020-03-27,Active
A0000121,C000078,Credit Card,2020-03-27,Active
A0000122,C000079,Current,2023-11-19,Active
A0000123,C000080,Savings,2019-09-09,Active
A0000124,C000081,Current,2020-11-04,Active
A0000125,C000082,Current,2019-11-01,Active
A0000126,C000083,Current,2025-07-16,Active
A0000127,C000083,Current,2025-07-16,Active
A0000128,C000084,Current,2023-12-25,Active
A0000129,C000085,Current,2020-08-15,Active
A0000130,C000086,Current,2022-06-03,Dormant
A0000131,C000087,Savings,2018-07-05,Active
A0000132,C000088,Current,2022-01-28,Closed
A0000133,C000089,Current,2020-11-28,Dormant
A0000134,C000090,Current,2023-01-09,Closed
A0000135,C000091,Current,2022-08-13,Active
A0000136,C000092,Current,2019-06-17,Active
A0000137,C000093,Savings,2024-02-07,Active
A0000138,C000093,Current,2024-02-07,Dormant
A0000139,C000094,Credit Card,2024-03-25,Active
A0000140,C000094,Current,2024-03-25,Active
A0000141,C000095,Current,2025-04-08,Dormant
A0000142,C000095,Current,2025-04-08,Active
A0000143,C000096,Savings,2023-07-16,Dormant
A0000144,C000097,Current,2018-08-02,Active
A0000145,C000097,Savings,2018-08-02,Active
A0000146,C000098,Current,2018-07-27,Active
A0000147,C000099,Current,2018-11-04,Active
A0000148,C000100,Current,2021-03-09,Active
A0000149,C000101,Current,2019-08-04,Active
A0000150,C000101,Current,2019-08-04,Active
A0000151,C000102,Savings,2020-05-12,Active
A0000152,C000103,Credit Card,2019-03-17,Active
A0000153,C000104,Savings,2025-01-17,Active
A0000154,C000104,Credit Card,2025-01-17,Active
A0000155,C000104,Credit Card,2025-01-17,Active
A0000156,C000105,Savings,2019-04-16,Active
A0000157,C000106,Current,2020-05-10,Active
A0000158,C000106,Current,2020-05-10,Active
A0000159,C000107,Savings,2025-08-05,Active
A0000160,C000107,Credit Card,2025-08-05,Active
A0000161,C000108,Current,2018-11-28,Active
A0000162,C000108,Savings,2018-11-28,Active
A0000163,C000109,Current,2024-11-25,Active
A0000164,C000110,Savings,2020-05-12,Active
A0000165,C000111,Current,2019-12-26,Active
A0000166,C000112,Current,2021-01-21,Active
A0000167,C000112,Current,2021-01-21,Active
A0000168,C000113,Current,2025-02-18,Active
A0000169,C000114,Current,2025-01-27,Active
A0000170,C000114,Savings,2025-01-27,Active
A0000171,C000115,Savings,2018-10-26,Active
A0000172,C000115,Savings,2018-10-26,Active
A0000173,C000116,Current,2023-09-03,Active
A0000174,C000117,Current,2024-03-03,Active
A0000175,C000118,Current,2025-06-20,Active
A0000176,C000118,Current,2025-06-20,Active
A0000177,C000119,Savings,2024-03-01,Dormant
A0000178,C000119,Credit Card,2024-03-01,Active
A0000179,C000120,Savings,2020-11-04,Active
A0000180,C000121,Current,2018-12-30,Active
A0000181,C000122,Current,2020-11-25,Active
A0000182,C000123,Savings,2022-12-22,Active
A0000183,C000123,Current,2022-12-22,Active
A0000184,C000124,Current,2020-05-31,Active
A0000185,C000125,Savings,2022-08-08,Active
A0000186,C000126,Current,2018-02-18,Active
A0000187,C000127,Current,2022-03-09,Active
A0000188,C000128,Current,2018-07-25,Active
A0000189,C000129,Savings,2021-10-13,Active
A0000190,C000130,Current,2022-11-26,Active
A0000191,C000131,Savings,2025-08-22,Dormant
A0000192,C000132,Current,2021-11-19,Active
A0000193,C000132,Current,2021-11-19,Active
A0000194,C000133,Current,2021-09-14,Active
A0000195,C000134,Credit Card,2018-02-23,Active
A0000196,C000135,Current,2020-10-05,Active
A0000197,C000136,Credit Card,2024-10-07,Active
A0000198,C000137,Credit Card,2018-12-23,Active
A0000199,C000137,Savings,2018-12-23,Active
A0000200,C000138,Current,2022-03-31,Active
A0000201,C000138,Credit Card,2022-03-31,Active
A0000202,C000139,Savings,2018-12-20,Active
A0000203,C000139,Current,2018-12-20,Active
A0000204,C000140,Savings,2019-02-23,Active
A0000205,C000141,Current,2025-08-19,Active
A0000206,C000142,Current,2024-12-08,Active
A0000207,C000143,Current,2019-01-28,Active
A0000208,C000144,Credit Card,2022-04-06,Active
A0000209,C000145,Credit Card,2020-01-15,Active
A0000210,C000146,Current,2018-10-05,Active
A0000211,C000147,Current,2019-10-26,Active
A0000212,C000148,Current,2024-08-17,Dormant
A0000213,C000149,Savings,2020-05-20,Active
A0000214,C000150,Current,2019-11-28,Active
A0000215,C000151,Current,2020-05-21,Active
A0000216,C000152,Savings,2020-03-04,Active
A0000217,C000153,Savings,2021-12-23,Active
A0000218,C000154,Savings,2020-01-02,Active
A0000219,C000155,Savings,2024-12-29,Active
A0000220,C000156,Current,2023-01-12,Active
A0000221,C000157,Credit Card,2023-08-28,Active
A0000222,C000158,Credit Card,2024-04-01,Closed
A0000223,C000158,Current,2024-04-01,Active
A0000224,C000159,Current,2020-11-12,Active
A0000225,C000159,Current,2020-11-12,Active
A0000226,C000160,Credit Card,2018-06-19,Dormant
A0000227,C000161,Current,2022-07-13,Active
A0000228,C000162,Current,2023-06-30,Active
A0000229,C000163,Current,2022-09-14,Active
A0000230,C000164,Current,2018-08-31,Active
A0000231,C000164,Savings,2018-08-31,Active
A0000232,C000165,Savings,2018-03-07,Active
A0000233,C000166,Savings,2023-10-19,Active
A0000234,C000166,Savings,2023-10-19,Active
A0000235,C000167,Savings,2023-05-10,Active
A0000236,C000168,Savings,2022-08-16,Active
A0000237,C000169,Current,2024-09-03,Active
A0000238,C000169,Current,2024-09-03,Active
A0000239,C000170,Current,2022-04-10,Dormant
A0000240,C000171,Current,2021-09-28,Dormant
A0000241,C000172,Current,2020-08-27,Active
A0000242,C000173,Current,2022-11-17,Active
A0000243,C000173,Current,2022-11-17,Dormant
A0000244,C000174,Current,2019-01-26,Active
A0000245,C000174,Savings,2019-01-26,Active
A0000246,C000175,Current,2024-05-30,Closed
A0000247,C000176,Current,2021-09-26,Active
A0000248,C000176,Savings,2021-09-26,Active
A0000249,C000176,Savings,2021-09-26,Active
A0000250,C000177,Savings,2019-02-27,Active
A0000251,C000178,Savings,2022-07-05,Active
A0000252,C000178,Current,2022-07-05,Closed
A0000253,C000179,Credit Card,2022-12-16,Active
A0000254,C000180,Current,2022-05-27,Closed
A0000255,C000181,Savings,2020-01-06,Active
A0000256,C000182,Savings,2020-12-12,Active
A0000257,C000182,Current,2020-12-12,Active
A0000258,C000183,Current,2021-09-04,Active
A0000259,C000183,Savings,2021-09-04,Active
A0000260,C000184,Credit Card,2025-06-02,Active
A0000261,C000184,Current,2025-06-02,Active
A0000262,C000185,Credit Card,2020-08-16,Active
A0000263,C000186,Current,2018-03-02,Active
A0000264,C000187,Current,2021-01-15,Active
A0000265,C000187,Current,2021-01-15,Active
A0000266,C000188,Current,2022-02-11,Active
A0000267,C000189,Current,2025-02-11,Active
A0000268,C000190,Current,2021-11-24,Dormant
A0000269,C000191,Savings,2021-02-11,Active
A0000270,C000192,Savings,2021-10-29,Active
A0000271,C000193,Current,2018-04-13,Active
A0000272,C000194,Current,2020-07-02,Active
A0000273,C000194,Credit Card,2020-07-02,Active
A0000274,C000195,Savings,2025-06-30,Active
A0000275,C000195,Current,2025-06-30,Active
A0000276,C000196,Savings,2021-02-02,Active
A0000277,C000197,Current,2023-07-05,Active
A0000278,C000198,Current,2023-04-19,Active
A0000279,C000199,Current,2025-08-02,Active
A0000280,C000200,Current,2021-02-18,Active
A0000281,C000200,Savings,2021-02-18,Active
A0000282,C000201,Savings,2020-11-07,Active
A0000283,C000201,Current,2020-11-07,Closed
A0000284,C000202,Credit Card,2021-12-01,Active
A0000285,C000202,Current,2021-12-01,Active
A0000286,C000203,Current,2021-01-06,Active
A0000287,C000203,Current,2021-01-06,Active
A0000288,C000204,Savings,2023-10-04,Active
A0000289,C000205,Current,2018-06-06,Active
A0000290,C000206,Current,2024-02-08,Active
A0000291,C000207,Savings,2022-09-08,Active
A0000292,C000208,Credit Card,2022-01-25,Active
A0000293,C000208,Current,2022-01-25,Active
A0000294,C000209,Current,2025-01-23,Active
A0000295,C000209,Current,2025-01-23,Dormant
A0000296,C000210,Current,2020-02-28,Active
A0000297,C000210,Savings,2020-02-28,Active
A0000298,C000211,Savings,2021-11-07,Active
A0000299,C000211,Savings,2021-11-07,Active
A0000300,C000212,Savings,2022-10-13,Active
A0000301,C000212,Current,2022-10-13,Active
A0000302,C000212,Savings,2022-10-13,Active
A0000303,C000213,Current,2022-01-02,Active
A0000304,C000214,Savings,2019-10-16,Closed
A0000305,C000215,Current,2019-03-04,Active
A0000306,C000215,Current,2019-03-04,Closed
A0000307,C000215,Savings,2019-03-04,Active
A0000308,C000216,Current,2020-12-06,Active
A0000309,C000216,Credit Card,2020-12-06,Active
A0000310,C000217,Credit Card,2020-02-04,Active
A0000311,C000218,Savings,2019-09-20,Active
A0000312,C000219,Savings,2020-08-09,Active
A0000313,C000219,Savings,2020-08-09,Active
A0000314,C000220,Savings,2018-10-26,Active
A0000315,C000221,Savings,2024-09-25,Active
A0000316,C000221,Current,2024-09-25,Active
A0000317,C000222,Savings,2019-03-02,Active
A0000318,C000222,Savings,2019-03-02,Active
A0000319,C000222,Savings,2019-03-02,Active
A0000320,C000223,Savings,2023-11-20,Active
A0000321,C000224,Credit Card,2019-11-21,Active
A0000322,C000224,Credit Card,2019-11-21,Active
A0000323,C000225,Current,2022-06-26,Active
A0000324,C000226,Current,2018-08-21,Active
A0000325,C000227,Current,2019-01-31,Active
A0000326,C000227,Current,2019-01-31,Active
A0000327,C000228,Savings,2025-02-27,Active
A0000328,C000229,Credit Card,2018-02-16,Active
A0000329,C000229,Savings,2018-02-16,Active
A0000330,C000230,Savings,2025-03-21,Active
A0000331,C000231,Current,2025-04-27,Active
A0000332,C000232,Current,2018-02-13,Active
A0000333,C000232,Credit Card,2018-02-13,Active
A0000334,C000233,Savings,2021-07-17,Active
A0000335,C000234,Credit Card,2024-11-15,Active
A0000336,C000235,Current,2024-10-24,Active
A0000337,C000235,Current,2024-10-24,Active
A0000338,C000236,Current,2024-03-04,Active
A0000339,C000237,Current,2025-03-17,Active
A0000340,C000238,Savings,2020-06-17,Active
A0000341,C000238,Savings,2020-06-17,Active
A0000342,C000239,Current,2024-11-08,Active
A0000343,C000240,Current,2024-05-16,Active
A0000344,C000240,Current,2024-05-16,Active
A0000345,C000241,Savings,2024-05-19,Active
A0000346,C000242,Current,2019-05-13,Active
A0000347,C000243,Current,2020-08-07,Active
A0000348,C000244,Current,2021-04-26,Active
A0000349,C000244,Current,2021-04-26,Active
A0000350,C000245,Current,2018-11-18,Dormant
A0000351,C000245,Current,2018-11-18,Dormant
A0000352,C000246,Current,2021-05-01,Active
A0000353,C000246,Savings,2021-05-01,Active
A0000354,C000247,Current,2021-10-13,Active
A0000355,C000248,Savings,2018-09-25,Active
A0000356,C000249,Current,2019-06-12,Active
A0000357,C000249,Savings,2019-06-12,Active
A0000358,C000250,Current,2020-05-07,Active
A0000359,C000250,Current,2020-05-07,Active
A0000360,C000250,Credit Card,2020-05-07,Active
A0000361,C000251,Current,2020-09-16,Active
A0000362,C000252,Current,2023-02-05,Active
A0000363,C000253,Current,2024-12-21,Active
A0000364,C000254,Savings,2019-06-11,Active
A0000365,C000255,Savings,2021-10-01,Active
A0000366,C000256,Savings,2024-04-17,Active
A0000367,C000257,Savings,2018-10-02,Active
A0000368,C000257,Savings,2018-10-02,Active
A0000369,C000258,Current,2018-01-29,Active
A0000370,C000258,Credit Card,2018-01-29,Active
A0000371,C000259,Current,2020-03-04,Active
A0000372,C000260,Current,2021-11-10,Active
A0000373,C000261,Current,2022-03-29,Active
A0000374,C000262,Savings,2025-08-29,Active
A0000375,C000262,Savings,2025-08-29,Active
A0000376,C000263,Credit Card,2022-06-17,Active
A0000377,C000264,Credit Card,2020-03-14,Active
A0000378,C000265,Current,2022-08-05,Active
A0000379,C000266,Current,2024-04-29,Active
A0000380,C000267,Savings,2021-03-27,Active
A0000381,C000268,Current,2024-10-15,Dormant
A0000382,C000269,Current,2018-11-13,Active
A0000383,C000270,Current,2019-03-25,Active
A0000384,C000271,Current,2018-04-16,Active
A0000385,C000271,Current,2018-04-16,Active
A0000386,C000271,Current,2018-04-16,Active
A0000387,C000272,Savings,2024-09-07,Active
A0000388,C000273,Savings,2022-04-18,Active
A0000389,C000274,Current,2023-10-03,Active
A0000390,C000275,Credit Card,2022-06-22,Active
A0000391,C000276,Current,2020-04-14,Active
A0000392,C000277,Savings,2025-07-16,Active
A0000393,C000278,Current,2021-12-26,Active
A0000394,C000279,Current,2019-08-01,Active
A0000395,C000279,Current,2019-08-01,Active
A0000396,C000280,Current,2023-05-23,Dormant
A0000397,C000281,Current,2022-02-09,Active
A0000398,C000282,Savings,2025-08-26,Active
A0000399,C000283,Current,2018-09-14,Active
A0000400,C000284,Current,2024-07-23,Active
A0000401,C000285,Savings,2025-01-10,Active
A0000402,C000286,Savings,2020-03-18,Active
A0000403,C000287,Savings,2024-05-17,Active
A0000404,C000288,Credit Card,2021-12-22,Active
A0000405,C000288,Current,2021-12-22,Active
A0000406,C000289,Current,2023-06-11,Active
A0000407,C000290,Current,2020-08-08,Active
A0000408,C000290,Current,2020-08-08,Active
A0000409,C000291,Savings,2024-02-09,Active
A0000410,C000292,Savings,2023-12-18,Active
A0000411,C000293,Savings,2023-08-23,Active
A0000412,C000294,Credit Card,2022-03-29,Active
A0000413,C000294,Current,2022-03-29,Active
A0000414,C000295,Credit Card,2025-03-07,Active
A0000415,C000295,Credit Card,2025-03-07,Active
A0000416,C000296,Credit Card,2023-02-10,Active
A0000417,C000297,Savings,2018-05-11,Closed
A0000418,C000298,Savings,2024-08-03,Active
A0000419,C000299,Current,2021-05-01,Active
A0000420,C000300,Current,2021-09-03,Active
A0000421,C000300,Savings,2021-09-03,Active
A0000422,C000300,Savings,2021-09-03,Dormant
A0000423,C000301,Credit Card,2021-05-21,Active
A0000424,C000302,Savings,2021-07-31,Active
A0000425,C000303,Credit Card,2018-09-29,Active
A0000426,C000304,Credit Card,2019-01-17,Active
A0000427,C000304,Savings,2019-01-17,Active
A0000428,C000304,Current,2019-01-17,Active
A0000429,C000305,Current,2019-10-22,Active
A0000430,C000306,Current,2022-10-28,Active
A0000431,C000307,Current,2024-09-09,Active
A0000432,C000307,Credit Card,2024-09-09,Active
A0000433,C000308,Current,2019-07-09,Active
A0000434,C000308,Current,2019-07-09,Active
A0000435,C000309,Credit Card,2019-06-15,Active
A0000436,C000310,Savings,2023-05-12,Dormant
A0000437,C000311,Current,2021-12-08,Active
A0000438,C000311,Current,2021-12-08,Dormant
A0000439,C000311,Current,2021-12-08,Active
A0000440,C000312,Savings,2018-01-02,Active
A0000441,C000313,Current,2025-01-09,Active
A0000442,C000314,Savings,2025-05-07,Active
A0000443,C000314,Current,2025-05-07,Active
A0000444,C000314,Savings,2025-05-07,Active
A0000445,C000315,Savings,2024-08-21,Active
A0000446,C000315,Current,2024-08-21,Active
A0000447,C000316,Current,2020-03-09,Active
A0000448,C000317,Current,2022-01-10,Active
A0000449,C000317,Current,2022-01-10,Active
A0000450,C000318,Current,2019-12-05,Active
A0000451,C000318,Savings,2019-12-05,Active
A0000452,C000319,Savings,2024-04-25,Active
A0000453,C000320,Current,2019-12-20,Active
A0000454,C000320,Current,2019-12-20,Active
A0000455,C000321,Current,2025-08-30,Active
A0000456,C000322,Current,2019-07-22,Active
A0000457,C000322,Savings,2019-07-22,Active
A0000458,C000323,Current,2025-03-20,Active
A0000459,C000323,Current,2025-03-20,Active
A0000460,C000323,Current,2025-03-20,Active
A0000461,C000324,Savings,2019-04-14,Active
A0000462,C000325,Current,2023-02-03,Active
A0000463,C000325,Savings,2023-02-03,Active
A0000464,C000326,Current,2023-01-14,Active
A0000465,C000326,Current,2023-01-14,Active
A0000466,C000327,Current,2020-11-17,Active
A0000467,C000328,Credit Card,2025-05-19,Active
A0000468,C000329,Savings,2022-11-22,Active
A0000469,C000330,Savings,2024-09-16,Active
A0000470,C000330,Savings,2024-09-16,Active
A0000471,C000331,Current,2022-11-09,Active
A0000472,C000332,Credit Card,2022-02-07,Dormant
A0000473,C000332,Savings,2022-02-07,Active
A0000474,C000332,Current,2022-02-07,Active
A0000475,C000333,Credit Card,2022-03-20,Active
A0000476,C000334,Current,2019-08-31,Active
A0000477,C000335,Current,2021-11-06,Active
A0000478,C000336,Credit Card,2024-08-19,Active
A0000479,C000337,Credit Card,2019-02-01,Active
A0000480,C000338,Savings,2018-01-23,Active
A0000481,C000338,Current,2018-01-23,Active
A0000482,C000339,Savings,2025-04-09,Active
A0000483,C000340,Savings,2022-06-16,Active
A0000484,C000340,Savings,2022-06-16,Active
A0000485,C000341,Savings,2025-01-29,Active
A0000486,C000342,Credit Card,2024-09-28,Active
A0000487,C000343,Current,2019-01-26,Active
A0000488,C000344,Credit Card,2018-03-03,Active
A0000489,C000345,Current,2023-03-05,Active
A0000490,C000345,Savings,2023-03-05,Active
A0000491,C000346,Current,2018-11-03,Closed
A0000492,C000346,Current,2018-11-03,Active
A0000493,C000347,Current,2023-01-09,Active
A0000494,C000347,Current,2023-01-09,Active
A0000495,C000348,Credit Card,2024-09-12,Active
A0000496,C000348,Current,2024-09-12,Active
A0000497,C000349,Savings,2024-01-19,Active
A0000498,C000349,Savings,2024-01-19,Active
A0000499,C000350,Savings,2024-01-27,Active
A0000500,C000351,Savings,2025-04-16,Active
A0000501,C000351,Credit Card,2025-04-16,Active
A0000502,C000351,Credit Card,2025-04-16,Active
A0000503,C000352,Current,2019-10-17,Active
A0000504,C000352,Savings,2019-10-17,Active
A0000505,C000353,Current,2025-08-17,Active
A0000506,C000354,Current,2019-06-13,Active
A0000507,C000355,Current,2024-01-09,Active
A0000508,C000355,Current,2024-01-09,Dormant
A0000509,C000356,Current,2020-09-16,Active
A0000510,C000356,Current,2020-09-16,Active
A0000511,C000357,Current,2025-03-23,Active
A0000512,C000358,Current,2023-10-24,Active
A0000513,C000359,Current,2021-02-21,Active
A0000514,C000360,Current,2022-01-11,Active
A0000515,C000360,Savings,2022-01-11,Dormant
A0000516,C000361,Savings,2024-10-25,Dormant
A0000517,C000362,Current,2022-11-07,Active
A0000518,C000362,Savings,2022-11-07,Active
A0000519,C000363,Current,2019-08-03,Active
A0000520,C000364,Current,2021-01-11,Active
A0000521,C000364,Current,2021-01-11,Active
A0000522,C000365,Savings,2018-01-26,Active
A0000523,C000365,Current,2018-01-26,Active
A0000524,C000366,Credit Card,2018-12-24,Active
A0000525,C000367,Current,2023-10-10,Active
A0000526,C000368,Current,2019-07-01,Active
A0000527,C000368,Savings,2019-07-01,Active
A0000528,C000369,Savings,2022-09-14,Active
A0000529,C000370,Savings,2025-01-17,Active
A0000530,C000370,Current,2025-01-17,Active
A0000531,C000371,Current,2025-05-14,Closed
A0000532,C000372,Current,2023-08-25,Active
A0000533,C000373,Current,2018-10-10,Active
A0000534,C000374,Current,2018-04-07,Active
A0000535,C000374,Current,2018-04-07,Active
A0000536,C000375,Current,2021-04-14,Active
A0000537,C000376,Current,2023-03-23,Active
A0000538,C000377,Current,2021-09-08,Active
A0000539,C000378,Credit Card,2022-10-22,Active
A0000540,C000379,Savings,2020-04-05,Active
A0000541,C000380,Current,2020-05-20,Active
A0000542,C000381,Current,2020-04-16,Active
A0000543,C000382,Current,2022-11-12,Active
A0000544,C000383,Current,2023-11-02,Active
A0000545,C000384,Credit Card,2025-06-06,Active
A0000546,C000385,Savings,2018-01-18,Active
A0000547,C000385,Current,2018-01-18,Active
A0000548,C000386,Current,2022-08-10,Active
A0000549,C000387,Current,2020-07-12,Active
A0000550,C000388,Current,2023-09-04,Active
A0000551,C000389,Current,2023-12-13,Active
A0000552,C000389,Savings,2023-12-13,Active
A0000553,C000390,Current,2024-06-16,Active
A0000554,C000390,Savings,2024-06-16,Active
A0000555,C000391,Current,2018-10-22,Active
A0000556,C000392,Savings,2019-12-02,Active
A0000557,C000392,Current,2019-12-02,Active
A0000558,C000393,Savings,2019-05-11,Active
A0000559,C000393,Credit Card,2019-05-11,Active
A0000560,C000393,Savings,2019-05-11,Active
A0000561,C000394,Current,2023-10-19,Active
A0000562,C000395,Savings,2025-01-26,Active
A0000563,C000396,Savings,2021-11-26,Active
A0000564,C000397,Savings,2022-09-05,Active
A0000565,C000398,Savings,2019-12-31,Active
A0000566,C000399,Savings,2021-11-24,Active
A0000567,C000399,Credit Card,2021-11-24,Active
A0000568,C000400,Current,2018-07-04,Closed
A0000569,C000401,Current,2025-04-17,Active
A0000570,C000402,Savings,2018-03-04,Active
A0000571,C000403,Savings,2022-05-15,Active
A0000572,C000403,Savings,2022-05-15,Active
A0000573,C000403,Credit Card,2022-05-15,Dormant
A0000574,C000404,Savings,2022-07-12,Active
A0000575,C000405,Current,2024-09-17,Active
A0000576,C000406,Savings,2018-12-06,Active
A0000577,C000407,Current,2019-01-10,Active
A0000578,C000408,Current,2021-12-20,Closed
A0000579,C000408,Current,2021-12-20,Active
A0000580,C000409,Savings,2024-02-11,Closed
A0000581,C000409,Current,2024-02-11,Active
A0000582,C000410,Savings,2024-03-22,Active
A0000583,C000411,Current,2020-06-17,Active
A0000584,C000412,Current,2020-08-23,Active
A0000585,C000413,Savings,2022-10-31,Active
A0000586,C000413,Savings,2022-10-31,Active
A0000587,C000414,Current,2019-12-12,Active
A0000588,C000415,Credit Card,2025-01-27,Active
A0000589,C000415,Current,2025-01-27,Active
A0000590,C000416,Savings,2021-11-03,Active
A0000591,C000417,Credit Card,2024-02-10,Active
A0000592,C000418,Current,2022-12-06,Active
A0000593,C000418,Savings,2022-12-06,Active
A0000594,C000419,Current,2025-08-16,Active
A0000595,C000420,Current,2023-01-15,Active
A0000596,C000420,Current,2023-01-15,Active
A0000597,C000421,Current,2020-04-25,Active
A0000598,C000422,Credit Card,2020-11-03,Closed
A0000599,C000423,Savings,2023-06-07,Active
A0000600,C000423,Credit Card,2023-06-07,Active
A0000601,C000424,Current,2019-12-02,Active
A0000602,C000424,Savings,2019-12-02,Active
A0000603,C000425,Credit Card,2020-05-03,Active
A0000604,C000426,Credit Card,2021-02-10,Active
A0000605,C000427,Credit Card,2021-07-05,Active
A0000606,C000428,Current,2025-04-24,Active
A0000607,C000428,Credit Card,2025-04-24,Active
A0000608,C000429,Current,2022-01-13,Active
A0000609,C000430,Current,2024-04-23,Active
A0000610,C000430,Current,2024-04-23,Active
A0000611,C000431,Current,2024-04-28,Active
A0000612,C000432,Savings,2020-12-06,Active
A0000613,C000433,Savings,2020-11-09,Active
A0000614,C000433,Current,2020-11-09,Active
A0000615,C000434,Savings,2024-10-11,Active
A0000616,C000434,Current,2024-10-11,Active
A0000617,C000435,Savings,2020-09-18,Active
A0000618,C000436,Savings,2021-01-19,Active
A0000619,C000437,Current,2021-05-18,Active
A0000620,C000438,Current,2024-08-07,Active
A0000621,C000439,Current,2025-04-03,Active
A0000622,C000440,Current,2022-12-25,Active
A0000623,C000440,Current,2022-12-25,Active
A0000624,C000441,Current,2020-10-01,Active
A0000625,C000442,Current,2018-03-22,Active
A0000626,C000443,Savings,2021-02-20,Active
A0000627,C000443,Credit Card,2021-02-20,Active
A0000628,C000444,Current,2024-09-01,Active
A0000629,C000444,Credit Card,2024-09-01,Active
A0000630,C000445,Credit Card,2022-02-23,Active
A0000631,C000446,Savings,2018-04-14,Dormant
A0000632,C000447,Savings,2024-10-12,Dormant
A0000633,C000448,Credit Card,2022-08-18,Active
A0000634,C000448,Savings,2022-08-18,Active
A0000635,C000449,Savings,2022-04-09,Active
A0000636,C000450,Current,2024-02-27,Active
A0000637,C000451,Current,2020-01-09,Active
A0000638,C000451,Current,2020-01-09,Active
A0000639,C000452,Current,2024-08-22,Active
A0000640,C000452,Savings,2024-08-22,Active
A0000641,C000452,Savings,2024-08-22,Active
A0000642,C000453,Current,2024-04-03,Active
A0000643,C000454,Savings,2022-10-27,Active
A0000644,C000454,Current,2022-10-27,Active
A0000645,C000455,Current,2018-12-04,Active
A0000646,C000456,Current,2022-09-21,Active
A0000647,C000457,Savings,2021-04-16,Active
A0000648,C000458,Current,2024-06-01,Active
A0000649,C000459,Credit Card,2018-04-08,Active
A0000650,C000460,Savings,2020-09-24,Active
A0000651,C000460,Current,2020-09-24,Active
A0000652,C000461,Savings,2023-11-03,Active
A0000653,C000462,Current,2020-06-26,Active
A0000654,C000463,Current,2020-11-02,Dormant
A0000655,C000463,Savings,2020-11-02,Active
A0000656,C000464,Current,2022-08-02,Active
A0000657,C000464,Current,2022-08-02,Active
A0000658,C000465,Savings,2023-07-10,Active
A0000659,C000466,Current,2023-11-03,Active
A0000660,C000466,Credit Card,2023-11-03,Active
A0000661,C000467,Savings,2024-12-08,Active
A0000662,C000468,Current,2022-01-08,Active
A0000663,C000468,Current,2022-01-08,Active
A0000664,C000468,Current,2022-01-08,Active
A0000665,C000469,Current,2021-01-14,Active
A0000666,C000469,Current,2021-01-14,Active
A0000667,C000470,Savings,2019-04-21,Active
A0000668,C000470,Savings,2019-04-21,Active
A0000669,C000471,Savings,2021-11-25,Active
A0000670,C000471,Current,2021-11-25,Dormant
A0000671,C000472,Current,2023-06-25,Active
A0000672,C000473,Current,2019-05-12,Active
A0000673,C000473,Current,2019-05-12,Active
A0000674,C000474,Current,2020-08-30,Active
A0000675,C000475,Savings,2021-04-28,Active
A0000676,C000475,Current,2021-04-28,Active
A0000677,C000476,Current,2019-01-04,Active
A0000678,C000477,Savings,2024-09-21,Active
A0000679,C000478,Current,2020-07-13,Closed
A0000680,C000478,Current,2020-07-13,Active
A0000681,C000479,Current,2021-09-01,Active
A0000682,C000480,Current,2024-09-19,Active
A0000683,C000481,Current,2024-01-22,Active
A0000684,C000482,Current,2024-05-08,Active
A0000685,C000483,Savings,2022-09-21,Active
A0000686,C000483,Savings,2022-09-21,Active
A0000687,C000484,Current,2020-02-29,Active
A0000688,C000485,Current,2022-07-29,Active
A0000689,C000486,Current,2020-02-11,Active
A0000690,C000487,Savings,2019-07-18,Active
A0000691,C000488,Savings,2021-05-21,Dormant
A0000692,C000488,Savings,2021-05-21,Active
A0000693,C000489,Current,2021-02-13,Active
A0000694,C000489,Current,2021-02-13,Active
A0000695,C000490,Current,2021-08-24,Active
A0000696,C000490,Current,2021-08-24,Dormant
A0000697,C000490,Current,2021-08-24,Active
A0000698,C000491,Credit Card,2020-06-19,Closed
A0000699,C000491,Current,2020-06-19,Active
A0000700,C000492,Current,2021-07-14,Active
A0000701,C000493,Savings,2019-09-04,Active
A0000702,C000494,Credit Card,2021-08-22,Active
A0000703,C000495,Current,2023-03-16,Active
A0000704,C000496,Current,2023-04-11,Active
A0000705,C000496,Savings,2023-04-11,Active
A0000706,C000497,Credit Card,2019-02-08,Active
A0000707,C000498,Current,2020-10-29,Active
A0000708,C000499,Current,2019-07-05,Active
A0000709,C000500,Credit Card,2019-11-05,Active
A0000710,C000501,Savings,2018-10-07,Active
A0000711,C000501,Credit Card,2018-10-07,Active
A0000712,C000502,Current,2024-01-15,Active
A0000713,C000503,Current,2022-08-07,Active
A0000714,C000504,Current,2020-03-25,Active
A0000715,C000505,Credit Card,2024-05-13,Active
A0000716,C000506,Savings,2019-12-28,Active
A0000717,C000507,Current,2023-10-17,Active
A0000718,C000508,Current,2020-07-07,Active
A0000719,C000509,Current,2018-09-04,Active
A0000720,C000510,Current,2018-03-12,Active
A0000721,C000510,Savings,2018-03-12,Active
A0000722,C000511,Credit Card,2018-01-15,Active
A0000723,C000511,Current,2018-01-15,Active
A0000724,C000512,Savings,2019-08-23,Active
A0000725,C000513,Current,2019-06-25,Dormant
A0000726,C000514,Savings,2021-01-11,Active
A0000727,C000514,Savings,2021-01-11,Active
A0000728,C000515,Savings,2023-02-25,Dormant
A0000729,C000515,Current,2023-02-25,Active
A0000730,C000516,Savings,2020-09-01,Active
A0000731,C000517,Savings,2023-07-04,Active
A0000732,C000518,Savings,2021-01-23,Active
A0000733,C000519,Current,2023-09-24,Active
A0000734,C000520,Credit Card,2024-09-27,Active
A0000735,C000520,Savings,2024-09-27,Active
A0000736,C000521,Savings,2020-06-05,Active
A0000737,C000522,Credit Card,2020-05-03,Active
A0000738,C000523,Current,2022-12-04,Active
A0000739,C000524,Current,2020-05-31,Active
A0000740,C000524,Current,2020-05-31,Active
A0000741,C000524,Savings,2020-05-31,Active
A0000742,C000525,Savings,2018-08-08,Active
A0000743,C000526,Current,2021-05-01,Dormant
A0000744,C000526,Current,2021-05-01,Active
A0000745,C000527,Current,2021-11-18,Active
A0000746,C000528,Current,2021-05-08,Active
A0000747,C000529,Current,2022-02-10,Active
A0000748,C000530,Current,2024-05-23,Active
A0000749,C000530,Savings,2024-05-23,Active
A0000750,C000531,Savings,2022-10-13,Active
A0000751,C000532,Current,2024-11-09,Active
A0000752,C000533,Savings,2018-09-15,Active
A0000753,C000534,Current,2018-10-25,Active
A0000754,C000535,Credit Card,2024-11-25,Active
A0000755,C000535,Credit Card,2024-11-25,Active
A0000756,C000536,Savings,2024-10-24,Active
A0000757,C000537,Current,2019-08-11,Active
A0000758,C000537,Credit Card,2019-08-11,Active
A0000759,C000538,Savings,2021-05-27,Active
A0000760,C000539,Current,2021-01-10,Active
A0000761,C000539,Current,2021-01-10,Active
A0000762,C000539,Credit Card,2021-01-10,Active
A0000763,C000540,Current,2025-05-02,Active
A0000764,C000541,Savings,2022-04-30,Active
A0000765,C000542,Current,2018-11-28,Active
A0000766,C000542,Savings,2018-11-28,Active
A0000767,C000543,Current,2021-10-26,Active
A0000768,C000543,Savings,2021-10-26,Active
A0000769,C000544,Savings,2025-04-08,Active
A0000770,C000545,Current,2023-01-13,Active
A0000771,C000546,Credit Card,2022-03-06,Active
A0000772,C000547,Savings,2018-10-24,Active
A0000773,C000548,Savings,2022-09-20,Active
A0000774,C000549,Credit Card,2023-07-08,Active
A0000775,C000549,Current,2023-07-08,Active
A0000776,C000550,Savings,2019-01-09,Active
A0000777,C000551,Savings,2020-04-22,Active
A0000778,C000552,Credit Card,2022-06-05,Active
A0000779,C000552,Current,2022-06-05,Active
A0000780,C000553,Current,2020-04-25,Active
A0000781,C000554,Savings,2020-01-02,Active
A0000782,C000554,Current,2020-01-02,Active
A0000783,C000555,Current,2022-10-13,Active
A0000784,C000556,Current,2022-02-28,Active
A0000785,C000557,Current,2021-06-28,Active
A0000786,C000558,Current,2023-07-20,Active
A0000787,C000558,Current,2023-07-20,Active
A0000788,C000559,Savings,2019-09-12,Dormant
A0000789,C000559,Savings,2019-09-12,Active
A0000790,C000560,Current,2018-11-02,Closed
A0000791,C000561,Current,2018-01-15,Active
A0000792,C000562,Current,2021-11-10,Active
A0000793,C000563,Current,2019-10-23,Active
A0000794,C000563,Current,2019-10-23,Active
A0000795,C000564,Current,2025-07-22,Active
A0000796,C000565,Credit Card,2024-06-05,Active
A0000797,C000565,Current,2024-06-05,Active
A0000798,C000566,Savings,2018-08-02,Active
A0000799,C000567,Current,2020-05-25,Active
A0000800,C000567,Savings,2020-05-25,Active
A0000801,C000567,Current,2020-05-25,Active
A0000802,C000568,Credit Card,2020-12-09,Closed
A0000803,C000568,Current,2020-12-09,Active
A0000804,C000569,Current,2022-12-06,Active
A0000805,C000569,Savings,2022-12-06,Active
A0000806,C000570,Credit Card,2018-11-26,Active
A0000807,C000571,Credit Card,2023-09-19,Active
A0000808,C000572,Credit Card,2023-06-28,Active
A0000809,C000572,Savings,2023-06-28,Active
A0000810,C000573,Current,2023-02-24,Active
A0000811,C000574,Current,2022-03-04,Active
A0000812,C000575,Current,2021-12-30,Active
A0000813,C000575,Current,2021-12-30,Active
A0000814,C000576,Credit Card,2022-02-08,Active
A0000815,C000577,Savings,2022-04-03,Dormant
A0000816,C000578,Current,2021-08-26,Active
A0000817,C000579,Current,2022-03-19,Active
A0000818,C000580,Credit Card,2024-01-09,Active
A0000819,C000580,Current,2024-01-09,Active
A0000820,C000581,Savings,2022-04-22,Active
A0000821,C000582,Current,2018-09-19,Active
A0000822,C000583,Credit Card,2020-10-05,Active
A0000823,C000584,Current,2018-05-06,Active
A0000824,C000585,Savings,2019-04-12,Active
A0000825,C000586,Savings,2024-08-20,Active
A0000826,C000586,Credit Card,2024-08-20,Active
A0000827,C000586,Credit Card,2024-08-20,Active
A0000828,C000587,Savings,2025-01-30,Active
A0000829,C000587,Current,2025-01-30,Active
A0000830,C000588,Savings,2024-08-05,Active
A0000831,C000589,Current,2018-02-03,Active
A0000832,C000589,Savings,2018-02-03,Active
A0000833,C000590,Current,2020-06-08,Active
A0000834,C000591,Savings,2024-09-27,Active
A0000835,C000592,Current,2019-12-06,Active
A0000836,C000593,Current,2025-06-08,Active
A0000837,C000594,Savings,2025-07-02,Active
A0000838,C000595,Credit Card,2020-11-19,Active
A0000839,C000595,Current,2020-11-19,Active
A0000840,C000596,Current,2019-05-29,Active
A0000841,C000597,Current,2021-11-14,Active
A0000842,C000597,Current,2021-11-14,Active
A0000843,C000598,Current,2021-02-23,Active
A0000844,C000599,Savings,2021-04-25,Active
A0000845,C000600,Current,2018-03-17,Active
A0000846,C000600,Current,2018-03-17,Active
A0000847,C000601,Savings,2025-07-15,Active
A0000848,C000601,Savings,2025-07-15,Active
A0000849,C000602,Savings,2022-09-16,Active
A0000850,C000603,Current,2024-09-12,Active
A0000851,C000603,Current,2024-09-12,Active
A0000852,C000604,Savings,2018-09-07,Active
A0000853,C000604,Credit Card,2018-09-07,Active
A0000854,C000605,Current,2019-11-19,Active
A0000855,C000606,Current,2025-08-24,Active
A0000856,C000606,Current,2025-08-24,Active
A0000857,C000606,Current,2025-08-24,Active
A0000858,C000607,Current,2021-07-17,Dormant
A0000859,C000607,Current,2021-07-17,Active
A0000860,C000607,Credit Card,2021-07-17,Active
A0000861,C000608,Savings,2022-07-03,Active
A0000862,C000609,Savings,2019-10-20,Active
A0000863,C000609,Credit Card,2019-10-20,Active
A0000864,C000610,Credit Card,2021-06-25,Active
A0000865,C000611,Savings,2019-06-28,Active
A0000866,C000612,Current,2021-07-13,Active
A0000867,C000613,Current,2024-12-11,Active
A0000868,C000614,Current,2022-10-13,Active
A0000869,C000614,Current,2022-10-13,Dormant
A0000870,C000614,Savings,2022-10-13,Active
A0000871,C000615,Credit Card,2022-02-08,Active
A0000872,C000616,Savings,2019-05-01,Active
A0000873,C000617,Credit Card,2022-08-16,Active
A0000874,C000617,Savings,2022-08-16,Active
A0000875,C000618,Current,2020-01-10,Active
A0000876,C000619,Credit Card,2020-12-24,Active
A0000877,C000620,Savings,2022-06-14,Active
A0000878,C000621,Savings,2018-01-02,Active
A0000879,C000621,Savings,2018-01-02,Active
A0000880,C000621,Savings,2018-01-02,Active
A0000881,C000622,Credit Card,2024-12-30,Active
A0000882,C000623,Current,2024-03-26,Active
A0000883,C000624,Credit Card,2025-02-12,Active
A0000884,C000625,Current,2024-08-12,Active
A0000885,C000626,Savings,2023-03-10,Active
A0000886,C000627,Credit Card,2020-04-17,Active
A0000887,C000628,Current,2025-04-19,Closed
A0000888,C000629,Current,2025-02-22,Active
A0000889,C000630,Current,2022-09-19,Dormant
A0000890,C000631,Credit Card,2024-04-30,Closed
A0000891,C000632,Current,2019-10-23,Active
A0000892,C000633,Current,2025-03-20,Active
A0000893,C000634,Current,2024-03-14,Active
A0000894,C000635,Savings,2022-05-29,Dormant
A0000895,C000635,Credit Card,2022-05-29,Active
A0000896,C000636,Savings,2021-07-11,Active
A0000897,C000636,Savings,2021-07-11,Active
A0000898,C000637,Credit Card,2021-07-14,Active
A0000899,C000638,Savings,2023-02-02,Active
A0000900,C000639,Current,2023-09-01,Active
A0000901,C000640,Current,2023-10-29,Active
A0000902,C000640,Current,2023-10-29,Active
A0000903,C000640,Current,2023-10-29,Active
A0000904,C000641,Savings,2019-10-17,Active
A0000905,C000641,Current,2019-10-17,Active
A0000906,C000642,Current,2022-10-17,Active
A0000907,C000643,Current,2020-11-16,Closed
A0000908,C000643,Current,2020-11-16,Active
A0000909,C000644,Current,2019-08-29,Active
A0000910,C000645,Savings,2025-01-14,Active
A0000911,C000645,Savings,2025-01-14,Active
A0000912,C000645,Current,2025-01-14,Active
A0000913,C000646,Savings,2021-09-04,Active
A0000914,C000647,Savings,2021-04-01,Active
A0000915,C000648,Credit Card,2024-02-20,Active
A0000916,C000649,Current,2020-08-12,Active
A0000917,C000649,Current,2020-08-12,Active
A0000918,C000650,Savings,2019-07-07,Active
A0000919,C000651,Current,2025-08-22,Active
A0000920,C000651,Current,2025-08-22,Active
A0000921,C000652,Savings,2024-09-28,Active
A0000922,C000652,Current,2024-09-28,Active
A0000923,C000652,Credit Card,2024-09-28,Active
A0000924,C000653,Savings,2025-08-02,Active
A0000925,C000654,Current,2020-10-21,Active
A0000926,C000655,Credit Card,2019-11-11,Active
A0000927,C000656,Current,2024-05-04,Active
A0000928,C000657,Savings,2024-06-26,Active
A0000929,C000658,Current,2019-04-20,Active
A0000930,C000659,Current,2021-07-12,Active
A0000931,C000660,Current,2019-06-05,Active
A0000932,C000661,Current,2022-10-01,Active
A0000933,C000661,Current,2022-10-01,Active
A0000934,C000661,Current,2022-10-01,Active
A0000935,C000662,Current,2018-12-31,Active
A0000936,C000663,Current,2024-09-23,Active
A0000937,C000664,Current,2025-05-01,Dormant
A0000938,C000665,Current,2021-08-10,Active
A0000939,C000665,Current,2021-08-10,Active
A0000940,C000666,Savings,2021-11-24,Active
A0000941,C000666,Current,2021-11-24,Active
A0000942,C000667,Current,2022-09-26,Active
A0000943,C000668,Current,2025-05-09,Active
A0000944,C000669,Savings,2023-02-02,Active
A0000945,C000670,Savings,2023-07-26,Active
A0000946,C000671,Current,2020-10-24,Active
A0000947,C000672,Current,2019-08-15,Active
A0000948,C000672,Current,2019-08-15,Active
A0000949,C000673,Current,2018-02-07,Active
A0000950,C000673,Savings,2018-02-07,Active
A0000951,C000674,Savings,2019-05-14,Active
A0000952,C000675,Savings,2021-06-28,Closed
A0000953,C000676,Savings,2018-08-07,Active
A0000954,C000677,Current,2019-04-22,Active
A0000955,C000678,Current,2018-05-26,Active
A0000956,C000679,Credit Card,2021-01-28,Active
A0000957,C000679,Savings,2021-01-28,Active
A0000958,C000680,Current,2021-01-22,Active
A0000959,C000681,Current,2021-10-23,Dormant
A0000960,C000682,Savings,2020-08-26,Active
A0000961,C000683,Savings,2023-12-20,Dormant
A0000962,C000684,Current,2022-11-23,Active
A0000963,C000685,Current,2019-12-06,Dormant
A0000964,C000686,Current,2022-03-05,Dormant
A0000965,C000686,Current,2022-03-05,Active
A0000966,C000687,Savings,2021-04-18,Active
A0000967,C000687,Current,2021-04-18,Active
A0000968,C000688,Savings,2020-06-20,Active
A0000969,C000689,Current,2019-04-26,Active
A0000970,C000690,Current,2021-03-13,Active
A0000971,C000691,Savings,2019-05-31,Active
A0000972,C000691,Current,2019-05-31,Active
A0000973,C000692,Current,2021-05-10,Active
A0000974,C000693,Current,2022-11-11,Active
A0000975,C000694,Credit Card,2021-01-15,Active
A0000976,C000694,Current,2021-01-15,Active
A0000977,C000695,Credit Card,2022-04-04,Active
A0000978,C000696,Savings,2021-12-24,Active
A0000979,C000697,Credit Card,2018-01-27,Dormant
A0000980,C000697,Current,2018-01-27,Active
A0000981,C000697,Savings,2018-01-27,Active
A0000982,C000698,Current,2025-07-08,Active
A0000983,C000699,Savings,2022-02-05,Active
A0000984,C000700,Credit Card,2024-01-08,Active
A0000985,C000700,Current,2024-01-08,Active
A0000986,C000701,Current,2023-03-25,Active
A0000987,C000702,Savings,2019-10-04,Active
A0000988,C000703,Credit Card,2023-03-01,Active
A0000989,C000704,Current,2023-12-25,Active
A0000990,C000705,Current,2019-05-20,Active
A0000991,C000706,Savings,2018-12-14,Active
A0000992,C000707,Current,2025-03-30,Active
A0000993,C000708,Current,2022-10-08,Closed
A0000994,C000709,Current,2019-10-14,Active
A0000995,C000710,Current,2024-11-12,Active
A0000996,C000710,Savings,2024-11-12,Active
A0000997,C000711,Current,2018-12-18,Active
A0000998,C000711,Current,2018-12-18,Active
A0000999,C000712,Current,2023-05-29,Active
A0001000,C000712,Current,2023-05-29,Active
A0001001,C000713,Savings,2022-06-23,Active
A0001002,C000714,Current,2021-05-04,Active
A0001003,C000715,Current,2021-04-17,Closed
A0001004,C000716,Current,2021-09-19,Active
A0001005,C000717,Current,2021-12-21,Active
A0001006,C000717,Current,2021-12-21,Active
A0001007,C000718,Current,2022-02-21,Active
A0001008,C000718,Savings,2022-02-21,Active
A0001009,C000719,Credit Card,2024-04-03,Active
A0001010,C000720,Savings,2023-10-20,Active
A0001011,C000721,Current,2021-07-03,Active
A0001012,C000722,Current,2018-11-02,Active
A0001013,C000722,Current,2018-11-02,Active
A0001014,C000723,Current,2018-07-11,Active
A0001015,C000724,Current,2021-10-26,Active
A0001016,C000725,Current,2022-09-14,Active
A0001017,C000725,Current,2022-09-14,Active
A0001018,C000726,Current,2024-12-20,Active
A0001019,C000727,Current,2021-11-07,Active
A0001020,C000727,Current,2021-11-07,Active
A0001021,C000727,Savings,2021-11-07,Active
A0001022,C000728,Current,2021-03-04,Active
A0001023,C000729,Credit Card,2018-12-01,Active
A0001024,C000729,Credit Card,2018-12-01,Active
A0001025,C000729,Savings,2018-12-01,Active
A0001026,C000730,Savings,2022-10-18,Active
A0001027,C000731,Current,2024-07-17,Active
A0001028,C000731,Savings,2024-07-17,Active
A0001029,C000732,Credit Card,2023-01-15,Active
A0001030,C000732,Savings,2023-01-15,Active
A0001031,C000732,Credit Card,2023-01-15,Active
A0001032,C000733,Current,2022-06-25,Active
A0001033,C000734,Current,2021-05-12,Active
A0001034,C000735,Current,2021-07-31,Active
A0001035,C000736,Credit Card,2024-10-13,Active
A0001036,C000736,Credit Card,2024-10-13,Active
A0001037,C000736,Savings,2024-10-13,Dormant
A0001038,C000737,Current,2018-12-03,Active
A0001039,C000738,Current,2022-03-12,Active
A0001040,C000739,Credit Card,2023-12-20,Active
A0001041,C000740,Savings,2021-09-16,Active
A0001042,C000741,Savings,2018-02-13,Active
A0001043,C000742,Current,2019-04-22,Active
A0001044,C000743,Savings,2020-12-01,Active
A0001045,C000744,Current,2025-07-03,Active
A0001046,C000745,Current,2024-09-02,Active
A0001047,C000746,Current,2024-10-29,Active
A0001048,C000747,Current,2018-11-01,Active
A0001049,C000747,Current,2018-11-01,Active
A0001050,C000748,Credit Card,2020-05-16,Active
A0001051,C000749,Current,2018-05-08,Active
A0001052,C000750,Current,2021-07-25,Closed
A0001053,C000751,Current,2021-03-10,Active
A0001054,C000752,Current,2021-10-12,Active
A0001055,C000753,Current,2019-05-18,Closed
A0001056,C000754,Current,2022-08-07,Active
A0001057,C000755,Savings,2022-05-07,Active
A0001058,C000756,Current,2024-09-19,Active
A0001059,C000756,Current,2024-09-19,Active
A0001060,C000757,Current,2019-04-27,Active
A0001061,C000758,Credit Card,2023-08-15,Active
A0001062,C000759,Current,2021-09-30,Active
A0001063,C000760,Current,2023-10-26,Active
A0001064,C000761,Savings,2018-10-09,Active
A0001065,C000762,Savings,2025-06-20,Active
A0001066,C000763,Current,2024-01-05,Active
A0001067,C000764,Current,2022-01-11,Active
A0001068,C000765,Current,2022-12-27,Active
A0001069,C000766,Current,2023-03-11,Active
A0001070,C000766,Current,2023-03-11,Active
A0001071,C000767,Credit Card,2020-04-01,Active
A0001072,C000768,Current,2022-05-05,Active
A0001073,C000768,Current,2022-05-05,Active
A0001074,C000769,Savings,2020-02-27,Active
A0001075,C000770,Current,2021-01-08,Active
A0001076,C000771,Credit Card,2022-02-13,Active
A0001077,C000772,Savings,2023-07-28,Active
A0001078,C000773,Savings,2018-07-12,Active
A0001079,C000774,Current,2020-10-02,Active
A0001080,C000774,Current,2020-10-02,Active
A0001081,C000775,Current,2024-02-17,Active
A0001082,C000776,Current,2020-06-18,Active
A0001083,C000777,Savings,2024-03-25,Active
A0001084,C000778,Current,2022-08-18,Active
A0001085,C000778,Credit Card,2022-08-18,Active
A0001086,C000778,Current,2022-08-18,Active
A0001087,C000779,Current,2023-01-26,Closed
A0001088,C000780,Current,2019-01-28,Active
A0001089,C000781,Savings,2023-04-26,Active
A0001090,C000781,Savings,2023-04-26,Active
A0001091,C000782,Current,2024-06-06,Dormant
A0001092,C000782,Current,2024-06-06,Active
A0001093,C000782,Current,2024-06-06,Active
A0001094,C000783,Current,2019-12-04,Active
A0001095,C000784,Current,2020-02-21,Active
A0001096,C000785,Savings,2022-10-31,Active
A0001097,C000785,Current,2022-10-31,Active
A0001098,C000786,Credit Card,2020-01-02,Active
A0001099,C000786,Current,2020-01-02,Active
A0001100,C000787,Credit Card,2021-05-13,Active
A0001101,C000788,Current,2018-02-20,Active
A0001102,C000788,Current,2018-02-20,Active
A0001103,C000789,Savings,2021-05-06,Active
A0001104,C000789,Current,2021-05-06,Active
A0001105,C000790,Savings,2024-11-08,Active
A0001106,C000791,Savings,2025-01-10,Active
A0001107,C000792,Current,2024-04-21,Active
A0001108,C000793,Current,2021-08-09,Active
A0001109,C000794,Current,2019-11-27,Active
A0001110,C000795,Current,2022-12-19,Active
A0001111,C000795,Savings,2022-12-19,Active
A0001112,C000795,Current,2022-12-19,Active
A0001113,C000796,Current,2020-05-24,Active
A0001114,C000797,Current,2019-10-03,Active
A0001115,C000798,Current,2022-09-26,Active
A0001116,C000799,Savings,2022-07-31,Active
A0001117,C000800,Savings,2024-09-11,Active
A0001118,C000800,Current,2024-09-11,Active
A0001119,C000801,Current,2023-05-16,Active
A0001120,C000802,Current,2019-09-27,Active
A0001121,C000802,Current,2019-09-27,Active
A0001122,C000803,Savings,2024-03-15,Active
A0001123,C000804,Savings,2021-12-21,Active
A0001124,C000804,Credit Card,2021-12-21,Active
A0001125,C000804,Credit Card,2021-12-21,Active
A0001126,C000805,Current,2023-02-03,Active
A0001127,C000806,Credit Card,2018-06-09,Active
A0001128,C000807,Current,2018-02-24,Active
A0001129,C000808,Savings,2021-09-26,Active
A0001130,C000809,Savings,2022-01-22,Active
A0001131,C000809,Savings,2022-01-22,Active
A0001132,C000810,Current,2024-12-20,Active
A0001133,C000811,Savings,2020-10-14,Active
A0001134,C000811,Current,2020-10-14,Active
A0001135,C000811,Savings,2020-10-14,Active
A0001136,C000812,Savings,2019-06-04,Active
A0001137,C000813,Current,2023-08-18,Active
A0001138,C000814,Current,2022-04-27,Closed
A0001139,C000815,Current,2020-07-06,Active
A0001140,C000816,Savings,2021-04-27,Active
A0001141,C000817,Savings,2022-10-03,Active
A0001142,C000818,Savings,2022-11-16,Active
A0001143,C000818,Savings,2022-11-16,Active
A0001144,C000818,Current,2022-11-16,Active
A0001145,C000819,Current,2022-03-29,Active
A0001146,C000819,Credit Card,2022-03-29,Active
A0001147,C000820,Savings,2021-10-02,Active
A0001148,C000821,Current,2021-08-31,Active
A0001149,C000821,Current,2021-08-31,Active
A0001150,C000822,Current,2025-01-20,Active
A0001151,C000823,Savings,2021-05-31,Active
A0001152,C000824,Current,2018-10-25,Active
A0001153,C000825,Current,2024-08-25,Active
A0001154,C000826,Savings,2019-10-31,Active
A0001155,C000826,Savings,2019-10-31,Active
A0001156,C000827,Savings,2021-10-23,Active
A0001157,C000827,Savings,2021-10-23,Active
A0001158,C000828,Current,2019-07-25,Active
A0001159,C000829,Savings,2022-05-20,Active
A0001160,C000830,Current,2019-07-15,Active
A0001161,C000831,Current,2018-04-14,Active
A0001162,C000832,Savings,2020-01-03,Active
A0001163,C000833,Current,2022-11-16,Active
A0001164,C000834,Current,2024-02-26,Active
A0001165,C000835,Current,2022-03-14,Active
A0001166,C000836,Savings,2021-10-02,Active
A0001167,C000837,Current,2020-04-04,Active
A0001168,C000838,Savings,2021-10-06,Active
A0001169,C000838,Savings,2021-10-06,Active
A0001170,C000839,Current,2022-12-18,Closed
A0001171,C000840,Current,2021-09-05,Active
A0001172,C000841,Current,2019-02-14,Active
A0001173,C000842,Current,2022-07-17,Dormant
A0001174,C000843,Savings,2021-03-20,Dormant
A0001175,C000844,Current,2022-12-30,Active
A0001176,C000845,Savings,2019-03-28,Active
A0001177,C000845,Current,2019-03-28,Active
A0001178,C000845,Current,2019-03-28,Active
A0001179,C000846,Savings,2024-11-10,Active
A0001180,C000846,Savings,2024-11-10,Active
A0001181,C000846,Current,2024-11-10,Active
A0001182,C000847,Savings,2022-01-14,Active
A0001183,C000848,Current,2024-02-10,Active
A0001184,C000848,Savings,2024-02-10,Active
A0001185,C000848,Current,2024-02-10,Active
A0001186,C000849,Current,2021-05-24,Active
A0001187,C000850,Current,2018-06-17,Active
A0001188,C000851,Credit Card,2021-09-23,Active
A0001189,C000851,Current,2021-09-23,Active
A0001190,C000852,Current,2019-12-25,Active
A0001191,C000853,Credit Card,2024-11-14,Active
A0001192,C000854,Current,2023-10-05,Active
A0001193,C000854,Savings,2023-10-05,Active
A0001194,C000855,Current,2021-10-27,Closed
A0001195,C000856,Current,2024-02-26,Active
A0001196,C000857,Savings,2023-05-07,Active
A0001197,C000858,Current,2018-07-04,Active
A0001198,C000859,Current,2020-10-30,Closed
A0001199,C000860,Current,2021-09-02,Active
A0001200,C000861,Current,2023-09-12,Active
A0001201,C000862,Current,2025-07-19,Active
A0001202,C000863,Current,2018-12-06,Active
A0001203,C000864,Credit Card,2018-01-17,Active
A0001204,C000864,Savings,2018-01-17,Active
A0001205,C000865,Credit Card,2021-07-31,Active
A0001206,C000866,Current,2025-03-05,Active
A0001207,C000866,Current,2025-03-05,Active
A0001208,C000867,Savings,2018-09-15,Active
A0001209,C000867,Credit Card,2018-09-15,Active
A0001210,C000867,Current,2018-09-15,Active
A0001211,C000868,Current,2022-07-01,Active
A0001212,C000868,Current,2022-07-01,Closed
A0001213,C000869,Current,2020-03-26,Active
A0001214,C000870,Current,2022-12-03,Active
A0001215,C000871,Savings,2018-06-07,Active
A0001216,C000872,Current,2021-10-30,Active
A0001217,C000873,Savings,2019-10-25,Active
A0001218,C000874,Savings,2024-04-08,Active
A0001219,C000875,Current,2019-03-01,Active
A0001220,C000875,Current,2019-03-01,Active
A0001221,C000876,Credit Card,2022-07-15,Active
A0001222,C000877,Current,2021-09-27,Active
A0001223,C000877,Savings,2021-09-27,Active
A0001224,C000878,Credit Card,2018-11-03,Closed
A0001225,C000878,Current,2018-11-03,Active
A0001226,C000878,Current,2018-11-03,Active
A0001227,C000879,Current,2019-07-05,Active
A0001228,C000880,Current,2020-09-01,Active
A0001229,C000881,Current,2019-09-01,Active
A0001230,C000882,Savings,2024-09-23,Active
A0001231,C000882,Current,2024-09-23,Active
A0001232,C000883,Current,2019-09-20,Active
A0001233,C000883,Current,2019-09-20,Closed
A0001234,C000884,Credit Card,2019-09-27,Active
A0001235,C000884,Credit Card,2019-09-27,Active
A0001236,C000885,Current,2020-07-25,Dormant
A0001237,C000885,Current,2020-07-25,Active
A0001238,C000886,Current,2023-10-18,Active
A0001239,C000887,Current,2023-07-31,Active
A0001240,C000888,Credit Card,2022-09-03,Active
A0001241,C000889,Current,2020-03-16,Active
A0001242,C000889,Savings,2020-03-16,Active
A0001243,C000889,Current,2020-03-16,Active
A0001244,C000890,Credit Card,2023-11-09,Active
A0001245,C000891,Current,2024-11-26,Active
A0001246,C000891,Savings,2024-11-26,Active
A0001247,C000891,Savings,2024-11-26,Closed
A0001248,C000892,Savings,2021-03-21,Active
A0001249,C000892,Current,2021-03-21,Active
A0001250,C000892,Current,2021-03-21,Active
A0001251,C000893,Savings,2018-06-06,Active
A0001252,C000894,Credit Card,2018-01-07,Active
A0001253,C000895,Current,2019-02-06,Active
A0001254,C000896,Credit Card,2022-02-27,Active
A0001255,C000896,Current,2022-02-27,Active
A0001256,C000897,Current,2024-03-12,Active
A0001257,C000897,Savings,2024-03-12,Active
A0001258,C000897,Savings,2024-03-12,Active
A0001259,C000898,Current,2019-03-30,Active
A0001260,C000899,Credit Card,2021-05-05,Dormant
A0001261,C000900,Current,2023-04-04,Active
A0001262,C000901,Savings,2020-10-03,Dormant
A0001263,C000901,Current,2020-10-03,Active
A0001264,C000902,Current,2019-09-07,Active
A0001265,C000902,Current,2019-09-07,Active
A0001266,C000903,Savings,2021-02-11,Active
A0001267,C000904,Current,2021-10-29,Active
A0001268,C000905,Current,2020-01-31,Active
A0001269,C000905,Current,2020-01-31,Active
A0001270,C000906,Savings,2023-05-09,Active
A0001271,C000907,Current,2024-11-09,Active
A0001272,C000907,Savings,2024-11-09,Active
A0001273,C000907,Savings,2024-11-09,Active
A0001274,C000908,Savings,2018-01-09,Active
A0001275,C000908,Credit Card,2018-01-09,Active
A0001276,C000908,Savings,2018-01-09,Active
A0001277,C000909,Credit Card,2024-11-11,Active
A0001278,C000910,Credit Card,2023-02-21,Active
A0001279,C000910,Current,2023-02-21,Active
A0001280,C000911,Current,2022-04-21,Active
A0001281,C000912,Savings,2021-11-15,Active
A0001282,C000913,Current,2022-02-18,Active
A0001283,C000914,Savings,2022-06-04,Active
A0001284,C000914,Credit Card,2022-06-04,Closed
A0001285,C000915,Current,2021-08-11,Active
A0001286,C000916,Current,2021-02-17,Active
A0001287,C000916,Current,2021-02-17,Active
A0001288,C000917,Savings,2022-02-28,Active
A0001289,C000918,Savings,2019-11-04,Active
A0001290,C000918,Current,2019-11-04,Active
A0001291,C000918,Current,2019-11-04,Active
A0001292,C000919,Credit Card,2022-06-17,Active
A0001293,C000920,Current,2023-01-23,Active
A0001294,C000921,Savings,2021-02-01,Active
A0001295,C000922,Savings,2023-10-26,Active
A0001296,C000922,Current,2023-10-26,Active
A0001297,C000923,Savings,2024-07-26,Active
A0001298,C000924,Current,2021-01-18,Active
A0001299,C000925,Savings,2021-06-13,Active
A0001300,C000926,Current,2021-11-28,Active
A0001301,C000927,Current,2021-12-07,Active
A0001302,C000928,Credit Card,2018-07-01,Active
A0001303,C000928,Credit Card,2018-07-01,Active
A0001304,C000929,Current,2023-01-22,Closed
A0001305,C000930,Savings,2025-02-27,Active
A0001306,C000930,Current,2025-02-27,Active
A0001307,C000931,Current,2018-07-14,Active
A0001308,C000931,Current,2018-07-14,Dormant
A0001309,C000932,Current,2023-05-18,Active
A0001310,C000933,Savings,2023-09-10,Active
A0001311,C000933,Current,2023-09-10,Active
A0001312,C000934,Savings,2023-05-10,Active
A0001313,C000935,Savings,2022-07-08,Active
A0001314,C000935,Current,2022-07-08,Active
A0001315,C000936,Current,2019-01-02,Closed
A0001316,C000937,Current,2025-08-07,Dormant
A0001317,C000937,Current,2025-08-07,Closed
A0001318,C000938,Current,2024-12-21,Active
A0001319,C000939,Current,2025-07-20,Active
A0001320,C000940,Savings,2022-10-15,Active
A0001321,C000941,Current,2022-06-04,Active
A0001322,C000942,Savings,2019-10-27,Active
A0001323,C000942,Current,2019-10-27,Active
A0001324,C000943,Savings,2020-02-11,Active
A0001325,C000944,Current,2020-04-20,Active
A0001326,C000945,Savings,2018-05-11,Active
A0001327,C000946,Credit Card,2019-10-14,Active
A0001328,C000947,Current,2018-02-07,Active
A0001329,C000948,Current,2024-03-05,Active
A0001330,C000949,Savings,2022-12-25,Dormant
A0001331,C000950,Current,2025-07-29,Active
A0001332,C000951,Current,2023-12-13,Dormant
A0001333,C000952,Credit Card,2023-10-15,Active
A0001334,C000952,Savings,2023-10-15,Active
A0001335,C000953,Current,2018-09-17,Active
A0001336,C000953,Current,2018-09-17,Active
A0001337,C000953,Current,2018-09-17,Active
A0001338,C000954,Savings,2018-01-30,Active
A0001339,C000955,Savings,2018-02-10,Active
A0001340,C000955,Current,2018-02-10,Active
A0001341,C000956,Current,2019-12-07,Active
A0001342,C000957,Savings,2018-10-25,Active
A0001343,C000958,Savings,2022-03-16,Active
A0001344,C000959,Current,2018-06-26,Active
A0001345,C000960,Current,2024-12-22,Dormant
A0001346,C000961,Current,2024-03-25,Active
A0001347,C000962,Savings,2023-03-12,Active
A0001348,C000963,Credit Card,2019-02-17,Active
A0001349,C000963,Savings,2019-02-17,Active
A0001350,C000964,Current,2020-08-26,Active
A0001351,C000964,Current,2020-08-26,Active
A0001352,C000965,Current,2019-09-13,Active
A0001353,C000966,Current,2018-05-08,Active
A0001354,C000966,Credit Card,2018-05-08,Dormant
A0001355,C000966,Savings,2018-05-08,Active
A0001356,C000967,Credit Card,2019-06-25,Active
A0001357,C000968,Current,2023-11-09,Active
A0001358,C000968,Savings,2023-11-09,Active
A0001359,C000969,Savings,2018-06-23,Active
A0001360,C000970,Current,2023-09-12,Active
A0001361,C000971,Current,2025-02-15,Active
A0001362,C000971,Current,2025-02-15,Active
A0001363,C000971,Savings,2025-02-15,Closed
A0001364,C000972,Current,2024-08-06,Active
A0001365,C000972,Savings,2024-08-06,Active
A0001366,C000973,Current,2022-11-11,Active
A0001367,C000974,Savings,2024-08-18,Dormant
A0001368,C000975,Savings,2023-04-22,Active
A0001369,C000976,Savings,2025-03-13,Active
A0001370,C000976,Current,2025-03-13,Active
A0001371,C000977,Savings,2020-08-07,Dormant
A0001372,C000978,Savings,2025-06-13,Active
A0001373,C000979,Current,2025-06-19,Active
A0001374,C000980,Current,2024-05-15,Active
A0001375,C000980,Savings,2024-05-15,Active
A0001376,C000981,Current,2023-08-11,Active
A0001377,C000982,Current,2018-10-24,Active
A0001378,C000982,Current,2018-10-24,Active
A0001379,C000982,Current,2018-10-24,Active
A0001380,C000983,Current,2020-12-22,Active
A0001381,C000984,Current,2024-02-25,Active
A0001382,C000984,Current,2024-02-25,Active
A0001383,C000985,Savings,2019-03-01,Active
A0001384,C000986,Credit Card,2020-10-19,Active
A0001385,C000987,Current,2022-04-02,Dormant
A0001386,C000988,Current,2021-02-02,Dormant
A0001387,C000988,Current,2021-02-02,Active
A0001388,C000989,Current,2023-02-02,Active
A0001389,C000989,Savings,2023-02-02,Active
A0001390,C000990,Current,2024-01-26,Active
A0001391,C000991,Credit Card,2024-10-20,Active
A0001392,C000992,Current,2021-08-07,Active
A0001393,C000993,Current,2022-06-24,Active
A0001394,C000993,Current,2022-06-24,Active
A0001395,C000993,Credit Card,2022-06-24,Active
A0001396,C000994,Credit Card,2023-10-08,Active
A0001397,C000995,Current,2022-12-05,Active
A0001398,C000996,Credit Card,2019-07-14,Active
A0001399,C000996,Current,2019-07-14,Active
A0001400,C000996,Current,2019-07-14,Active
A0001401,C000997,Savings,2024-07-24,Active
A0001402,C000998,Current,2021-12-28,Active
A0001403,C000999,Current,2020-12-29,Active
A0001404,C001000,Current,2020-06-29,Dormant
A0001405,C001001,Current,2021-04-17,Active
A0001406,C001002,Current,2025-03-27,Active
A0001407,C001002,Current,2025-03-27,Dormant
A0001408,C001003,Savings,2023-06-23,Active
A0001409,C001003,Current,2023-06-23,Active
A0001410,C001004,Current,2022-09-02,Active
A0001411,C001005,Current,2022-04-15,Active
A0001412,C001005,Savings,2022-04-15,Active
A0001413,C001005,Current,2022-04-15,Active
A0001414,C001006,Savings,2022-06-16,Active
A0001415,C001006,Savings,2022-06-16,Active
A0001416,C001006,Current,2022-06-16,Active
A0001417,C001007,Savings,2022-06-16,Active
A0001418,C001008,Credit Card,2020-05-19,Active
A0001419,C001009,Current,2022-07-06,Active
A0001420,C001010,Savings,2020-06-24,Active
A0001421,C001011,Savings,2025-07-17,Active
A0001422,C001011,Credit Card,2025-07-17,Active
A0001423,C001012,Current,2018-03-06,Active
A0001424,C001012,Savings,2018-03-06,Active
A0001425,C001013,Current,2024-10-04,Active
A0001426,C001013,Current,2024-10-04,Active
A0001427,C001014,Current,2022-01-17,Active
A0001428,C001014,Current,2022-01-17,Active
A0001429,C001014,Credit Card,2022-01-17,Active
A0001430,C001015,Savings,2022-10-21,Active
A0001431,C001015,Savings,2022-10-21,Active
A0001432,C001016,Credit Card,2021-11-08,Active
A0001433,C001016,Current,2021-11-08,Active
A0001434,C001017,Savings,2024-04-23,Active
A0001435,C001017,Current,2024-04-23,Closed
A0001436,C001018,Savings,2022-02-03,Active
A0001437,C001019,Current,2022-01-12,Active
A0001438,C001020,Current,2020-11-08,Active
A0001439,C001021,Current,2021-09-17,Active
A0001440,C001021,Current,2021-09-17,Active
A0001441,C001022,Current,2020-04-05,Active
A0001442,C001023,Savings,2024-06-30,Active
A0001443,C001024,Savings,2018-09-03,Active
A0001444,C001025,Current,2019-12-02,Active
A0001445,C001026,Current,2022-04-14,Active
A0001446,C001027,Current,2024-01-15,Active
A0001447,C001027,Current,2024-01-15,Active
A0001448,C001028,Current,2025-06-10,Dormant
A0001449,C001028,Current,2025-06-10,Dormant
A0001450,C001029,Credit Card,2021-01-21,Active
A0001451,C001030,Current,2018-12-10,Active
A0001452,C001031,Current,2019-03-14,Active
A0001453,C001032,Current,2018-09-04,Active
A0001454,C001032,Savings,2018-09-04,Active
A0001455,C001032,Savings,2018-09-04,Active
A0001456,C001033,Current,2021-10-15,Active
A0001457,C001034,Savings,2020-09-06,Active
A0001458,C001035,Savings,2019-04-11,Active
A0001459,C001036,Savings,2021-02-27,Active
A0001460,C001036,Savings,2021-02-27,Active
A0001461,C001037,Savings,2021-08-16,Active
A0001462,C001038,Savings,2020-02-24,Active
A0001463,C001039,Current,2022-01-26,Active
A0001464,C001040,Current,2019-03-27,Active
A0001465,C001040,Credit Card,2019-03-27,Active
A0001466,C001041,Current,2019-04-27,Active
A0001467,C001042,Current,2018-01-03,Active
A0001468,C001043,Savings,2021-05-16,Active
A0001469,C001043,Current,2021-05-16,Active
A0001470,C001043,Savings,2021-05-16,Active
A0001471,C001044,Savings,2023-02-13,Active
A0001472,C001045,Current,2023-09-14,Active
A0001473,C001046,Savings,2025-04-20,Active
A0001474,C001046,Current,2025-04-20,Active
A0001475,C001047,Credit Card,2019-04-16,Active
A0001476,C001048,Savings,2018-11-08,Dormant
A0001477,C001049,Current,2018-08-26,Active
A0001478,C001050,Current,2022-04-07,Active
A0001479,C001050,Current,2022-04-07,Active
A0001480,C001050,Savings,2022-04-07,Active
A0001481,C001051,Current,2022-09-10,Active
A0001482,C001052,Current,2019-02-11,Active
A0001483,C001052,Current,2019-02-11,Active
A0001484,C001053,Credit Card,2018-07-26,Active
A0001485,C001054,Savings,2020-10-16,Active
A0001486,C001055,Savings,2020-11-09,Active
A0001487,C001056,Current,2019-04-23,Active
A0001488,C001057,Current,2021-04-30,Active
A0001489,C001058,Savings,2022-04-23,Active
A0001490,C001059,Current,2019-06-12,Active
A0001491,C001059,Current,2019-06-12,Active
A0001492,C001060,Current,2022-12-03,Active
A0001493,C001060,Current,2022-12-03,Active
A0001494,C001060,Current,2022-12-03,Active
A0001495,C001061,Savings,2022-01-20,Active
A0001496,C001062,Current,2024-01-25,Active
A0001497,C001063,Credit Card,2022-06-29,Active
A0001498,C001064,Credit Card,2020-05-02,Active
A0001499,C001065,Savings,2021-11-06,Active
A0001500,C001066,Savings,2018-05-08,Active
A0001501,C001067,Current,2018-02-15,Active
A0001502,C001067,Current,2018-02-15,Active
A0001503,C001068,Credit Card,2021-05-21,Closed
A0001504,C001068,Current,2021-05-21,Active
A0001505,C001069,Credit Card,2019-07-04,Closed
A0001506,C001070,Savings,2019-11-07,Active
A0001507,C001071,Savings,2020-12-16,Active
A0001508,C001071,Current,2020-12-16,Active
A0001509,C001072,Savings,2018-11-04,Active
A0001510,C001073,Current,2020-06-20,Active
A0001511,C001074,Savings,2019-07-10,Active
A0001512,C001075,Current,2019-04-03,Active
A0001513,C001076,Current,2019-08-21,Active
A0001514,C001076,Savings,2019-08-21,Dormant
A0001515,C001076,Current,2019-08-21,Active
A0001516,C001077,Current,2018-03-28,Active
A0001517,C001077,Savings,2018-03-28,Active
A0001518,C001078,Savings,2023-11-20,Active
A0001519,C001078,Current,2023-11-20,Active
A0001520,C001079,Savings,2020-03-17,Closed
A0001521,C001079,Current,2020-03-17,Active
A0001522,C001080,Current,2025-01-23,Active
A0001523,C001080,Current,2025-01-23,Dormant
A0001524,C001081,Current,2020-04-02,Active
A0001525,C001081,Savings,2020-04-02,Active
A0001526,C001082,Current,2024-05-03,Active
A0001527,C001083,Savings,2022-07-31,Active
A0001528,C001084,Current,2025-04-07,Active
A0001529,C001085,Current,2019-07-28,Active
A0001530,C001086,Savings,2020-01-14,Active
A0001531,C001087,Credit Card,2020-10-16,Active
A0001532,C001088,Savings,2025-01-30,Active
A0001533,C001089,Current,2024-10-08,Active
A0001534,C001090,Current,2024-05-17,Active
A0001535,C001091,Current,2020-05-11,Dormant
A0001536,C001092,Savings,2021-04-15,Active
A0001537,C001093,Current,2024-01-09,Active
A0001538,C001094,Current,2024-09-12,Active
A0001539,C001095,Current,2018-01-19,Active
A0001540,C001096,Savings,2021-07-15,Active
A0001541,C001097,Current,2023-05-27,Active
A0001542,C001097,Credit Card,2023-05-27,Active
A0001543,C001097,Savings,2023-05-27,Active
A0001544,C001098,Current,2019-07-13,Dormant
A0001545,C001098,Current,2019-07-13,Active
A0001546,C001099,Current,2025-04-03,Active
A0001547,C001100,Savings,2020-12-09,Active
A0001548,C001101,Savings,2018-03-25,Active
A0001549,C001101,Current,2018-03-25,Active
A0001550,C001102,Current,2024-09-02,Active
A0001551,C001102,Savings,2024-09-02,Active
A0001552,C001102,Current,2024-09-02,Active
A0001553,C001103,Savings,2019-04-16,Active
A0001554,C001104,Credit Card,2019-08-26,Active
A0001555,C001105,Credit Card,2025-01-18,Active
A0001556,C001106,Credit Card,2018-08-28,Active
A0001557,C001107,Current,2023-04-07,Active
A0001558,C001108,Current,2021-06-30,Active
A0001559,C001108,Current,2021-06-30,Active
A0001560,C001109,Savings,2019-09-02,Active
A0001561,C001110,Credit Card,2020-02-08,Active
A0001562,C001110,Savings,2020-02-08,Active
A0001563,C001111,Current,2022-11-27,Active
A0001564,C001112,Credit Card,2020-01-17,Active
A0001565,C001112,Credit Card,2020-01-17,Active
A0001566,C001112,Current,2020-01-17,Closed
A0001567,C001113,Current,2021-07-29,Closed
A0001568,C001113,Current,2021-07-29,Closed
A0001569,C001114,Savings,2018-04-18,Active
A0001570,C001115,Savings,2025-05-31,Active
A0001571,C001116,Current,2024-05-07,Active
A0001572,C001117,Current,2022-02-06,Dormant
A0001573,C001118,Current,2019-09-25,Active
A0001574,C001118,Current,2019-09-25,Active
A0001575,C001119,Current,2020-04-24,Active
A0001576,C001120,Current,2018-07-31,Active
A0001577,C001120,Credit Card,2018-07-31,Dormant
A0001578,C001121,Savings,2022-04-17,Active
A0001579,C001122,Savings,2023-05-07,Active
A0001580,C001122,Credit Card,2023-05-07,Active
A0001581,C001123,Savings,2022-07-06,Active
A0001582,C001124,Savings,2019-09-15,Active
A0001583,C001124,Current,2019-09-15,Active
A0001584,C001125,Credit Card,2020-02-27,Active
A0001585,C001126,Savings,2021-11-24,Active
A0001586,C001127,Current,2021-09-06,Dormant
A0001587,C001127,Savings,2021-09-06,Active
A0001588,C001128,Current,2021-12-14,Active
A0001589,C001129,Current,2022-05-07,Active
A0001590,C001130,Savings,2019-04-07,Active
A0001591,C001131,Savings,2020-08-15,Active
A0001592,C001131,Savings,2020-08-15,Active
A0001593,C001132,Current,2024-05-07,Active
A0001594,C001133,Credit Card,2019-09-20,Active
A0001595,C001134,Savings,2023-12-17,Active
A0001596,C001134,Savings,2023-12-17,Active
A0001597,C001135,Current,2025-06-20,Active
A0001598,C001136,Current,2019-10-08,Active
A0001599,C001136,Current,2019-10-08,Active
A0001600,C001137,Savings,2024-03-30,Active
A0001601,C001137,Current,2024-03-30,Active
A0001602,C001138,Current,2023-06-12,Active
A0001603,C001139,Current,2025-04-04,Active
A0001604,C001140,Current,2019-08-27,Active
A0001605,C001141,Current,2018-09-27,Closed
A0001606,C001141,Savings,2018-09-27,Active
A0001607,C001142,Current,2024-04-22,Active
A0001608,C001143,Savings,2020-02-27,Active
A0001609,C001144,Savings,2021-11-20,Closed
A0001610,C001145,Credit Card,2018-10-14,Dormant
A0001611,C001146,Current,2018-06-07,Active
A0001612,C001146,Savings,2018-06-07,Active
A0001613,C001147,Credit Card,2022-02-25,Active
A0001614,C001147,Current,2022-02-25,Active
A0001615,C001147,Credit Card,2022-02-25,Active
A0001616,C001148,Current,2023-04-20,Active
A0001617,C001148,Savings,2023-04-20,Active
A0001618,C001149,Current,2022-12-16,Active
A0001619,C001149,Current,2022-12-16,Dormant
A0001620,C001150,Current,2023-06-11,Active
A0001621,C001151,Current,2023-08-06,Active
A0001622,C001151,Current,2023-08-06,Active
A0001623,C001152,Savings,2019-05-22,Active
A0001624,C001153,Current,2021-08-16,Active
A0001625,C001154,Credit Card,2022-07-21,Active
A0001626,C001154,Current,2022-07-21,Active
A0001627,C001155,Savings,2020-09-15,Active
A0001628,C001155,Current,2020-09-15,Active
A0001629,C001156,Current,2023-08-03,Active
A0001630,C001157,Savings,2020-08-16,Active
A0001631,C001158,Savings,2023-10-06,Dormant
A0001632,C001158,Credit Card,2023-10-06,Active
A0001633,C001159,Current,2025-08-03,Active
A0001634,C001160,Savings,2018-08-06,Active
A0001635,C001161,Current,2024-06-23,Active
A0001636,C001162,Credit Card,2021-03-18,Active
A0001637,C001162,Current,2021-03-18,Active
A0001638,C001163,Savings,2019-04-25,Active
A0001639,C001164,Credit Card,2022-12-15,Active
A0001640,C001164,Current,2022-12-15,Active
A0001641,C001165,Current,2018-08-22,Active
A0001642,C001165,Current,2018-08-22,Active
A0001643,C001166,Current,2021-12-17,Active
A0001644,C001166,Credit Card,2021-12-17,Active
A0001645,C001167,Current,2023-04-20,Active
A0001646,C001168,Savings,2018-09-04,Active
A0001647,C001169,Credit Card,2019-12-22,Active
A0001648,C001169,Savings,2019-12-22,Active
A0001649,C001170,Credit Card,2020-09-26,Active
A0001650,C001171,Current,2019-03-10,Active
A0001651,C001171,Current,2019-03-10,Active
A0001652,C001172,Savings,2022-08-02,Active
A0001653,C001173,Savings,2022-06-01,Active
A0001654,C001174,Savings,2023-09-12,Active
A0001655,C001174,Savings,2023-09-12,Active
A0001656,C001175,Current,2022-10-10,Active
A0001657,C001175,Current,2022-10-10,Active
A0001658,C001176,Savings,2024-01-12,Active
A0001659,C001177,Current,2021-10-30,Active
A0001660,C001177,Current,2021-10-30,Active
A0001661,C001177,Savings,2021-10-30,Active
A0001662,C001178,Current,2023-12-01,Active
A0001663,C001178,Current,2023-12-01,Active
A0001664,C001179,Current,2019-03-14,Dormant
A0001665,C001180,Current,2023-06-20,Active
A0001666,C001181,Current,2024-02-26,Active
A0001667,C001182,Savings,2023-03-18,Active
A0001668,C001183,Savings,2023-05-29,Active
A0001669,C001183,Current,2023-05-29,Active
A0001670,C001184,Credit Card,2025-03-20,Active
A0001671,C001185,Savings,2023-06-30,Active
A0001672,C001186,Current,2024-12-01,Active
A0001673,C001187,Current,2019-04-25,Active
A0001674,C001188,Savings,2019-05-21,Active
A0001675,C001189,Credit Card,2018-02-08,Active
A0001676,C001189,Current,2018-02-08,Active
A0001677,C001190,Current,2018-08-12,Active
A0001678,C001191,Current,2023-02-24,Active
A0001679,C001192,Current,2019-01-16,Active
A0001680,C001193,Savings,2020-06-05,Active
A0001681,C001194,Current,2023-04-27,Dormant
A0001682,C001195,Savings,2020-11-02,Active
A0001683,C001196,Current,2021-03-18,Active
A0001684,C001196,Savings,2021-03-18,Active
A0001685,C001196,Savings,2021-03-18,Active
A0001686,C001197,Current,2019-06-30,Active
A0001687,C001198,Savings,2020-10-22,Active
A0001688,C001198,Savings,2020-10-22,Active
A0001689,C001199,Savings,2020-11-11,Active
A0001690,C001200,Current,2019-09-08,Active
A0001691,C001200,Current,2019-09-08,Active
A0001692,C001200,Savings,2019-09-08,Active
A0001693,C001201,Savings,2021-09-11,Active
A0001694,C001201,Current,2021-09-11,Active
A0001695,C001202,Savings,2022-09-08,Active
A0001696,C001203,Credit Card,2023-03-05,Active
A0001697,C001203,Credit Card,2023-03-05,Active
A0001698,C001204,Current,2020-10-06,Active
A0001699,C001204,Savings,2020-10-06,Active
A0001700,C001205,Current,2020-06-05,Active
A0001701,C001206,Savings,2020-12-25,Active
A0001702,C001207,Savings,2018-10-10,Active
A0001703,C001208,Savings,2019-02-22,Active
A0001704,C001209,Credit Card,2021-05-08,Active
A0001705,C001210,Credit Card,2020-05-02,Closed
A0001706,C001210,Current,2020-05-02,Active
A0001707,C001210,Credit Card,2020-05-02,Active
A0001708,C001211,Credit Card,2020-03-07,Active
A0001709,C001211,Current,2020-03-07,Active
A0001710,C001212,Current,2022-03-01,Active
A0001711,C001213,Savings,2023-12-09,Active
A0001712,C001213,Current,2023-12-09,Active
A0001713,C001214,Savings,2021-08-18,Active
A0001714,C001215,Current,2022-09-02,Active
A0001715,C001216,Current,2024-05-03,Active
A0001716,C001217,Current,2024-03-21,Active
A0001717,C001217,Credit Card,2024-03-21,Active
A0001718,C001217,Credit Card,2024-03-21,Active
A0001719,C001218,Credit Card,2025-04-14,Active
A0001720,C001218,Current,2025-04-14,Active
A0001721,C001219,Current,2024-01-27,Active
A0001722,C001219,Current,2024-01-27,Active
A0001723,C001220,Savings,2022-12-04,Active
A0001724,C001221,Credit Card,2025-03-28,Active
A0001725,C001222,Savings,2024-11-08,Active
A0001726,C001223,Savings,2018-12-14,Active
A0001727,C001223,Savings,2018-12-14,Active
A0001728,C001224,Current,2021-09-14,Active
A0001729,C001225,Current,2018-12-04,Active
A0001730,C001225,Current,2018-12-04,Active
A0001731,C001226,Current,2020-12-01,Active
A0001732,C001227,Current,2023-03-06,Active
A0001733,C001228,Current,2020-05-29,Active
A0001734,C001229,Savings,2022-06-20,Active
A0001735,C001229,Savings,2022-06-20,Active
A0001736,C001230,Current,2025-02-23,Active
A0001737,C001231,Current,2023-01-19,Active
A0001738,C001232,Current,2020-08-18,Active
A0001739,C001232,Current,2020-08-18,Active
A0001740,C001233,Current,2023-03-27,Active
A0001741,C001233,Current,2023-03-27,Active
A0001742,C001234,Credit Card,2024-01-06,Active
A0001743,C001234,Current,2024-01-06,Dormant
A0001744,C001235,Current,2025-08-06,Closed
A0001745,C001236,Current,2021-08-02,Active
A0001746,C001237,Current,2025-06-26,Active
A0001747,C001238,Current,2024-11-17,Active
A0001748,C001239,Current,2018-12-02,Active
A0001749,C001239,Current,2018-12-02,Active
A0001750,C001240,Savings,2022-05-18,Active
A0001751,C001241,Savings,2025-02-21,Active
A0001752,C001242,Current,2019-05-09,Active
A0001753,C001242,Current,2019-05-09,Active
A0001754,C001243,Current,2019-05-24,Active
A0001755,C001243,Current,2019-05-24,Active
A0001756,C001244,Current,2025-08-31,Active
A0001757,C001245,Savings,2019-03-26,Active
A0001758,C001246,Current,2024-08-26,Active
A0001759,C001246,Current,2024-08-26,Active
A0001760,C001246,Current,2024-08-26,Active
A0001761,C001247,Current,2022-06-22,Active
A0001762,C001248,Current,2023-11-24,Active
A0001763,C001249,Current,2025-02-05,Active
A0001764,C001250,Savings,2024-09-29,Dormant
A0001765,C001250,Savings,2024-09-29,Active
A0001766,C001251,Savings,2021-06-03,Active
A0001767,C001251,Credit Card,2021-06-03,Active
A0001768,C001252,Current,2021-10-16,Active
A0001769,C001253,Current,2024-04-19,Active
A0001770,C001254,Savings,2018-11-16,Active
A0001771,C001254,Credit Card,2018-11-16,Active
A0001772,C001255,Current,2018-03-06,Dormant
A0001773,C001256,Current,2022-05-19,Active
A0001774,C001257,Current,2023-03-14,Active
A0001775,C001258,Savings,2023-03-22,Active
A0001776,C001259,Savings,2024-01-19,Active
A0001777,C001260,Current,2025-03-25,Active
A0001778,C001261,Credit Card,2021-11-17,Active
A0001779,C001262,Current,2019-08-14,Active
A0001780,C001263,Savings,2020-01-07,Active
A0001781,C001264,Savings,2018-04-16,Active
A0001782,C001265,Current,2022-01-04,Active
A0001783,C001266,Current,2024-11-03,Active
A0001784,C001266,Credit Card,2024-11-03,Active
A0001785,C001267,Current,2018-10-10,Active
A0001786,C001268,Credit Card,2020-10-10,Active
A0001787,C001269,Current,2025-07-06,Active
A0001788,C001270,Current,2022-03-16,Active
A0001789,C001271,Current,2023-12-18,Active
A0001790,C001271,Credit Card,2023-12-18,Active
A0001791,C001272,Credit Card,2018-01-30,Active
A0001792,C001272,Credit Card,2018-01-30,Active
A0001793,C001273,Savings,2018-02-02,Active
A0001794,C001274,Current,2024-07-12,Active
A0001795,C001274,Credit Card,2024-07-12,Active
A0001796,C001275,Current,2019-09-25,Active
A0001797,C001276,Current,2018-09-03,Active
A0001798,C001277,Savings,2023-09-03,Active
A0001799,C001278,Current,2022-07-15,Closed
A0001800,C001278,Current,2022-07-15,Active
A0001801,C001279,Current,2020-08-02,Dormant
A0001802,C001279,Savings,2020-08-02,Active
A0001803,C001279,Savings,2020-08-02,Active
A0001804,C001280,Savings,2020-07-13,Active
A0001805,C001281,Credit Card,2023-09-04,Active
A0001806,C001282,Savings,2019-01-22,Active
A0001807,C001283,Savings,2020-07-10,Active
A0001808,C001283,Savings,2020-07-10,Active
A0001809,C001284,Current,2025-03-10,Active
A0001810,C001285,Current,2019-04-01,Active
A0001811,C001285,Current,2019-04-01,Active
A0001812,C001286,Current,2018-06-25,Active
A0001813,C001287,Current,2021-01-06,Active
A0001814,C001288,Current,2023-10-03,Active
A0001815,C001289,Current,2023-09-01,Active
A0001816,C001290,Current,2022-06-16,Active
A0001817,C001291,Savings,2019-02-20,Active
A0001818,C001292,Savings,2025-05-06,Active
A0001819,C001292,Current,2025-05-06,Active
A0001820,C001293,Credit Card,2019-03-04,Active
A0001821,C001294,Current,2022-01-15,Active
A0001822,C001294,Credit Card,2022-01-15,Active
A0001823,C001295,Credit Card,2025-01-11,Dormant
A0001824,C001295,Savings,2025-01-11,Active
A0001825,C001296,Savings,2024-06-05,Active
A0001826,C001296,Current,2024-06-05,Active
A0001827,C001297,Current,2018-05-18,Closed
A0001828,C001298,Current,2024-05-07,Active
A0001829,C001298,Current,2024-05-07,Active
A0001830,C001299,Current,2020-06-06,Active
A0001831,C001299,Current,2020-06-06,Active
A0001832,C001300,Credit Card,2024-04-21,Active
A0001833,C001300,Current,2024-04-21,Active
A0001834,C001301,Current,2024-08-26,Active
A0001835,C001301,Current,2024-08-26,Active
A0001836,C001302,Savings,2019-05-03,Active
A0001837,C001303,Savings,2024-09-14,Active
A0001838,C001303,Current,2024-09-14,Active
A0001839,C001304,Savings,2022-01-29,Dormant
A0001840,C001305,Current,2025-06-04,Active
A0001841,C001306,Current,2024-03-09,Active
A0001842,C001306,Savings,2024-03-09,Active
A0001843,C001306,Savings,2024-03-09,Active
A0001844,C001307,Current,2023-11-16,Active
A0001845,C001308,Savings,2022-12-21,Active
A0001846,C001308,Current,2022-12-21,Active
A0001847,C001309,Current,2021-11-08,Active
A0001848,C001309,Savings,2021-11-08,Active
A0001849,C001310,Current,2022-10-20,Active
A0001850,C001311,Current,2021-08-09,Dormant
A0001851,C001312,Current,2024-01-29,Active
A0001852,C001313,Savings,2022-03-26,Active
A0001853,C001314,Current,2025-06-28,Dormant
A0001854,C001314,Current,2025-06-28,Active
A0001855,C001315,Current,2020-08-05,Active
A0001856,C001316,Current,2020-10-24,Active
A0001857,C001316,Credit Card,2020-10-24,Active
A0001858,C001317,Savings,2021-12-04,Active
A0001859,C001318,Current,2019-03-14,Active
A0001860,C001319,Credit Card,2021-12-26,Active
A0001861,C001320,Current,2018-12-11,Active
A0001862,C001321,Savings,2021-01-02,Active
A0001863,C001322,Savings,2018-10-07,Active
A0001864,C001322,Current,2018-10-07,Active
A0001865,C001323,Current,2024-12-31,Active
A0001866,C001324,Current,2023-06-04,Active
A0001867,C001324,Current,2023-06-04,Active
A0001868,C001325,Current,2023-05-23,Active
A0001869,C001326,Credit Card,2018-05-17,Active
A0001870,C001327,Current,2023-07-29,Active
A0001871,C001328,Savings,2022-12-29,Active
A0001872,C001328,Credit Card,2022-12-29,Active
A0001873,C001329,Current,2020-02-06,Active
A0001874,C001329,Current,2020-02-06,Active
A0001875,C001329,Current,2020-02-06,Active
A0001876,C001330,Current,2020-11-14,Active
A0001877,C001331,Current,2020-10-16,Active
A0001878,C001332,Current,2018-12-08,Active
A0001879,C001333,Savings,2021-09-09,Dormant
A0001880,C001333,Current,2021-09-09,Active
A0001881,C001333,Current,2021-09-09,Dormant
A0001882,C001334,Current,2024-02-15,Active
A0001883,C001334,Current,2024-02-15,Dormant
A0001884,C001335,Current,2020-11-28,Dormant
A0001885,C001335,Savings,2020-11-28,Active
A0001886,C001336,Current,2022-01-17,Active
A0001887,C001337,Credit Card,2018-02-18,Active
A0001888,C001338,Savings,2024-03-17,Active
A0001889,C001339,Current,2023-06-22,Active
A0001890,C001340,Current,2021-11-13,Active
A0001891,C001341,Current,2025-08-22,Closed
A0001892,C001342,Current,2022-12-27,Active
A0001893,C001343,Current,2023-08-15,Active
A0001894,C001344,Current,2022-06-11,Active
A0001895,C001344,Current,2022-06-11,Active
A0001896,C001345,Savings,2025-06-05,Active
A0001897,C001346,Savings,2018-10-29,Active
A0001898,C001346,Savings,2018-10-29,Dormant
A0001899,C001346,Current,2018-10-29,Active
A0001900,C001347,Current,2022-03-05,Active
A0001901,C001348,Current,2020-08-27,Active
A0001902,C001348,Current,2020-08-27,Active
A0001903,C001349,Current,2020-01-28,Active
A0001904,C001349,Credit Card,2020-01-28,Active
A0001905,C001350,Savings,2021-04-03,Active
A0001906,C001350,Current,2021-04-03,Active
A0001907,C001351,Current,2020-11-09,Active
A0001908,C001352,Current,2018-09-21,Active
A0001909,C001353,Current,2023-06-01,Active
A0001910,C001354,Credit Card,2019-12-05,Active
A0001911,C001355,Current,2023-07-11,Active
A0001912,C001355,Savings,2023-07-11,Dormant
A0001913,C001356,Savings,2019-08-04,Active
A0001914,C001356,Current,2019-08-04,Active
A0001915,C001357,Savings,2022-08-10,Active
A0001916,C001358,Current,2022-03-10,Active
A0001917,C001358,Current,2022-03-10,Dormant
A0001918,C001359,Savings,2020-12-08,Active
A0001919,C001360,Current,2022-10-19,Active
A0001920,C001361,Current,2019-10-03,Active
A0001921,C001362,Credit Card,2023-07-25,Active
A0001922,C001363,Current,2025-06-19,Active
A0001923,C001363,Credit Card,2025-06-19,Active
A0001924,C001364,Current,2018-03-13,Active
A0001925,C001365,Current,2020-06-19,Active
A0001926,C001366,Current,2019-10-16,Active
A0001927,C001367,Savings,2024-04-07,Active
A0001928,C001368,Current,2020-03-04,Active
A0001929,C001368,Current,2020-03-04,Active
A0001930,C001368,Current,2020-03-04,Active
A0001931,C001369,Savings,2024-04-28,Dormant
A0001932,C001370,Current,2025-07-27,Active
A0001933,C001371,Savings,2021-04-03,Active
A0001934,C001371,Current,2021-04-03,Active
A0001935,C001372,Current,2024-12-28,Active
A0001936,C001373,Savings,2021-04-07,Active
A0001937,C001373,Savings,2021-04-07,Active
A0001938,C001374,Savings,2024-04-28,Active
A0001939,C001374,Savings,2024-04-28,Active
A0001940,C001374,Current,2024-04-28,Active
A0001941,C001375,Current,2021-06-27,Active
A0001942,C001376,Savings,2024-01-09,Closed
A0001943,C001377,Current,2020-03-05,Active
A0001944,C001378,Current,2022-12-06,Active
A0001945,C001379,Current,2022-09-03,Active
A0001946,C001379,Savings,2022-09-03,Active
A0001947,C001380,Current,2022-06-21,Active
A0001948,C001380,Current,2022-06-21,Active
A0001949,C001380,Current,2022-06-21,Active
A0001950,C001381,Current,2019-10-15,Active
A0001951,C001382,Savings,2025-04-22,Active
A0001952,C001383,Current,2020-08-01,Active
A0001953,C001383,Current,2020-08-01,Closed
A0001954,C001384,Current,2024-06-24,Active
A0001955,C001385,Current,2019-01-18,Dormant
A0001956,C001386,Current,2022-06-19,Active
A0001957,C001387,Savings,2022-10-24,Active
A0001958,C001388,Savings,2024-09-21,Active
A0001959,C001388,Current,2024-09-21,Active
A0001960,C001389,Credit Card,2023-02-28,Active
A0001961,C001390,Current,2023-11-25,Active
A0001962,C001391,Current,2022-04-21,Active
A0001963,C001392,Current,2018-06-15,Active
A0001964,C001393,Savings,2023-06-25,Closed
A0001965,C001393,Current,2023-06-25,Active
A0001966,C001394,Savings,2018-06-09,Active
A0001967,C001394,Savings,2018-06-09,Active
A0001968,C001395,Savings,2019-05-04,Active
A0001969,C001396,Current,2022-03-25,Active
A0001970,C001397,Credit Card,2018-12-24,Closed
A0001971,C001397,Current,2018-12-24,Active
A0001972,C001398,Current,2022-08-01,Active
A0001973,C001399,Savings,2021-04-29,Active
A0001974,C001399,Savings,2021-04-29,Active
A0001975,C001399,Savings,2021-04-29,Active
A0001976,C001400,Current,2021-11-13,Active
A0001977,C001400,Savings,2021-11-13,Dormant
A0001978,C001401,Current,2020-07-05,Active
A0001979,C001402,Current,2024-05-19,Active
A0001980,C001403,Current,2025-04-03,Active
A0001981,C001403,Savings,2025-04-03,Active
A0001982,C001404,Current,2021-08-11,Active
A0001983,C001405,Credit Card,2019-10-01,Active
A0001984,C001405,Credit Card,2019-10-01,Active
A0001985,C001406,Savings,2021-07-05,Active
A0001986,C001407,Current,2024-10-24,Active
A0001987,C001408,Current,2020-09-05,Active
A0001988,C001409,Credit Card,2024-12-30,Active
A0001989,C001410,Current,2020-02-17,Active
A0001990,C001411,Current,2018-11-20,Active
A0001991,C001412,Credit Card,2023-04-29,Active
A0001992,C001413,Current,2019-02-28,Closed
A0001993,C001414,Current,2021-08-03,Active
A0001994,C001415,Savings,2021-04-13,Active
A0001995,C001416,Savings,2020-12-08,Dormant
A0001996,C001416,Current,2020-12-08,Active
A0001997,C001417,Credit Card,2024-02-03,Active
A0001998,C001418,Savings,2019-06-03,Active
A0001999,C001418,Savings,2019-06-03,Active
A0002000,C001419,Current,2022-12-29,Active
A0002001,C001420,Savings,2021-11-05,Active
A0002002,C001421,Current,2021-09-09,Active
A0002003,C001422,Credit Card,2019-11-23,Active
A0002004,C001422,Savings,2019-11-23,Active
A0002005,C001423,Current,2024-12-19,Active
A0002006,C001424,Savings,2023-02-07,Active
A0002007,C001425,Current,2025-08-18,Active
A0002008,C001425,Current,2025-08-18,Active
A0002009,C001426,Savings,2023-04-24,Active
A0002010,C001427,Current,2023-01-16,Active
A0002011,C001428,Savings,2021-10-29,Active
A0002012,C001429,Current,2022-07-12,Active
A0002013,C001430,Savings,2018-05-30,Active
A0002014,C001431,Current,2024-04-25,Active
A0002015,C001431,Current,2024-04-25,Active
A0002016,C001432,Credit Card,2025-08-03,Active
A0002017,C001432,Current,2025-08-03,Active
A0002018,C001433,Current,2023-09-14,Active
A0002019,C001433,Savings,2023-09-14,Active
A0002020,C001434,Current,2021-12-15,Active
A0002021,C001435,Current,2021-02-15,Active
A0002022,C001436,Current,2020-11-12,Closed
A0002023,C001436,Current,2020-11-12,Active
A0002024,C001437,Savings,2022-01-15,Active
A0002025,C001437,Savings,2022-01-15,Active
A0002026,C001438,Current,2024-03-18,Active
A0002027,C001438,Current,2024-03-18,Active
A0002028,C001439,Credit Card,2022-04-30,Active
A0002029,C001440,Savings,2021-06-19,Dormant
A0002030,C001440,Current,2021-06-19,Active
A0002031,C001441,Savings,2023-07-15,Active
A0002032,C001442,Savings,2025-03-07,Dormant
A0002033,C001442,Savings,2025-03-07,Active
A0002034,C001443,Current,2021-02-27,Closed
A0002035,C001444,Savings,2023-11-13,Active
A0002036,C001445,Savings,2020-03-16,Active
A0002037,C001445,Current,2020-03-16,Active
A0002038,C001446,Current,2023-04-29,Active
A0002039,C001447,Current,2019-04-17,Active
A0002040,C001448,Credit Card,2023-06-23,Active
A0002041,C001449,Current,2019-11-27,Dormant
A0002042,C001450,Credit Card,2022-02-28,Active
A0002043,C001450,Credit Card,2022-02-28,Active
A0002044,C001450,Current,2022-02-28,Active
A0002045,C001451,Savings,2025-08-17,Active
A0002046,C001452,Current,2021-01-12,Active
A0002047,C001453,Current,2024-04-19,Dormant
A0002048,C001454,Current,2020-11-08,Active
A0002049,C001454,Current,2020-11-08,Active
A0002050,C001455,Current,2020-05-11,Dormant
A0002051,C001456,Credit Card,2020-06-19,Active
A0002052,C001456,Savings,2020-06-19,Active
A0002053,C001457,Credit Card,2021-03-28,Active
A0002054,C001458,Savings,2024-11-07,Active
A0002055,C001459,Savings,2022-05-16,Active
A0002056,C001460,Current,2025-01-19,Active
A0002057,C001460,Current,2025-01-19,Dormant
A0002058,C001461,Current,2021-09-25,Active
A0002059,C001462,Current,2019-04-10,Active
A0002060,C001462,Savings,2019-04-10,Active
A0002061,C001463,Current,2025-07-28,Active
A0002062,C001464,Current,2024-09-28,Active
A0002063,C001464,Savings,2024-09-28,Active
A0002064,C001465,Credit Card,2019-11-10,Active
A0002065,C001466,Current,2020-02-29,Active
A0002066,C001466,Credit Card,2020-02-29,Active
A0002067,C001466,Savings,2020-02-29,Active
A0002068,C001467,Current,2020-05-19,Active
A0002069,C001468,Current,2024-03-14,Active
A0002070,C001469,Credit Card,2025-08-28,Active
A0002071,C001469,Current,2025-08-28,Active
A0002072,C001470,Current,2023-07-01,Active
A0002073,C001470,Savings,2023-07-01,Active
A0002074,C001470,Credit Card,2023-07-01,Active
A0002075,C001471,Credit Card,2020-12-28,Active
A0002076,C001471,Savings,2020-12-28,Active
A0002077,C001472,Savings,2023-02-05,Active
A0002078,C001473,Current,2022-08-27,Active
A0002079,C001474,Current,2022-08-31,Dormant
A0002080,C001474,Current,2022-08-31,Active
A0002081,C001475,Savings,2023-02-25,Dormant
A0002082,C001475,Current,2023-02-25,Active
A0002083,C001476,Current,2021-02-23,Active
A0002084,C001477,Current,2018-08-08,Active
A0002085,C001478,Current,2019-02-19,Active
A0002086,C001479,Current,2019-01-01,Active
A0002087,C001480,Savings,2024-08-30,Active
A0002088,C001480,Savings,2024-08-30,Active
A0002089,C001481,Current,2024-10-15,Active
A0002090,C001482,Savings,2023-12-22,Active
A0002091,C001483,Current,2021-01-19,Active
A0002092,C001484,Current,2024-02-02,Active
A0002093,C001484,Savings,2024-02-02,Active
A0002094,C001485,Credit Card,2019-03-20,Active
A0002095,C001485,Savings,2019-03-20,Active
A0002096,C001486,Savings,2019-02-16,Active
A0002097,C001486,Credit Card,2019-02-16,Active
A0002098,C001487,Current,2024-01-29,Active
A0002099,C001487,Savings,2024-01-29,Dormant
A0002100,C001487,Savings,2024-01-29,Active
A0002101,C001488,Current,2022-12-30,Active
A0002102,C001488,Current,2022-12-30,Active
A0002103,C001489,Current,2021-12-28,Active
A0002104,C001490,Savings,2019-01-17,Active
A0002105,C001491,Credit Card,2018-07-01,Active
A0002106,C001492,Savings,2019-12-24,Active
A0002107,C001493,Current,2021-04-24,Active
A0002108,C001493,Savings,2021-04-24,Active
A0002109,C001494,Current,2020-02-08,Closed
A0002110,C001495,Savings,2022-06-26,Active
A0002111,C001496,Savings,2025-07-25,Active
A0002112,C001497,Current,2023-08-03,Active
A0002113,C001497,Credit Card,2023-08-03,Active
A0002114,C001498,Current,2021-01-02,Active
A0002115,C001499,Savings,2018-11-09,Dormant
A0002116,C001500,Savings,2025-01-08,Active
A0002117,C001500,Savings,2025-01-08,Active
A0002118,C001501,Savings,2019-01-29,Active
A0002119,C001502,Current,2018-06-16,Active
A0002120,C001503,Credit Card,2022-05-16,Active
A0002121,C001504,Current,2022-08-24,Active
A0002122,C001505,Credit Card,2020-01-07,Active
A0002123,C001506,Current,2020-06-09,Active
A0002124,C001506,Current,2020-06-09,Closed
A0002125,C001507,Current,2025-07-05,Active
A0002126,C001508,Current,2019-03-24,Active
A0002127,C001508,Credit Card,2019-03-24,Active
A0002128,C001509,Savings,2023-07-01,Active
A0002129,C001510,Current,2020-01-02,Active
A0002130,C001511,Credit Card,2020-03-03,Active
A0002131,C001512,Current,2021-03-31,Dormant
A0002132,C001513,Current,2023-11-30,Active
A0002133,C001514,Savings,2022-12-22,Active
A0002134,C001515,Current,2022-06-14,Active
A0002135,C001516,Savings,2025-01-14,Active
A0002136,C001517,Current,2018-04-25,Active
A0002137,C001518,Savings,2021-12-16,Active
A0002138,C001519,Current,2024-05-11,Active
A0002139,C001520,Credit Card,2023-09-04,Active
A0002140,C001521,Savings,2023-07-30,Active
A0002141,C001521,Credit Card,2023-07-30,Active
A0002142,C001522,Current,2022-04-02,Active
A0002143,C001523,Current,2020-10-21,Active
A0002144,C001524,Current,2018-10-21,Active
A0002145,C001524,Current,2018-10-21,Active
A0002146,C001525,Current,2024-07-07,Active
A0002147,C001525,Savings,2024-07-07,Active
A0002148,C001526,Credit Card,2024-11-11,Active
A0002149,C001527,Current,2022-09-30,Active
A0002150,C001527,Credit Card,2022-09-30,Active
A0002151,C001528,Current,2023-02-26,Active
A0002152,C001529,Current,2022-12-06,Active
A0002153,C001530,Current,2018-08-10,Dormant
A0002154,C001531,Credit Card,2021-09-10,Active
A0002155,C001531,Credit Card,2021-09-10,Active
A0002156,C001532,Current,2021-01-21,Active
A0002157,C001533,Savings,2022-09-12,Closed
A0002158,C001534,Savings,2021-03-06,Active
A0002159,C001534,Current,2021-03-06,Active
A0002160,C001535,Current,2020-11-12,Active
A0002161,C001536,Current,2021-11-01,Active
A0002162,C001536,Current,2021-11-01,Active
A0002163,C001537,Savings,2022-12-07,Active
A0002164,C001538,Savings,2024-10-25,Active
A0002165,C001538,Savings,2024-10-25,Active
A0002166,C001538,Current,2024-10-25,Active
A0002167,C001539,Savings,2018-11-30,Active
A0002168,C001540,Current,2025-07-23,Active
A0002169,C001540,Current,2025-07-23,Active
A0002170,C001541,Savings,2018-01-23,Active
A0002171,C001542,Current,2020-07-11,Dormant
A0002172,C001542,Credit Card,2020-07-11,Active
A0002173,C001543,Current,2023-01-12,Active
A0002174,C001544,Current,2021-02-17,Active
A0002175,C001545,Current,2022-03-12,Active
A0002176,C001546,Current,2020-05-03,Active
A0002177,C001547,Current,2019-11-16,Active
A0002178,C001548,Savings,2019-06-15,Closed
A0002179,C001548,Savings,2019-06-15,Dormant
A0002180,C001549,Savings,2020-05-14,Active
A0002181,C001550,Current,2022-06-27,Active
A0002182,C001551,Current,2020-03-31,Active
A0002183,C001552,Current,2022-04-12,Active
A0002184,C001553,Credit Card,2019-04-09,Dormant
A0002185,C001553,Current,2019-04-09,Active
A0002186,C001554,Current,2018-07-21,Active
A0002187,C001554,Credit Card,2018-07-21,Active
A0002188,C001555,Savings,2022-12-17,Dormant
A0002189,C001556,Current,2019-11-11,Active
A0002190,C001557,Current,2020-03-01,Active
A0002191,C001558,Current,2021-09-29,Active
A0002192,C001559,Current,2020-04-28,Active
A0002193,C001560,Savings,2021-10-18,Active
A0002194,C001560,Current,2021-10-18,Active
A0002195,C001561,Current,2019-10-16,Dormant
A0002196,C001562,Current,2020-08-02,Active
A0002197,C001563,Credit Card,2018-05-04,Active
A0002198,C001564,Savings,2018-06-05,Active
A0002199,C001564,Current,2018-06-05,Active
A0002200,C001565,Credit Card,2018-12-08,Active
A0002201,C001566,Savings,2019-05-20,Active
A0002202,C001567,Savings,2020-04-22,Active
A0002203,C001567,Current,2020-04-22,Active
A0002204,C001568,Savings,2020-08-13,Active
A0002205,C001569,Current,2023-12-15,Active
A0002206,C001569,Savings,2023-12-15,Active
A0002207,C001570,Savings,2024-10-30,Active
A0002208,C001571,Current,2021-04-30,Closed
A0002209,C001571,Savings,2021-04-30,Active
A0002210,C001572,Credit Card,2019-04-30,Active
A0002211,C001572,Current,2019-04-30,Active
A0002212,C001573,Savings,2023-09-08,Active
A0002213,C001573,Savings,2023-09-08,Active
A0002214,C001574,Savings,2024-12-15,Active
A0002215,C001574,Credit Card,2024-12-15,Active
A0002216,C001575,Savings,2020-09-25,Active
A0002217,C001575,Savings,2020-09-25,Active
A0002218,C001576,Current,2019-04-17,Active
A0002219,C001576,Current,2019-04-17,Active
A0002220,C001577,Savings,2023-06-04,Active
A0002221,C001578,Current,2018-08-06,Active
A0002222,C001579,Current,2019-02-21,Active
A0002223,C001580,Credit Card,2018-12-26,Active
A0002224,C001580,Current,2018-12-26,Active
A0002225,C001581,Credit Card,2019-03-26,Active
A0002226,C001582,Credit Card,2020-08-08,Active
A0002227,C001583,Credit Card,2025-03-06,Active
A0002228,C001584,Current,2023-12-21,Active
A0002229,C001585,Current,2025-03-21,Active
A0002230,C001586,Savings,2020-05-29,Active
A0002231,C001587,Current,2020-11-10,Closed
A0002232,C001587,Savings,2020-11-10,Active
A0002233,C001588,Current,2022-09-05,Dormant
A0002234,C001589,Savings,2020-04-24,Active
A0002235,C001589,Savings,2020-04-24,Active
A0002236,C001590,Current,2021-02-16,Active
A0002237,C001591,Current,2019-04-09,Active
A0002238,C001592,Savings,2018-12-24,Active
A0002239,C001592,Current,2018-12-24,Active
A0002240,C001593,Savings,2020-12-19,Active
A0002241,C001594,Savings,2024-01-31,Dormant
A0002242,C001595,Credit Card,2019-12-27,Active
A0002243,C001596,Credit Card,2018-08-18,Active
A0002244,C001597,Current,2022-09-06,Active
A0002245,C001598,Savings,2024-03-30,Active
A0002246,C001599,Savings,2022-01-03,Active
A0002247,C001599,Current,2022-01-03,Active
A0002248,C001600,Current,2019-07-12,Active
A0002249,C001601,Current,2024-08-18,Active
A0002250,C001601,Current,2024-08-18,Active
A0002251,C001602,Current,2018-10-31,Active
A0002252,C001602,Savings,2018-10-31,Active
A0002253,C001603,Current,2019-10-08,Active
A0002254,C001603,Current,2019-10-08,Active
A0002255,C001604,Current,2019-11-21,Active
A0002256,C001604,Savings,2019-11-21,Active
A0002257,C001605,Credit Card,2021-01-21,Active
A0002258,C001605,Savings,2021-01-21,Active
A0002259,C001606,Savings,2025-08-13,Active
A0002260,C001606,Credit Card,2025-08-13,Active
A0002261,C001607,Current,2020-08-02,Active
A0002262,C001608,Current,2023-09-13,Active
A0002263,C001609,Savings,2024-09-30,Active
A0002264,C001610,Current,2024-09-26,Active
A0002265,C001610,Current,2024-09-26,Active
A0002266,C001611,Credit Card,2019-05-01,Active
A0002267,C001612,Savings,2020-07-03,Active
A0002268,C001612,Current,2020-07-03,Active
A0002269,C001613,Savings,2021-04-04,Active
A0002270,C001614,Credit Card,2022-10-09,Active
A0002271,C001615,Current,2025-06-27,Active
A0002272,C001616,Current,2020-04-14,Active
A0002273,C001616,Savings,2020-04-14,Active
A0002274,C001617,Current,2018-02-25,Dormant
A0002275,C001618,Savings,2023-12-01,Active
A0002276,C001619,Savings,2019-06-12,Active
A0002277,C001620,Savings,2019-06-28,Active
A0002278,C001621,Current,2018-07-30,Dormant
A0002279,C001622,Credit Card,2025-01-04,Active
A0002280,C001623,Savings,2019-04-24,Active
A0002281,C001624,Savings,2021-04-06,Active
A0002282,C001624,Credit Card,2021-04-06,Active
A0002283,C001625,Current,2025-08-12,Closed
A0002284,C001626,Current,2020-05-29,Active
A0002285,C001627,Current,2021-03-23,Active
A0002286,C001628,Current,2022-04-21,Active
A0002287,C001629,Current,2020-06-05,Active
A0002288,C001630,Savings,2023-12-04,Active
A0002289,C001631,Current,2018-05-25,Active
A0002290,C001632,Savings,2019-04-11,Active
A0002291,C001632,Credit Card,2019-04-11,Active
A0002292,C001633,Savings,2024-01-11,Active
A0002293,C001634,Savings,2023-10-01,Active
A0002294,C001635,Savings,2023-10-14,Active
A0002295,C001636,Current,2023-04-23,Active
A0002296,C001637,Current,2020-09-14,Active
A0002297,C001638,Savings,2019-05-05,Active
A0002298,C001639,Current,2021-11-30,Active
A0002299,C001640,Current,2020-02-18,Active
A0002300,C001641,Current,2020-04-17,Active
A0002301,C001641,Credit Card,2020-04-17,Active
A0002302,C001641,Savings,2020-04-17,Active
A0002303,C001642,Savings,2024-12-19,Active
A0002304,C001643,Savings,2025-03-31,Active
A0002305,C001643,Savings,2025-03-31,Active
A0002306,C001644,Savings,2018-10-25,Active
A0002307,C001644,Savings,2018-10-25,Active
A0002308,C001645,Savings,2018-04-03,Active
A0002309,C001646,Current,2024-10-23,Active
A0002310,C001646,Current,2024-10-23,Active
A0002311,C001647,Savings,2018-10-22,Active
A0002312,C001647,Savings,2018-10-22,Active
A0002313,C001647,Current,2018-10-22,Active
A0002314,C001648,Current,2024-11-08,Active
A0002315,C001649,Current,2023-09-02,Active
A0002316,C001649,Current,2023-09-02,Dormant
A0002317,C001650,Current,2022-10-05,Active
A0002318,C001651,Current,2019-01-03,Active
A0002319,C001652,Current,2021-11-28,Active
A0002320,C001653,Current,2020-10-02,Active
A0002321,C001654,Current,2022-03-03,Active
A0002322,C001654,Savings,2022-03-03,Active
A0002323,C001655,Current,2022-05-14,Active
A0002324,C001656,Savings,2019-11-25,Dormant
A0002325,C001657,Current,2020-05-23,Active
A0002326,C001658,Savings,2020-06-08,Active
A0002327,C001659,Current,2019-09-07,Active
A0002328,C001660,Current,2024-09-03,Active
A0002329,C001661,Current,2024-05-03,Active
A0002330,C001662,Savings,2024-06-25,Active
A0002331,C001663,Current,2019-07-11,Active
A0002332,C001663,Savings,2019-07-11,Active
A0002333,C001664,Current,2023-08-08,Active
A0002334,C001664,Credit Card,2023-08-08,Active
A0002335,C001665,Current,2021-08-21,Active
A0002336,C001665,Current,2021-08-21,Active
A0002337,C001666,Credit Card,2022-10-20,Dormant
A0002338,C001667,Current,2021-12-21,Active
A0002339,C001667,Current,2021-12-21,Active
A0002340,C001668,Savings,2018-04-30,Active
A0002341,C001668,Current,2018-04-30,Active
A0002342,C001669,Current,2020-05-29,Active
A0002343,C001669,Savings,2020-05-29,Active
A0002344,C001669,Current,2020-05-29,Active
A0002345,C001670,Current,2024-02-08,Active
A0002346,C001670,Credit Card,2024-02-08,Active
A0002347,C001671,Current,2024-11-11,Active
A0002348,C001672,Credit Card,2024-08-22,Active
A0002349,C001672,Current,2024-08-22,Active
A0002350,C001673,Credit Card,2018-05-23,Active
A0002351,C001674,Current,2024-06-28,Active
A0002352,C001675,Current,2021-06-09,Active
A0002353,C001675,Current,2021-06-09,Active
A0002354,C001676,Credit Card,2025-07-07,Active
A0002355,C001676,Savings,2025-07-07,Active
A0002356,C001677,Current,2019-01-13,Active
A0002357,C001677,Current,2019-01-13,Active
A0002358,C001678,Current,2023-02-04,Active
A0002359,C001679,Current,2018-12-10,Active
A0002360,C001680,Current,2025-05-08,Active
A0002361,C001680,Current,2025-05-08,Active
A0002362,C001681,Savings,2023-08-27,Active
A0002363,C001681,Current,2023-08-27,Dormant
A0002364,C001682,Savings,2019-02-02,Active
A0002365,C001682,Savings,2019-02-02,Active
A0002366,C001683,Savings,2018-05-31,Active
A0002367,C001684,Current,2021-09-08,Active
A0002368,C001685,Credit Card,2018-10-31,Active
A0002369,C001686,Current,2020-03-11,Active
A0002370,C001687,Current,2019-10-29,Dormant
A0002371,C001688,Savings,2020-12-12,Dormant
A0002372,C001689,Current,2023-04-22,Active
A0002373,C001689,Current,2023-04-22,Active
A0002374,C001689,Current,2023-04-22,Active
A0002375,C001690,Savings,2024-04-19,Active
A0002376,C001691,Savings,2023-02-05,Active
A0002377,C001692,Current,2019-03-07,Active
A0002378,C001692,Savings,2019-03-07,Active
A0002379,C001693,Current,2024-11-09,Closed
A0002380,C001693,Current,2024-11-09,Active
A0002381,C001694,Current,2022-11-07,Active
A0002382,C001695,Savings,2021-10-07,Active
A0002383,C001695,Savings,2021-10-07,Dormant
A0002384,C001696,Credit Card,2021-09-20,Active
A0002385,C001697,Credit Card,2018-10-21,Active
A0002386,C001698,Savings,2023-08-20,Active
A0002387,C001698,Savings,2023-08-20,Active
A0002388,C001699,Current,2019-04-26,Active
A0002389,C001700,Current,2021-09-11,Active
A0002390,C001701,Current,2020-02-07,Active
A0002391,C001702,Current,2019-07-17,Active
A0002392,C001702,Current,2019-07-17,Active
A0002393,C001703,Current,2024-12-18,Active
A0002394,C001703,Current,2024-12-18,Active
A0002395,C001704,Savings,2021-12-14,Active
A0002396,C001705,Current,2023-11-26,Active
A0002397,C001706,Current,2018-04-17,Active
A0002398,C001707,Savings,2024-10-04,Active
A0002399,C001707,Savings,2024-10-04,Active
A0002400,C001707,Current,2024-10-04,Active
A0002401,C001708,Savings,2020-03-27,Active
A0002402,C001709,Current,2022-07-18,Active
A0002403,C001710,Credit Card,2022-08-18,Active
A0002404,C001711,Credit Card,2020-02-22,Closed
A0002405,C001712,Savings,2022-12-31,Active
A0002406,C001712,Current,2022-12-31,Closed
A0002407,C001712,Savings,2022-12-31,Active
A0002408,C001713,Credit Card,2022-04-11,Active
A0002409,C001714,Savings,2019-01-31,Active
A0002410,C001715,Credit Card,2018-12-10,Active
A0002411,C001715,Current,2018-12-10,Active
A0002412,C001716,Credit Card,2019-09-04,Active
A0002413,C001717,Current,2023-03-12,Active
A0002414,C001718,Savings,2024-03-13,Dormant
A0002415,C001719,Current,2023-04-22,Active
A0002416,C001719,Savings,2023-04-22,Active
A0002417,C001720,Current,2020-03-11,Active
A0002418,C001721,Current,2025-06-10,Dormant
A0002419,C001721,Current,2025-06-10,Active
A0002420,C001722,Credit Card,2025-05-28,Active
A0002421,C001723,Savings,2019-03-30,Active
A0002422,C001724,Current,2019-07-17,Active
A0002423,C001725,Current,2022-04-26,Active
A0002424,C001726,Current,2018-07-17,Active
A0002425,C001726,Current,2018-07-17,Active
A0002426,C001727,Current,2021-08-07,Active
A0002427,C001728,Current,2023-06-01,Active
A0002428,C001728,Current,2023-06-01,Dormant
A0002429,C001729,Current,2021-07-12,Active
A0002430,C001730,Current,2022-10-20,Active
A0002431,C001731,Current,2025-07-21,Active
A0002432,C001732,Current,2024-03-23,Active
A0002433,C001733,Savings,2025-04-17,Active
A0002434,C001733,Savings,2025-04-17,Active
A0002435,C001734,Savings,2023-05-30,Active
A0002436,C001734,Savings,2023-05-30,Active
A0002437,C001735,Savings,2018-12-07,Active
A0002438,C001736,Current,2023-07-22,Closed
A0002439,C001737,Current,2018-05-22,Active
A0002440,C001738,Savings,2022-12-17,Active
A0002441,C001739,Current,2020-07-25,Active
A0002442,C001740,Savings,2018-10-21,Active
A0002443,C001740,Savings,2018-10-21,Active
A0002444,C001741,Current,2025-05-13,Active
A0002445,C001742,Credit Card,2024-10-25,Active
A0002446,C001743,Current,2023-04-28,Dormant
A0002447,C001744,Savings,2024-12-20,Active
A0002448,C001744,Current,2024-12-20,Active
A0002449,C001744,Current,2024-12-20,Active
A0002450,C001745,Current,2022-05-03,Closed
A0002451,C001745,Current,2022-05-03,Active
A0002452,C001746,Current,2024-08-31,Active
A0002453,C001747,Current,2019-10-09,Active
A0002454,C001748,Current,2025-03-08,Active
A0002455,C001749,Current,2019-10-25,Active
A0002456,C001750,Current,2024-02-07,Active
A0002457,C001750,Savings,2024-02-07,Active
A0002458,C001751,Current,2018-06-04,Active
A0002459,C001752,Credit Card,2019-11-26,Active
A0002460,C001752,Savings,2019-11-26,Active
A0002461,C001753,Savings,2023-07-05,Active
A0002462,C001753,Current,2023-07-05,Active
A0002463,C001754,Current,2019-12-19,Active
A0002464,C001755,Savings,2023-07-03,Active
A0002465,C001755,Current,2023-07-03,Active
A0002466,C001756,Current,2021-11-25,Active
A0002467,C001757,Savings,2018-07-05,Active
A0002468,C001758,Savings,2024-07-12,Active
A0002469,C001759,Current,2024-08-15,Active
A0002470,C001759,Savings,2024-08-15,Active
A0002471,C001759,Current,2024-08-15,Active
A0002472,C001760,Current,2021-10-07,Active
A0002473,C001761,Current,2024-08-11,Active
A0002474,C001762,Current,2018-08-28,Active
A0002475,C001763,Current,2018-08-02,Dormant
A0002476,C001763,Savings,2018-08-02,Active
A0002477,C001764,Current,2020-09-06,Active
A0002478,C001765,Credit Card,2023-02-03,Dormant
A0002479,C001766,Current,2018-02-07,Active
A0002480,C001767,Current,2022-04-17,Active
A0002481,C001768,Current,2023-10-15,Active
A0002482,C001768,Current,2023-10-15,Active
A0002483,C001769,Current,2021-05-05,Active
A0002484,C001769,Credit Card,2021-05-05,Active
A0002485,C001770,Current,2024-04-24,Active
A0002486,C001770,Savings,2024-04-24,Active
A0002487,C001771,Current,2023-08-11,Active
A0002488,C001771,Savings,2023-08-11,Active
A0002489,C001772,Credit Card,2022-11-15,Active
A0002490,C001773,Current,2025-05-03,Active
A0002491,C001774,Savings,2025-02-10,Active
A0002492,C001775,Current,2018-04-04,Active
A0002493,C001775,Credit Card,2018-04-04,Active
A0002494,C001776,Current,2022-05-06,Active
A0002495,C001777,Current,2020-07-22,Active
A0002496,C001778,Current,2025-01-09,Active
A0002497,C001778,Savings,2025-01-09,Active
A0002498,C001779,Current,2023-10-03,Active
A0002499,C001780,Current,2018-01-29,Active
A0002500,C001781,Current,2019-01-19,Active
A0002501,C001782,Current,2022-10-11,Active
A0002502,C001783,Savings,2022-04-12,Active
A0002503,C001783,Savings,2022-04-12,Closed
A0002504,C001784,Current,2019-01-25,Active
A0002505,C001785,Current,2018-03-01,Active
A0002506,C001786,Current,2024-11-05,Active
A0002507,C001787,Current,2021-04-03,Active
A0002508,C001787,Current,2021-04-03,Active
A0002509,C001788,Current,2023-07-30,Active
A0002510,C001789,Current,2021-12-18,Active
A0002511,C001790,Current,2025-05-12,Active
A0002512,C001791,Current,2024-01-01,Active
A0002513,C001792,Credit Card,2022-06-04,Active
A0002514,C001793,Savings,2023-05-27,Active
A0002515,C001793,Savings,2023-05-27,Active
A0002516,C001794,Current,2022-09-06,Active
A0002517,C001794,Savings,2022-09-06,Active
A0002518,C001795,Current,2023-11-02,Active
A0002519,C001795,Credit Card,2023-11-02,Closed
A0002520,C001795,Current,2023-11-02,Active
A0002521,C001796,Current,2018-04-16,Active
A0002522,C001796,Current,2018-04-16,Active
A0002523,C001797,Current,2022-05-20,Active
A0002524,C001798,Current,2025-07-16,Active
A0002525,C001799,Current,2019-03-14,Active
A0002526,C001800,Savings,2018-12-27,Active
A0002527,C001801,Savings,2022-02-12,Active
A0002528,C001802,Savings,2025-04-27,Active
A0002529,C001802,Current,2025-04-27,Active
A0002530,C001803,Savings,2025-04-16,Active
A0002531,C001803,Current,2025-04-16,Active
A0002532,C001804,Savings,2023-09-30,Active
A0002533,C001805,Savings,2023-07-27,Active
A0002534,C001805,Credit Card,2023-07-27,Active
A0002535,C001806,Credit Card,2021-09-13,Active
A0002536,C001807,Savings,2022-09-15,Active
A0002537,C001808,Credit Card,2018-09-10,Active
A0002538,C001809,Credit Card,2019-04-28,Active
A0002539,C001809,Credit Card,2019-04-28,Active
A0002540,C001810,Savings,2018-08-13,Active
A0002541,C001810,Credit Card,2018-08-13,Active
A0002542,C001811,Credit Card,2020-06-20,Active
A0002543,C001812,Credit Card,2018-04-22,Active
A0002544,C001813,Current,2023-10-09,Active
A0002545,C001814,Current,2020-10-27,Active
A0002546,C001814,Current,2020-10-27,Active
A0002547,C001815,Current,2020-12-06,Active
A0002548,C001815,Savings,2020-12-06,Active
A0002549,C001816,Savings,2020-07-12,Active
A0002550,C001817,Current,2018-08-19,Active
A0002551,C001818,Current,2025-08-19,Active
A0002552,C001819,Current,2025-04-18,Active
A0002553,C001820,Current,2020-09-20,Active
A0002554,C001821,Savings,2020-07-16,Active
A0002555,C001821,Current,2020-07-16,Active
A0002556,C001822,Savings,2019-06-16,Active
A0002557,C001823,Current,2023-11-20,Active
A0002558,C001824,Current,2021-02-10,Active
A0002559,C001825,Current,2019-07-15,Active
A0002560,C001826,Savings,2019-05-18,Active
A0002561,C001827,Credit Card,2019-01-01,Active
A0002562,C001828,Current,2024-04-17,Active
A0002563,C001828,Savings,2024-04-17,Closed
A0002564,C001829,Current,2020-09-02,Active
A0002565,C001829,Credit Card,2020-09-02,Active
A0002566,C001830,Current,2021-08-26,Dormant
A0002567,C001830,Current,2021-08-26,Active
A0002568,C001831,Current,2025-05-10,Active
A0002569,C001832,Savings,2021-01-22,Active
A0002570,C001833,Current,2022-02-07,Dormant
A0002571,C001833,Current,2022-02-07,Active
A0002572,C001834,Current,2023-10-02,Active
A0002573,C001834,Current,2023-10-02,Active
A0002574,C001835,Savings,2024-04-10,Dormant
A0002575,C001836,Credit Card,2021-04-03,Closed
A0002576,C001837,Current,2019-12-15,Active
A0002577,C001838,Current,2023-10-03,Active
A0002578,C001839,Current,2025-05-08,Active
A0002579,C001839,Current,2025-05-08,Active
A0002580,C001840,Savings,2020-09-22,Active
A0002581,C001841,Credit Card,2023-08-12,Active
A0002582,C001842,Savings,2023-07-08,Active
A0002583,C001842,Current,2023-07-08,Active
A0002584,C001843,Credit Card,2024-07-05,Active
A0002585,C001844,Savings,2025-02-07,Active
A0002586,C001845,Current,2021-11-22,Active
A0002587,C001845,Savings,2021-11-22,Closed
A0002588,C001846,Current,2021-12-07,Active
A0002589,C001847,Current,2025-04-18,Active
A0002590,C001848,Credit Card,2018-09-05,Active
A0002591,C001848,Current,2018-09-05,Active
A0002592,C001849,Current,2019-12-26,Active
A0002593,C001850,Current,2025-06-27,Active
A0002594,C001851,Savings,2024-05-18,Active
A0002595,C001852,Current,2019-06-27,Dormant
A0002596,C001852,Current,2019-06-27,Active
A0002597,C001853,Current,2022-09-05,Active
A0002598,C001853,Current,2022-09-05,Active
A0002599,C001854,Savings,2018-08-26,Active
A0002600,C001855,Savings,2018-05-10,Active
A0002601,C001856,Savings,2022-10-30,Dormant
A0002602,C001857,Current,2023-07-25,Active
A0002603,C001858,Current,2024-12-16,Active
A0002604,C001859,Current,2024-05-19,Active
A0002605,C001859,Savings,2024-05-19,Active
A0002606,C001860,Current,2020-10-31,Active
A0002607,C001861,Current,2020-04-01,Active
A0002608,C001862,Current,2024-04-17,Active
A0002609,C001863,Savings,2019-08-07,Active
A0002610,C001864,Current,2023-06-28,Active
A0002611,C001864,Current,2023-06-28,Active
A0002612,C001865,Current,2018-12-19,Active
A0002613,C001866,Savings,2019-12-08,Active
A0002614,C001866,Savings,2019-12-08,Active
A0002615,C001866,Savings,2019-12-08,Active
A0002616,C001867,Current,2019-08-09,Active
A0002617,C001867,Savings,2019-08-09,Active
A0002618,C001868,Savings,2020-12-08,Active
A0002619,C001868,Current,2020-12-08,Active
A0002620,C001869,Current,2019-01-20,Closed
A0002621,C001870,Current,2022-03-11,Active
A0002622,C001871,Current,2023-07-16,Active
A0002623,C001872,Credit Card,2025-06-27,Active
A0002624,C001873,Current,2019-03-02,Active
A0002625,C001873,Current,2019-03-02,Active
A0002626,C001873,Current,2019-03-02,Active
A0002627,C001874,Credit Card,2019-05-24,Active
A0002628,C001875,Savings,2019-07-25,Active
A0002629,C001876,Savings,2021-02-13,Active
A0002630,C001876,Savings,2021-02-13,Active
A0002631,C001877,Current,2018-01-28,Active
A0002632,C001878,Current,2018-12-30,Closed
A0002633,C001878,Current,2018-12-30,Active
A0002634,C001878,Current,2018-12-30,Active
A0002635,C001879,Current,2024-09-16,Closed
A0002636,C001879,Savings,2024-09-16,Active
A0002637,C001880,Savings,2022-08-22,Active
A0002638,C001880,Current,2022-08-22,Active
A0002639,C001881,Savings,2025-01-13,Active
A0002640,C001882,Current,2025-03-17,Active
A0002641,C001883,Credit Card,2019-07-04,Active
A0002642,C001883,Credit Card,2019-07-04,Active
A0002643,C001884,Credit Card,2019-08-07,Active
A0002644,C001885,Savings,2018-07-13,Active
A0002645,C001885,Credit Card,2018-07-13,Closed
A0002646,C001885,Credit Card,2018-07-13,Active
A0002647,C001886,Current,2021-02-04,Active
A0002648,C001887,Current,2018-03-25,Active
A0002649,C001888,Current,2019-02-02,Active
A0002650,C001888,Current,2019-02-02,Closed
A0002651,C001889,Savings,2019-07-16,Active
A0002652,C001889,Savings,2019-07-16,Active
A0002653,C001889,Credit Card,2019-07-16,Active
A0002654,C001890,Current,2021-09-22,Active
A0002655,C001891,Savings,2024-11-29,Active
A0002656,C001892,Credit Card,2018-03-04,Active
A0002657,C001892,Current,2018-03-04,Active
A0002658,C001893,Savings,2020-06-11,Active
A0002659,C001893,Savings,2020-06-11,Active
A0002660,C001894,Credit Card,2020-11-19,Active
A0002661,C001894,Credit Card,2020-11-19,Active
A0002662,C001895,Savings,2018-07-09,Active
A0002663,C001895,Current,2018-07-09,Active
A0002664,C001896,Current,2019-10-21,Active
A0002665,C001897,Current,2022-06-22,Closed
A0002666,C001898,Credit Card,2021-06-18,Active
A0002667,C001899,Savings,2020-03-20,Active
A0002668,C001900,Savings,2020-10-22,Active
A0002669,C001900,Savings,2020-10-22,Active
A0002670,C001900,Current,2020-10-22,Active
A0002671,C001901,Current,2023-11-09,Dormant
A0002672,C001901,Savings,2023-11-09,Active
A0002673,C001902,Current,2019-09-06,Active
A0002674,C001903,Current,2025-03-31,Active
A0002675,C001903,Savings,2025-03-31,Active
A0002676,C001904,Savings,2023-03-23,Active
A0002677,C001904,Current,2023-03-23,Active
A0002678,C001905,Current,2024-03-01,Active
A0002679,C001906,Current,2025-01-04,Active
A0002680,C001906,Current,2025-01-04,Active
A0002681,C001906,Savings,2025-01-04,Active
A0002682,C001907,Savings,2021-05-03,Active
A0002683,C001908,Savings,2022-08-16,Active
A0002684,C001909,Savings,2022-11-17,Active
A0002685,C001910,Savings,2023-06-10,Active
A0002686,C001910,Savings,2023-06-10,Active
A0002687,C001911,Current,2021-05-03,Dormant
A0002688,C001912,Savings,2023-01-28,Active
A0002689,C001913,Savings,2023-12-31,Active
A0002690,C001914,Current,2025-06-29,Active
A0002691,C001914,Current,2025-06-29,Active
A0002692,C001914,Savings,2025-06-29,Active
A0002693,C001915,Current,2020-12-29,Active
A0002694,C001916,Savings,2023-05-29,Active
A0002695,C001917,Current,2020-02-12,Active
A0002696,C001918,Current,2020-10-11,Active
A0002697,C001919,Credit Card,2023-02-01,Active
A0002698,C001920,Current,2024-04-24,Active
A0002699,C001921,Current,2022-08-19,Active
A0002700,C001922,Savings,2019-10-16,Active
A0002701,C001923,Current,2024-10-08,Closed
A0002702,C001924,Savings,2022-01-07,Active
A0002703,C001925,Credit Card,2024-10-15,Active
A0002704,C001925,Savings,2024-10-15,Active
A0002705,C001925,Current,2024-10-15,Active
A0002706,C001926,Savings,2024-01-15,Active
A0002707,C001926,Savings,2024-01-15,Active
A0002708,C001927,Current,2022-09-24,Active
A0002709,C001927,Savings,2022-09-24,Active
A0002710,C001928,Savings,2019-10-15,Active
A0002711,C001929,Current,2019-09-07,Active
A0002712,C001930,Current,2024-03-28,Active
A0002713,C001931,Current,2018-11-08,Active
A0002714,C001932,Current,2020-09-28,Active
A0002715,C001932,Credit Card,2020-09-28,Active
A0002716,C001932,Current,2020-09-28,Active
A0002717,C001933,Savings,2023-02-05,Dormant
A0002718,C001933,Current,2023-02-05,Active
A0002719,C001934,Current,2022-03-22,Active
A0002720,C001935,Current,2024-01-15,Active
A0002721,C001936,Savings,2018-10-19,Active
A0002722,C001937,Current,2020-06-28,Active
A0002723,C001937,Savings,2020-06-28,Active
A0002724,C001938,Current,2025-05-10,Active
A0002725,C001938,Savings,2025-05-10,Active
A0002726,C001939,Current,2025-04-28,Active
A0002727,C001939,Savings,2025-04-28,Active
A0002728,C001940,Current,2019-05-25,Active
A0002729,C001941,Current,2024-12-15,Closed
A0002730,C001941,Savings,2024-12-15,Active
A0002731,C001942,Credit Card,2018-05-20,Active
A0002732,C001942,Current,2018-05-20,Active
A0002733,C001943,Current,2022-10-01,Active
A0002734,C001944,Current,2018-02-01,Active
A0002735,C001945,Current,2018-11-03,Active
A0002736,C001945,Current,2018-11-03,Dormant
A0002737,C001946,Current,2020-03-05,Active
A0002738,C001947,Savings,2022-04-22,Active
A0002739,C001948,Current,2025-03-25,Active
A0002740,C001948,Savings,2025-03-25,Closed
A0002741,C001948,Current,2025-03-25,Closed
A0002742,C001949,Current,2023-08-26,Active
A0002743,C001950,Current,2018-11-14,Active
A0002744,C001951,Credit Card,2020-07-25,Active
A0002745,C001951,Savings,2020-07-25,Active
A0002746,C001952,Current,2024-10-15,Active
A0002747,C001953,Savings,2022-05-06,Active
A0002748,C001953,Savings,2022-05-06,Active
A0002749,C001954,Current,2021-11-08,Active
A0002750,C001954,Savings,2021-11-08,Active
A0002751,C001955,Credit Card,2019-05-13,Active
A0002752,C001956,Current,2021-03-01,Active
A0002753,C001956,Credit Card,2021-03-01,Dormant
A0002754,C001956,Credit Card,2021-03-01,Active
A0002755,C001957,Current,2024-12-17,Active
A0002756,C001957,Credit Card,2024-12-17,Active
A0002757,C001958,Credit Card,2020-05-18,Active
A0002758,C001958,Current,2020-05-18,Active
A0002759,C001959,Current,2024-03-07,Closed
A0002760,C001960,Current,2018-12-29,Active
A0002761,C001960,Savings,2018-12-29,Active
A0002762,C001961,Savings,2024-08-03,Active
A0002763,C001962,Current,2021-10-02,Active
A0002764,C001963,Savings,2022-11-04,Active
A0002765,C001964,Credit Card,2024-07-23,Active
A0002766,C001964,Savings,2024-07-23,Active
A0002767,C001965,Current,2018-12-31,Active
A0002768,C001966,Current,2024-02-04,Active
A0002769,C001966,Current,2024-02-04,Active
A0002770,C001967,Current,2019-05-17,Active
A0002771,C001967,Current,2019-05-17,Active
A0002772,C001967,Savings,2019-05-17,Active
A0002773,C001968,Current,2024-10-16,Active
A0002774,C001969,Current,2018-04-03,Active
A0002775,C001970,Current,2024-06-06,Active
A0002776,C001970,Current,2024-06-06,Active
A0002777,C001971,Savings,2021-08-05,Active
A0002778,C001972,Current,2022-05-18,Active
A0002779,C001973,Credit Card,2024-09-02,Active
A0002780,C001974,Current,2025-03-10,Active
A0002781,C001974,Savings,2025-03-10,Active
A0002782,C001974,Savings,2025-03-10,Active
A0002783,C001975,Credit Card,2025-03-01,Active
A0002784,C001976,Current,2021-05-30,Active
A0002785,C001976,Savings,2021-05-30,Active
A0002786,C001977,Current,2023-01-10,Active
A0002787,C001978,Savings,2022-01-24,Active
A0002788,C001979,Savings,2018-05-02,Dormant
A0002789,C001979,Credit Card,2018-05-02,Dormant
A0002790,C001980,Current,2023-07-16,Active
A0002791,C001980,Credit Card,2023-07-16,Active
A0002792,C001981,Current,2021-11-18,Active
A0002793,C001982,Savings,2021-10-31,Active
A0002794,C001983,Current,2022-01-28,Active
A0002795,C001984,Current,2022-10-14,Active
A0002796,C001985,Current,2025-04-14,Active
A0002797,C001985,Credit Card,2025-04-14,Active
A0002798,C001986,Current,2020-03-12,Active
A0002799,C001987,Savings,2021-05-15,Dormant
A0002800,C001987,Savings,2021-05-15,Active
A0002801,C001988,Credit Card,2020-08-30,Active
A0002802,C001989,Credit Card,2018-06-12,Active
A0002803,C001989,Current,2018-06-12,Active
A0002804,C001990,Credit Card,2021-03-04,Active
A0002805,C001991,Savings,2019-01-12,Active
A0002806,C001991,Current,2019-01-12,Active
A0002807,C001991,Savings,2019-01-12,Active
A0002808,C001992,Credit Card,2022-12-13,Active
A0002809,C001992,Current,2022-12-13,Active
A0002810,C001993,Savings,2024-11-01,Active
A0002811,C001994,Current,2020-03-05,Active
A0002812,C001994,Savings,2020-03-05,Active
A0002813,C001994,Savings,2020-03-05,Active
A0002814,C001995,Current,2018-08-25,Active
A0002815,C001996,Current,2024-12-26,Active
A0002816,C001996,Savings,2024-12-26,Dormant
A0002817,C001997,Savings,2024-04-24,Closed
A0002818,C001997,Current,2024-04-24,Active
A0002819,C001998,Current,2021-04-20,Active
A0002820,C001998,Savings,2021-04-20,Active
A0002821,C001999,Credit Card,2025-05-22,Active
A0002822,C002000,Current,2025-07-22,Active
A0002823,C002001,Current,2021-05-12,Active
A0002824,C002002,Savings,2022-08-10,Active
A0002825,C002002,Savings,2022-08-10,Active
A0002826,C002002,Current,2022-08-10,Active
A0002827,C002003,Savings,2024-01-12,Active
A0002828,C002003,Current,2024-01-12,Active
A0002829,C002004,Savings,2022-12-09,Active
A0002830,C002005,Current,2020-12-21,Dormant
A0002831,C002005,Savings,2020-12-21,Active
A0002832,C002006,Current,2023-07-03,Active
A0002833,C002007,Current,2019-01-17,Active
A0002834,C002007,Current,2019-01-17,Active
A0002835,C002008,Savings,2021-04-26,Active
A0002836,C002009,Current,2024-06-17,Active
A0002837,C002010,Current,2025-05-17,Active
A0002838,C002011,Credit Card,2024-05-11,Active
A0002839,C002012,Savings,2023-07-15,Active
A0002840,C002013,Savings,2022-01-04,Active
A0002841,C002014,Savings,2024-09-05,Active
A0002842,C002015,Current,2018-07-05,Active
A0002843,C002015,Current,2018-07-05,Dormant
A0002844,C002016,Savings,2020-09-01,Active
A0002845,C002016,Current,2020-09-01,Closed
A0002846,C002017,Credit Card,2020-05-12,Active
A0002847,C002018,Current,2023-12-21,Active
A0002848,C002019,Savings,2022-07-14,Active
A0002849,C002020,Credit Card,2023-01-20,Active
A0002850,C002020,Current,2023-01-20,Active
A0002851,C002021,Savings,2022-06-08,Active
A0002852,C002021,Savings,2022-06-08,Active
A0002853,C002022,Savings,2021-10-05,Active
A0002854,C002023,Current,2024-03-09,Active
A0002855,C002024,Savings,2020-11-30,Active
A0002856,C002025,Savings,2022-04-05,Active
A0002857,C002026,Current,2024-06-01,Active
A0002858,C002027,Credit Card,2023-11-17,Dormant
A0002859,C002027,Savings,2023-11-17,Active
A0002860,C002028,Current,2022-01-12,Active
A0002861,C002029,Savings,2021-05-06,Active
A0002862,C002030,Savings,2019-02-23,Active
A0002863,C002031,Current,2021-08-07,Active
A0002864,C002031,Current,2021-08-07,Active
A0002865,C002032,Savings,2023-06-27,Active
A0002866,C002033,Current,2024-03-09,Active
A0002867,C002034,Current,2022-09-02,Active
A0002868,C002035,Savings,2023-09-17,Active
A0002869,C002036,Credit Card,2018-12-14,Active
A0002870,C002036,Credit Card,2018-12-14,Active
A0002871,C002036,Current,2018-12-14,Active
A0002872,C002037,Savings,2018-12-16,Active
A0002873,C002038,Savings,2019-04-18,Active
A0002874,C002039,Savings,2024-07-14,Active
A0002875,C002040,Savings,2021-12-29,Active
A0002876,C002041,Savings,2022-03-30,Active
A0002877,C002042,Savings,2018-11-06,Active
A0002878,C002043,Savings,2023-04-19,Active
A0002879,C002044,Current,2022-07-02,Active
A0002880,C002045,Current,2021-05-31,Active
A0002881,C002046,Current,2018-03-24,Active
A0002882,C002046,Current,2018-03-24,Active
A0002883,C002047,Credit Card,2023-05-30,Active
A0002884,C002048,Credit Card,2025-01-30,Active
A0002885,C002048,Current,2025-01-30,Active
A0002886,C002048,Current,2025-01-30,Active
A0002887,C002049,Credit Card,2024-09-24,Active
A0002888,C002050,Current,2023-12-09,Active
A0002889,C002051,Current,2022-11-14,Active
A0002890,C002052,Savings,2019-03-03,Active
A0002891,C002052,Savings,2019-03-03,Active
A0002892,C002053,Current,2024-02-01,Active
A0002893,C002053,Current,2024-02-01,Active
A0002894,C002054,Current,2018-07-04,Active
A0002895,C002055,Current,2022-07-20,Active
A0002896,C002056,Current,2023-06-14,Active
A0002897,C002057,Current,2023-05-15,Active
A0002898,C002057,Current,2023-05-15,Active
A0002899,C002058,Savings,2020-11-19,Active
A0002900,C002058,Current,2020-11-19,Closed
A0002901,C002059,Current,2018-05-01,Active
A0002902,C002060,Current,2020-10-31,Active
A0002903,C002060,Current,2020-10-31,Dormant
A0002904,C002061,Savings,2018-08-26,Active
A0002905,C002061,Savings,2018-08-26,Active
A0002906,C002061,Current,2018-08-26,Active
A0002907,C002062,Credit Card,2022-12-13,Active
A0002908,C002062,Savings,2022-12-13,Active
A0002909,C002063,Savings,2018-08-02,Active
A0002910,C002064,Current,2025-02-27,Active
A0002911,C002065,Current,2018-11-21,Active
A0002912,C002066,Current,2022-08-08,Active
A0002913,C002067,Credit Card,2018-11-26,Active
A0002914,C002068,Savings,2024-01-02,Active
A0002915,C002069,Current,2021-08-28,Active
A0002916,C002070,Current,2019-08-07,Active
A0002917,C002071,Current,2020-08-19,Active
A0002918,C002072,Savings,2021-03-26,Active
A0002919,C002073,Current,2021-08-25,Active
A0002920,C002074,Current,2019-01-12,Active
A0002921,C002075,Current,2018-09-12,Active
A0002922,C002076,Current,2018-05-07,Dormant
A0002923,C002077,Credit Card,2019-01-31,Active
A0002924,C002078,Current,2021-01-24,Active
A0002925,C002079,Savings,2022-01-27,Active
A0002926,C002080,Savings,2019-12-23,Active
A0002927,C002081,Current,2019-07-20,Active
A0002928,C002082,Current,2022-07-17,Active
A0002929,C002083,Current,2024-03-14,Active
A0002930,C002083,Current,2024-03-14,Active
A0002931,C002083,Credit Card,2024-03-14,Active
A0002932,C002084,Savings,2025-05-30,Active
A0002933,C002085,Current,2021-02-19,Active
A0002934,C002085,Current,2021-02-19,Active
A0002935,C002086,Savings,2025-01-07,Active
A0002936,C002087,Current,2018-07-08,Active
A0002937,C002087,Current,2018-07-08,Active
A0002938,C002088,Savings,2021-10-13,Active
A0002939,C002089,Savings,2021-11-07,Active
A0002940,C002089,Savings,2021-11-07,Active
A0002941,C002090,Credit Card,2022-08-31,Active
A0002942,C002091,Savings,2023-05-28,Active
A0002943,C002092,Current,2023-08-21,Active
A0002944,C002093,Current,2019-03-13,Active
A0002945,C002094,Savings,2023-06-30,Active
A0002946,C002094,Current,2023-06-30,Active
A0002947,C002095,Current,2020-05-19,Active
A0002948,C002095,Current,2020-05-19,Active
A0002949,C002096,Current,2021-03-24,Active
A0002950,C002097,Current,2023-04-19,Active
A0002951,C002098,Savings,2020-07-09,Active
A0002952,C002099,Credit Card,2022-09-14,Active
A0002953,C002100,Current,2018-03-20,Active
A0002954,C002100,Savings,2018-03-20,Active
A0002955,C002101,Savings,2024-06-09,Active
A0002956,C002102,Current,2025-05-21,Active
A0002957,C002102,Current,2025-05-21,Active
A0002958,C002103,Savings,2021-12-23,Active
A0002959,C002104,Current,2018-04-30,Active
A0002960,C002105,Current,2020-09-16,Active
A0002961,C002106,Current,2025-04-05,Active
A0002962,C002107,Savings,2024-05-05,Active
A0002963,C002108,Savings,2019-05-26,Closed
A0002964,C002109,Credit Card,2019-03-02,Active
A0002965,C002109,Current,2019-03-02,Active
A0002966,C002110,Credit Card,2020-07-01,Active
A0002967,C002110,Savings,2020-07-01,Active
A0002968,C002111,Credit Card,2019-01-22,Active
A0002969,C002112,Current,2018-02-20,Dormant
A0002970,C002113,Savings,2019-12-11,Active
A0002971,C002114,Credit Card,2022-09-22,Active
A0002972,C002115,Savings,2019-12-11,Active
A0002973,C002116,Current,2019-12-15,Active
A0002974,C002116,Savings,2019-12-15,Active
A0002975,C002117,Current,2019-04-25,Active
A0002976,C002117,Current,2019-04-25,Active
A0002977,C002118,Current,2024-07-21,Active
A0002978,C002118,Current,2024-07-21,Closed
A0002979,C002119,Current,2019-05-07,Active
A0002980,C002120,Savings,2025-08-31,Active
A0002981,C002121,Savings,2018-07-14,Active
A0002982,C002122,Savings,2020-05-13,Closed
A0002983,C002123,Current,2024-10-23,Active
A0002984,C002123,Savings,2024-10-23,Active
A0002985,C002124,Savings,2024-02-29,Active
A0002986,C002124,Savings,2024-02-29,Active
A0002987,C002125,Current,2022-08-07,Active
A0002988,C002126,Current,2023-09-02,Active
A0002989,C002127,Current,2023-10-12,Active
A0002990,C002128,Current,2024-12-02,Active
A0002991,C002129,Savings,2024-10-03,Active
A0002992,C002130,Credit Card,2022-09-13,Active
A0002993,C002130,Current,2022-09-13,Active
A0002994,C002131,Credit Card,2021-11-03,Active
A0002995,C002132,Current,2025-01-07,Active
A0002996,C002132,Credit Card,2025-01-07,Active
A0002997,C002133,Current,2025-07-15,Active
A0002998,C002133,Current,2025-07-15,Active
A0002999,C002134,Credit Card,2022-04-02,Closed
A0003000,C002135,Savings,2020-08-23,Active
A0003001,C002135,Current,2020-08-23,Active
A0003002,C002136,Current,2019-11-23,Active
A0003003,C002136,Current,2019-11-23,Dormant
A0003004,C002137,Current,2025-05-02,Active
A0003005,C002138,Savings,2021-01-17,Active
A0003006,C002138,Current,2021-01-17,Active
A0003007,C002139,Current,2023-05-18,Active
A0003008,C002140,Current,2018-01-02,Active
A0003009,C002141,Credit Card,2019-03-06,Active
A0003010,C002141,Savings,2019-03-06,Active
A0003011,C002141,Current,2019-03-06,Active
A0003012,C002142,Current,2021-03-01,Active
A0003013,C002143,Current,2024-08-08,Active
A0003014,C002143,Current,2024-08-08,Active
A0003015,C002143,Savings,2024-08-08,Active
A0003016,C002144,Current,2025-06-11,Active
A0003017,C002145,Current,2024-06-25,Active
A0003018,C002146,Savings,2019-03-08,Active
A0003019,C002146,Current,2019-03-08,Active
A0003020,C002147,Current,2025-08-01,Active
A0003021,C002148,Savings,2018-12-21,Active
A0003022,C002148,Savings,2018-12-21,Dormant
A0003023,C002148,Credit Card,2018-12-21,Active
A0003024,C002149,Savings,2024-11-19,Active
A0003025,C002149,Savings,2024-11-19,Active
A0003026,C002150,Current,2023-02-20,Active
A0003027,C002151,Savings,2020-12-26,Active
A0003028,C002151,Credit Card,2020-12-26,Closed
A0003029,C002151,Current,2020-12-26,Active
A0003030,C002152,Credit Card,2020-06-26,Active
A0003031,C002152,Current,2020-06-26,Active
A0003032,C002152,Current,2020-06-26,Active
A0003033,C002153,Current,2022-10-25,Active
A0003034,C002153,Current,2022-10-25,Active
A0003035,C002154,Savings,2020-10-16,Active
A0003036,C002155,Current,2023-01-22,Active
A0003037,C002155,Savings,2023-01-22,Active
A0003038,C002156,Savings,2022-05-16,Active
A0003039,C002157,Credit Card,2025-05-18,Active
A0003040,C002158,Current,2024-03-29,Active
A0003041,C002158,Credit Card,2024-03-29,Active
A0003042,C002159,Savings,2018-02-03,Active
A0003043,C002159,Credit Card,2018-02-03,Active
A0003044,C002160,Current,2019-10-03,Active
A0003045,C002160,Savings,2019-10-03,Active
A0003046,C002161,Current,2018-08-26,Active
A0003047,C002161,Savings,2018-08-26,Active
A0003048,C002162,Savings,2025-05-29,Dormant
A0003049,C002162,Savings,2025-05-29,Active
A0003050,C002162,Current,2025-05-29,Active
A0003051,C002163,Savings,2020-04-18,Active
A0003052,C002163,Credit Card,2020-04-18,Active
A0003053,C002164,Savings,2025-02-26,Dormant
A0003054,C002165,Current,2021-03-03,Active
A0003055,C002166,Current,2021-03-19,Active
A0003056,C002167,Savings,2019-08-15,Dormant
A0003057,C002168,Savings,2024-12-28,Active
A0003058,C002168,Savings,2024-12-28,Active
A0003059,C002169,Current,2020-05-30,Closed
A0003060,C002170,Current,2023-12-06,Active
A0003061,C002171,Savings,2021-12-13,Active
A0003062,C002171,Current,2021-12-13,Active
A0003063,C002172,Current,2025-05-28,Active
A0003064,C002173,Current,2023-01-13,Active
A0003065,C002173,Current,2023-01-13,Active
A0003066,C002174,Current,2025-03-25,Active
A0003067,C002175,Savings,2021-03-27,Active
A0003068,C002175,Current,2021-03-27,Active
A0003069,C002176,Credit Card,2018-05-21,Active
A0003070,C002177,Current,2021-06-28,Active
A0003071,C002178,Current,2021-02-05,Active
A0003072,C002179,Current,2024-04-05,Active
A0003073,C002180,Current,2025-01-20,Active
A0003074,C002181,Savings,2025-04-05,Active
A0003075,C002182,Current,2024-07-20,Active
A0003076,C002183,Current,2019-04-12,Active
A0003077,C002183,Savings,2019-04-12,Active
A0003078,C002184,Current,2018-05-27,Active
A0003079,C002185,Current,2021-12-26,Dormant
A0003080,C002186,Credit Card,2018-12-01,Active
A0003081,C002187,Current,2018-01-13,Active
A0003082,C002188,Current,2021-04-29,Active
A0003083,C002188,Savings,2021-04-29,Active
A0003084,C002188,Savings,2021-04-29,Active
A0003085,C002189,Savings,2018-09-26,Active
A0003086,C002189,Savings,2018-09-26,Active
A0003087,C002190,Savings,2019-08-24,Active
A0003088,C002191,Savings,2018-03-20,Active
A0003089,C002192,Savings,2020-12-30,Active
A0003090,C002193,Current,2019-08-15,Active
A0003091,C002194,Savings,2022-04-02,Active
A0003092,C002194,Current,2022-04-02,Active
A0003093,C002194,Current,2022-04-02,Active
A0003094,C002195,Current,2019-07-12,Active
A0003095,C002195,Current,2019-07-12,Active
A0003096,C002196,Current,2018-10-15,Dormant
A0003097,C002197,Current,2023-05-04,Active
A0003098,C002198,Current,2025-03-07,Active
A0003099,C002198,Current,2025-03-07,Active
A0003100,C002199,Current,2023-12-12,Active
A0003101,C002200,Current,2018-01-09,Active
A0003102,C002201,Credit Card,2025-01-03,Active
A0003103,C002202,Current,2018-01-20,Active
A0003104,C002202,Current,2018-01-20,Active
A0003105,C002203,Current,2025-04-09,Active
A0003106,C002204,Current,2024-05-20,Active
A0003107,C002205,Current,2021-01-19,Active
A0003108,C002206,Current,2021-12-24,Active
A0003109,C002206,Savings,2021-12-24,Active
A0003110,C002207,Credit Card,2023-01-03,Active
A0003111,C002207,Credit Card,2023-01-03,Active
A0003112,C002208,Savings,2021-03-21,Active
A0003113,C002208,Current,2021-03-21,Active
A0003114,C002208,Current,2021-03-21,Active
A0003115,C002209,Savings,2024-08-14,Active
A0003116,C002210,Savings,2024-05-20,Active
A0003117,C002210,Savings,2024-05-20,Active
A0003118,C002210,Savings,2024-05-20,Active
A0003119,C002211,Credit Card,2023-03-30,Dormant
A0003120,C002212,Savings,2023-12-30,Active
A0003121,C002213,Current,2024-08-04,Active
A0003122,C002214,Current,2024-09-19,Active
A0003123,C002214,Savings,2024-09-19,Active
A0003124,C002215,Current,2019-03-12,Active
A0003125,C002216,Current,2020-08-03,Active
A0003126,C002217,Current,2022-11-24,Active
A0003127,C002218,Savings,2025-06-06,Active
A0003128,C002219,Current,2025-01-06,Active
A0003129,C002220,Savings,2024-02-08,Active
A0003130,C002221,Current,2024-08-23,Closed
A0003131,C002222,Current,2021-11-30,Active
A0003132,C002223,Savings,2018-06-15,Active
A0003133,C002224,Current,2022-09-21,Active
A0003134,C002224,Current,2022-09-21,Active
A0003135,C002225,Savings,2019-09-26,Dormant
A0003136,C002225,Savings,2019-09-26,Active
A0003137,C002226,Current,2018-03-30,Dormant
A0003138,C002227,Current,2024-05-07,Active
A0003139,C002227,Current,2024-05-07,Closed
A0003140,C002228,Savings,2023-12-17,Active
A0003141,C002228,Current,2023-12-17,Active
A0003142,C002229,Savings,2025-07-12,Active
A0003143,C002230,Current,2023-10-04,Active
A0003144,C002231,Current,2019-06-20,Active
A0003145,C002232,Current,2020-03-13,Active
A0003146,C002233,Current,2025-05-19,Active
A0003147,C002234,Current,2020-08-24,Active
A0003148,C002234,Savings,2020-08-24,Dormant
A0003149,C002235,Current,2020-12-17,Active
A0003150,C002235,Savings,2020-12-17,Active
A0003151,C002236,Current,2023-09-04,Dormant
A0003152,C002237,Savings,2018-08-10,Active
A0003153,C002238,Current,2020-01-01,Active
A0003154,C002239,Current,2022-01-19,Active
A0003155,C002240,Current,2025-04-01,Active
A0003156,C002240,Current,2025-04-01,Active
A0003157,C002241,Current,2019-09-05,Active
A0003158,C002241,Credit Card,2019-09-05,Active
A0003159,C002242,Savings,2023-10-06,Active
A0003160,C002243,Savings,2018-08-27,Active
A0003161,C002244,Current,2020-08-18,Active
A0003162,C002245,Savings,2020-10-02,Active
A0003163,C002246,Current,2019-05-07,Active
A0003164,C002247,Savings,2024-12-10,Active
A0003165,C002247,Credit Card,2024-12-10,Active
A0003166,C002248,Current,2020-01-06,Active
A0003167,C002248,Current,2020-01-06,Active
A0003168,C002249,Current,2018-02-09,Active
A0003169,C002250,Savings,2024-01-03,Active
A0003170,C002250,Current,2024-01-03,Active
A0003171,C002251,Current,2021-10-04,Active
A0003172,C002251,Current,2021-10-04,Active
A0003173,C002251,Current,2021-10-04,Active
A0003174,C002252,Credit Card,2022-04-04,Active
A0003175,C002252,Current,2022-04-04,Active
A0003176,C002252,Current,2022-04-04,Active
A0003177,C002253,Savings,2020-08-28,Active
A0003178,C002254,Savings,2021-03-28,Active
A0003179,C002255,Current,2020-03-31,Dormant
A0003180,C002256,Current,2023-07-22,Active
A0003181,C002257,Current,2020-03-30,Active
A0003182,C002257,Current,2020-03-30,Active
A0003183,C002258,Current,2018-08-14,Active
A0003184,C002259,Current,2023-08-19,Active
A0003185,C002259,Current,2023-08-19,Active
A0003186,C002260,Credit Card,2023-06-10,Active
A0003187,C002260,Current,2023-06-10,Active
A0003188,C002261,Credit Card,2022-10-31,Active
A0003189,C002262,Current,2022-02-13,Active
A0003190,C002263,Current,2018-08-14,Active
A0003191,C002264,Current,2022-12-28,Active
A0003192,C002265,Savings,2018-04-23,Active
A0003193,C002266,Current,2019-12-27,Active
A0003194,C002266,Current,2019-12-27,Active
A0003195,C002267,Savings,2020-10-27,Closed
A0003196,C002268,Current,2022-11-12,Active
A0003197,C002268,Current,2022-11-12,Active
A0003198,C002269,Savings,2023-05-29,Active
A0003199,C002270,Savings,2021-03-29,Closed
A0003200,C002271,Current,2023-04-03,Active
A0003201,C002272,Current,2023-11-24,Active
A0003202,C002273,Credit Card,2018-11-18,Active
A0003203,C002274,Current,2018-01-29,Active
A0003204,C002275,Savings,2018-09-25,Closed
A0003205,C002276,Savings,2020-10-11,Active
A0003206,C002277,Savings,2018-02-18,Active
A0003207,C002278,Current,2020-12-29,Active
A0003208,C002279,Savings,2024-02-05,Active
A0003209,C002280,Savings,2023-10-24,Active
A0003210,C002280,Credit Card,2023-10-24,Active
A0003211,C002280,Current,2023-10-24,Active
A0003212,C002281,Current,2019-02-15,Active
A0003213,C002281,Current,2019-02-15,Active
A0003214,C002282,Current,2022-02-19,Active
A0003215,C002283,Current,2018-02-27,Closed
A0003216,C002284,Current,2022-12-15,Active
A0003217,C002284,Savings,2022-12-15,Active
A0003218,C002285,Savings,2018-06-09,Dormant
A0003219,C002286,Savings,2020-06-11,Active
A0003220,C002287,Current,2022-11-05,Active
A0003221,C002288,Savings,2018-11-10,Active
A0003222,C002289,Current,2022-03-15,Active
A0003223,C002290,Current,2023-03-24,Active
A0003224,C002290,Current,2023-03-24,Active
A0003225,C002290,Savings,2023-03-24,Active
A0003226,C002291,Credit Card,2023-05-16,Active
A0003227,C002292,Current,2022-06-10,Active
A0003228,C002292,Savings,2022-06-10,Active
A0003229,C002293,Credit Card,2023-10-12,Active
A0003230,C002293,Current,2023-10-12,Active
A0003231,C002293,Credit Card,2023-10-12,Active
A0003232,C002294,Current,2018-02-25,Active
A0003233,C002294,Savings,2018-02-25,Active
A0003234,C002295,Current,2023-12-03,Active
A0003235,C002295,Savings,2023-12-03,Active
A0003236,C002296,Current,2022-07-06,Active
A0003237,C002296,Current,2022-07-06,Active
A0003238,C002297,Current,2019-12-24,Active
A0003239,C002298,Current,2025-08-08,Active
A0003240,C002299,Savings,2020-08-31,Closed
A0003241,C002300,Current,2020-11-17,Active
A0003242,C002301,Current,2022-10-30,Active
A0003243,C002302,Current,2024-02-16,Active
A0003244,C002302,Savings,2024-02-16,Active
A0003245,C002303,Savings,2019-02-17,Active
A0003246,C002303,Current,2019-02-17,Active
A0003247,C002304,Current,2025-01-15,Active
A0003248,C002305,Current,2018-04-11,Active
A0003249,C002306,Current,2023-10-28,Active
A0003250,C002306,Savings,2023-10-28,Active
A0003251,C002307,Current,2022-03-29,Active
A0003252,C002308,Current,2025-01-22,Active
A0003253,C002308,Credit Card,2025-01-22,Closed
A0003254,C002309,Current,2022-03-12,Active
A0003255,C002310,Savings,2019-08-21,Active
A0003256,C002310,Current,2019-08-21,Active
A0003257,C002311,Current,2021-11-29,Active
A0003258,C002312,Savings,2024-12-20,Active
A0003259,C002313,Current,2018-01-15,Dormant
A0003260,C002314,Savings,2021-09-16,Active
A0003261,C002314,Savings,2021-09-16,Active
A0003262,C002315,Savings,2019-05-31,Active
A0003263,C002316,Current,2018-03-03,Active
A0003264,C002317,Current,2024-04-25,Active
A0003265,C002318,Credit Card,2021-01-14,Dormant
A0003266,C002319,Current,2020-11-03,Active
A0003267,C002319,Current,2020-11-03,Active
A0003268,C002320,Savings,2025-03-24,Dormant
A0003269,C002321,Current,2020-04-14,Active
A0003270,C002322,Savings,2024-06-24,Active
A0003271,C002322,Current,2024-06-24,Active
A0003272,C002323,Savings,2024-09-16,Active
A0003273,C002323,Current,2024-09-16,Active
A0003274,C002324,Savings,2023-12-25,Active
A0003275,C002325,Savings,2025-03-19,Active
A0003276,C002325,Current,2025-03-19,Active
A0003277,C002326,Credit Card,2020-04-25,Active
A0003278,C002327,Credit Card,2018-09-23,Active
A0003279,C002328,Current,2025-08-21,Active
A0003280,C002329,Current,2022-07-28,Active
A0003281,C002329,Savings,2022-07-28,Active
A0003282,C002330,Current,2018-08-17,Active
A0003283,C002331,Current,2025-06-15,Active
A0003284,C002332,Current,2023-07-01,Active
A0003285,C002332,Current,2023-07-01,Active
A0003286,C002332,Current,2023-07-01,Active
A0003287,C002333,Savings,2018-11-22,Dormant
A0003288,C002333,Savings,2018-11-22,Active
A0003289,C002334,Current,2024-05-01,Active
A0003290,C002334,Current,2024-05-01,Active
A0003291,C002334,Credit Card,2024-05-01,Active
A0003292,C002335,Current,2021-05-12,Active
A0003293,C002336,Current,2018-08-28,Active
A0003294,C002337,Current,2024-06-30,Closed
A0003295,C002338,Current,2022-03-29,Active
A0003296,C002339,Credit Card,2019-02-05,Dormant
A0003297,C002340,Current,2018-08-14,Active
A0003298,C002341,Current,2021-07-04,Active
A0003299,C002341,Savings,2021-07-04,Active
A0003300,C002342,Current,2019-08-24,Active
A0003301,C002342,Credit Card,2019-08-24,Active
A0003302,C002343,Current,2023-07-04,Closed
A0003303,C002344,Current,2025-05-31,Active
A0003304,C002345,Current,2025-06-03,Active
A0003305,C002346,Current,2021-09-06,Active
A0003306,C002346,Current,2021-09-06,Active
A0003307,C002347,Credit Card,2024-12-07,Active
A0003308,C002348,Current,2018-03-13,Active
A0003309,C002349,Current,2021-05-13,Active
A0003310,C002350,Credit Card,2021-04-26,Active
A0003311,C002351,Savings,2019-05-08,Active
A0003312,C002352,Savings,2025-02-05,Active
A0003313,C002353,Savings,2024-03-23,Active
A0003314,C002353,Current,2024-03-23,Active
A0003315,C002353,Current,2024-03-23,Dormant
A0003316,C002354,Credit Card,2021-02-11,Dormant
A0003317,C002355,Savings,2021-03-13,Active
A0003318,C002356,Current,2022-02-12,Active
A0003319,C002357,Current,2023-03-25,Active
A0003320,C002358,Savings,2022-09-26,Active
A0003321,C002359,Current,2022-09-09,Active
A0003322,C002359,Current,2022-09-09,Active
A0003323,C002360,Current,2021-06-25,Active
A0003324,C002360,Current,2021-06-25,Active
A0003325,C002361,Current,2023-07-27,Dormant
A0003326,C002362,Current,2024-12-18,Active
A0003327,C002362,Current,2024-12-18,Active
A0003328,C002363,Current,2022-01-09,Active
A0003329,C002363,Current,2022-01-09,Active
A0003330,C002364,Current,2024-09-25,Active
A0003331,C002365,Current,2025-08-28,Active
A0003332,C002366,Credit Card,2022-11-20,Active
A0003333,C002366,Current,2022-11-20,Active
A0003334,C002366,Current,2022-11-20,Active
A0003335,C002367,Savings,2023-07-23,Active
A0003336,C002368,Savings,2020-05-24,Active
A0003337,C002368,Credit Card,2020-05-24,Active
A0003338,C002368,Savings,2020-05-24,Dormant
A0003339,C002369,Current,2023-01-20,Active
A0003340,C002369,Current,2023-01-20,Active
A0003341,C002369,Current,2023-01-20,Active
A0003342,C002370,Current,2022-06-10,Active
A0003343,C002371,Current,2024-07-22,Active
A0003344,C002372,Current,2024-12-05,Active
A0003345,C002373,Current,2022-10-10,Active
A0003346,C002374,Current,2019-08-18,Active
A0003347,C002375,Savings,2024-07-24,Active
A0003348,C002376,Savings,2019-11-25,Active
A0003349,C002376,Savings,2019-11-25,Active
A0003350,C002376,Current,2019-11-25,Active
A0003351,C002377,Credit Card,2021-10-08,Active
A0003352,C002377,Savings,2021-10-08,Active
A0003353,C002378,Current,2018-02-12,Active
A0003354,C002378,Current,2018-02-12,Active
A0003355,C002379,Current,2021-01-08,Active
A0003356,C002380,Current,2018-03-08,Active
A0003357,C002381,Current,2019-06-20,Active
A0003358,C002381,Current,2019-06-20,Closed
A0003359,C002382,Savings,2024-01-06,Active
A0003360,C002383,Current,2024-03-26,Active
A0003361,C002383,Current,2024-03-26,Active
A0003362,C002384,Credit Card,2020-10-08,Active
A0003363,C002385,Current,2021-01-02,Active
A0003364,C002385,Current,2021-01-02,Active
A0003365,C002386,Credit Card,2025-08-31,Active
A0003366,C002386,Current,2025-08-31,Active
A0003367,C002387,Credit Card,2018-06-12,Active
A0003368,C002388,Savings,2024-02-22,Active
A0003369,C002388,Current,2024-02-22,Active
A0003370,C002389,Savings,2022-05-02,Active
A0003371,C002390,Current,2023-12-30,Active
A0003372,C002391,Current,2020-09-25,Active
A0003373,C002391,Current,2020-09-25,Active
A0003374,C002392,Savings,2019-01-08,Active
A0003375,C002392,Credit Card,2019-01-08,Active
A0003376,C002393,Credit Card,2022-09-08,Active
A0003377,C002393,Credit Card,2022-09-08,Dormant
A0003378,C002394,Current,2019-12-18,Active
A0003379,C002395,Current,2023-09-02,Active
A0003380,C002396,Current,2020-11-30,Closed
A0003381,C002396,Current,2020-11-30,Active
A0003382,C002396,Current,2020-11-30,Active
A0003383,C002397,Current,2022-01-02,Active
A0003384,C002398,Current,2018-12-16,Active
A0003385,C002398,Current,2018-12-16,Active
A0003386,C002399,Current,2023-09-28,Active
A0003387,C002399,Savings,2023-09-28,Active
A0003388,C002400,Current,2024-12-27,Active
A0003389,C002400,Current,2024-12-27,Active
A0003390,C002401,Current,2019-06-10,Active
A0003391,C002401,Current,2019-06-10,Active
A0003392,C002402,Savings,2018-10-09,Active
A0003393,C002403,Credit Card,2020-02-20,Active
A0003394,C002404,Current,2025-08-13,Active
A0003395,C002405,Current,2019-09-12,Active
A0003396,C002406,Savings,2025-01-11,Active
A0003397,C002407,Current,2019-08-13,Active
A0003398,C002407,Savings,2019-08-13,Dormant
A0003399,C002408,Savings,2021-08-25,Active
A0003400,C002408,Current,2021-08-25,Active
A0003401,C002409,Credit Card,2019-09-24,Active
A0003402,C002409,Current,2019-09-24,Active
A0003403,C002410,Current,2025-08-10,Active
A0003404,C002411,Current,2020-03-04,Active
A0003405,C002412,Current,2020-06-08,Active
A0003406,C002413,Savings,2019-10-02,Active
A0003407,C002414,Current,2024-06-28,Active
A0003408,C002415,Current,2024-07-20,Active
A0003409,C002416,Savings,2025-02-17,Active
A0003410,C002416,Credit Card,2025-02-17,Active
A0003411,C002417,Current,2019-05-26,Active
A0003412,C002418,Savings,2020-11-26,Active
A0003413,C002418,Current,2020-11-26,Active
A0003414,C002419,Current,2020-08-28,Active
A0003415,C002420,Current,2022-10-22,Active
A0003416,C002421,Current,2022-03-19,Active
A0003417,C002422,Current,2021-01-24,Active
A0003418,C002423,Current,2023-03-10,Active
A0003419,C002424,Savings,2022-11-18,Dormant
A0003420,C002424,Savings,2022-11-18,Active
A0003421,C002425,Savings,2020-11-05,Dormant
A0003422,C002426,Credit Card,2022-12-11,Active
A0003423,C002427,Credit Card,2021-11-11,Active
A0003424,C002428,Current,2020-02-07,Active
A0003425,C002429,Current,2020-03-08,Active
A0003426,C002430,Savings,2025-05-25,Active
A0003427,C002430,Savings,2025-05-25,Active
A0003428,C002431,Credit Card,2022-08-31,Active
A0003429,C002431,Credit Card,2022-08-31,Active
A0003430,C002432,Savings,2020-12-06,Active
A0003431,C002432,Savings,2020-12-06,Active
A0003432,C002433,Current,2021-11-10,Dormant
A0003433,C002434,Current,2023-12-04,Active
A0003434,C002435,Current,2024-06-18,Active
A0003435,C002435,Current,2024-06-18,Active
A0003436,C002436,Savings,2020-12-11,Active
A0003437,C002436,Current,2020-12-11,Active
A0003438,C002436,Savings,2020-12-11,Active
A0003439,C002437,Current,2023-06-13,Dormant
A0003440,C002437,Current,2023-06-13,Active
A0003441,C002438,Current,2018-12-02,Active
A0003442,C002439,Savings,2020-01-14,Active
A0003443,C002440,Current,2019-05-12,Closed
A0003444,C002441,Current,2021-04-13,Active
A0003445,C002442,Current,2022-12-18,Active
A0003446,C002443,Savings,2019-11-01,Active
A0003447,C002443,Current,2019-11-01,Active
A0003448,C002444,Savings,2023-10-21,Active
A0003449,C002444,Current,2023-10-21,Active
A0003450,C002445,Credit Card,2019-12-11,Active
A0003451,C002446,Current,2025-07-22,Active
A0003452,C002446,Savings,2025-07-22,Active
A0003453,C002446,Current,2025-07-22,Active
A0003454,C002447,Current,2020-11-14,Active
A0003455,C002448,Current,2021-01-08,Active
A0003456,C002449,Current,2019-04-28,Active
A0003457,C002450,Current,2018-07-22,Active
A0003458,C002451,Savings,2020-06-13,Active
A0003459,C002452,Current,2022-04-09,Active
A0003460,C002453,Savings,2024-08-28,Active
A0003461,C002454,Savings,2021-06-19,Active
A0003462,C002454,Savings,2021-06-19,Active
A0003463,C002455,Current,2023-02-12,Active
A0003464,C002456,Current,2019-07-08,Active
A0003465,C002456,Current,2019-07-08,Active
A0003466,C002456,Savings,2019-07-08,Active
A0003467,C002457,Savings,2022-08-01,Active
A0003468,C002458,Current,2025-05-09,Active
A0003469,C002458,Current,2025-05-09,Active
A0003470,C002459,Current,2022-07-14,Active
A0003471,C002459,Current,2022-07-14,Active
A0003472,C002460,Current,2018-07-12,Active
A0003473,C002461,Current,2022-11-22,Active
A0003474,C002462,Savings,2021-02-02,Active
A0003475,C002463,Current,2025-04-26,Active
A0003476,C002464,Current,2019-04-18,Active
A0003477,C002464,Credit Card,2019-04-18,Active
A0003478,C002465,Savings,2022-01-19,Active
A0003479,C002465,Current,2022-01-19,Active
A0003480,C002466,Credit Card,2021-12-30,Active
A0003481,C002467,Current,2020-04-21,Active
A0003482,C002467,Current,2020-04-21,Active
A0003483,C002468,Current,2023-01-11,Active
A0003484,C002469,Current,2021-06-16,Closed
A0003485,C002470,Savings,2021-11-06,Active
A0003486,C002471,Current,2025-03-19,Active
A0003487,C002471,Credit Card,2025-03-19,Active
A0003488,C002472,Current,2025-03-16,Active
A0003489,C002473,Credit Card,2023-11-07,Active
A0003490,C002473,Savings,2023-11-07,Active
A0003491,C002474,Savings,2018-09-06,Active
A0003492,C002475,Savings,2020-02-29,Active
A0003493,C002475,Savings,2020-02-29,Active
A0003494,C002476,Current,2019-11-24,Active
A0003495,C002476,Current,2019-11-24,Active
A0003496,C002477,Current,2022-08-09,Active
A0003497,C002477,Savings,2022-08-09,Active
A0003498,C002477,Credit Card,2022-08-09,Active
A0003499,C002478,Current,2024-09-22,Active
A0003500,C002479,Savings,2019-11-15,Active
A0003501,C002479,Savings,2019-11-15,Active
A0003502,C002480,Current,2021-09-28,Active
A0003503,C002480,Savings,2021-09-28,Active
A0003504,C002481,Current,2018-02-07,Active
A0003505,C002482,Current,2020-09-14,Active
A0003506,C002482,Savings,2020-09-14,Active
A0003507,C002483,Savings,2024-05-20,Active
A0003508,C002484,Current,2024-04-01,Active
A0003509,C002485,Current,2022-05-25,Active
A0003510,C002486,Current,2019-11-02,Active
A0003511,C002487,Current,2022-05-20,Active
A0003512,C002488,Savings,2018-09-08,Active
A0003513,C002489,Current,2020-11-13,Active
A0003514,C002490,Current,2020-11-30,Active
A0003515,C002491,Credit Card,2020-01-28,Active
A0003516,C002491,Savings,2020-01-28,Active
A0003517,C002492,Credit Card,2020-04-26,Active
A0003518,C002493,Current,2018-11-24,Active
A0003519,C002493,Current,2018-11-24,Active
A0003520,C002494,Savings,2018-11-28,Active
A0003521,C002495,Current,2020-06-15,Active
A0003522,C002495,Current,2020-06-15,Active
A0003523,C002496,Current,2019-07-06,Active
A0003524,C002496,Current,2019-07-06,Active
A0003525,C002497,Current,2023-01-20,Active
A0003526,C002498,Current,2025-04-13,Active
A0003527,C002499,Current,2018-06-22,Active
A0003528,C002500,Current,2018-10-25,Active
A0003529,C002501,Savings,2020-02-19,Active
A0003530,C002501,Current,2020-02-19,Active
A0003531,C002502,Credit Card,2018-04-14,Active
A0003532,C002503,Current,2022-02-14,Active
A0003533,C002503,Current,2022-02-14,Active
A0003534,C002503,Current,2022-02-14,Active
A0003535,C002504,Current,2018-01-11,Active
A0003536,C002505,Savings,2019-05-27,Active
A0003537,C002506,Savings,2021-10-18,Dormant
A0003538,C002506,Current,2021-10-18,Active
A0003539,C002507,Savings,2022-06-09,Active
A0003540,C002507,Current,2022-06-09,Active
A0003541,C002508,Credit Card,2018-09-16,Active
A0003542,C002508,Current,2018-09-16,Active
A0003543,C002509,Savings,2021-08-22,Active
A0003544,C002510,Savings,2022-05-21,Active
A0003545,C002511,Credit Card,2022-02-16,Active
A0003546,C002511,Credit Card,2022-02-16,Active
A0003547,C002512,Current,2019-04-29,Active
A0003548,C002513,Savings,2023-12-02,Active
A0003549,C002513,Savings,2023-12-02,Active
A0003550,C002513,Current,2023-12-02,Closed
A0003551,C002514,Current,2022-12-05,Active
A0003552,C002515,Savings,2020-11-03,Active
A0003553,C002516,Savings,2022-05-12,Active
A0003554,C002517,Savings,2019-02-05,Active
A0003555,C002517,Current,2019-02-05,Active
A0003556,C002518,Savings,2020-01-04,Active
A0003557,C002519,Credit Card,2023-06-27,Active
A0003558,C002519,Current,2023-06-27,Active
A0003559,C002520,Savings,2021-10-20,Active
A0003560,C002521,Current,2024-01-12,Active
A0003561,C002522,Credit Card,2024-10-12,Active
A0003562,C002522,Current,2024-10-12,Active
A0003563,C002523,Credit Card,2022-10-21,Active
A0003564,C002524,Current,2021-07-17,Active
A0003565,C002525,Savings,2019-09-15,Active
A0003566,C002525,Current,2019-09-15,Active
A0003567,C002526,Current,2024-10-17,Active
A0003568,C002526,Current,2024-10-17,Active
A0003569,C002527,Savings,2019-05-19,Active
A0003570,C002527,Current,2019-05-19,Active
A0003571,C002528,Savings,2024-04-08,Active
A0003572,C002528,Current,2024-04-08,Active
A0003573,C002529,Current,2022-03-30,Active
A0003574,C002530,Current,2018-05-11,Active
A0003575,C002530,Savings,2018-05-11,Active
A0003576,C002531,Credit Card,2024-08-20,Active
A0003577,C002531,Savings,2024-08-20,Active
A0003578,C002532,Credit Card,2019-12-18,Active
A0003579,C002532,Current,2019-12-18,Active
A0003580,C002533,Current,2018-08-27,Active
A0003581,C002533,Credit Card,2018-08-27,Active
A0003582,C002534,Savings,2022-09-18,Active
A0003583,C002534,Credit Card,2022-09-18,Active
A0003584,C002535,Current,2018-12-22,Active
A0003585,C002536,Credit Card,2024-11-12,Dormant
A0003586,C002536,Savings,2024-11-12,Closed
A0003587,C002537,Credit Card,2020-12-12,Active
A0003588,C002538,Savings,2021-11-29,Active
A0003589,C002539,Savings,2024-08-14,Active
A0003590,C002540,Savings,2022-01-08,Active
A0003591,C002541,Savings,2022-12-31,Active
A0003592,C002542,Current,2018-11-07,Active
A0003593,C002543,Savings,2025-03-09,Active
A0003594,C002543,Current,2025-03-09,Active
A0003595,C002544,Current,2020-05-14,Active
A0003596,C002545,Savings,2021-01-31,Active
A0003597,C002546,Credit Card,2023-12-18,Dormant
A0003598,C002547,Savings,2022-04-19,Active
A0003599,C002548,Current,2018-06-26,Active
A0003600,C002548,Current,2018-06-26,Active
A0003601,C002549,Savings,2023-03-02,Active
A0003602,C002550,Savings,2022-02-26,Active
A0003603,C002551,Current,2023-04-01,Active
A0003604,C002551,Current,2023-04-01,Active
A0003605,C002552,Savings,2021-09-25,Active
A0003606,C002552,Current,2021-09-25,Active
A0003607,C002553,Savings,2019-05-20,Active
A0003608,C002554,Current,2024-02-12,Active
A0003609,C002555,Savings,2019-06-05,Active
A0003610,C002555,Credit Card,2019-06-05,Active
A0003611,C002556,Current,2025-03-18,Active
A0003612,C002556,Savings,2025-03-18,Active
A0003613,C002557,Credit Card,2018-01-02,Active
A0003614,C002557,Savings,2018-01-02,Active
A0003615,C002558,Current,2019-03-31,Active
A0003616,C002559,Current,2018-07-11,Active
A0003617,C002560,Current,2022-06-05,Dormant
A0003618,C002561,Current,2020-02-11,Active
A0003619,C002561,Savings,2020-02-11,Active
A0003620,C002562,Credit Card,2018-12-10,Active
A0003621,C002562,Current,2018-12-10,Active
A0003622,C002563,Current,2019-09-27,Active
A0003623,C002564,Savings,2024-09-06,Active
A0003624,C002565,Current,2022-05-31,Active
A0003625,C002566,Current,2020-01-20,Active
A0003626,C002567,Current,2019-07-09,Active
A0003627,C002568,Current,2023-05-23,Active
A0003628,C002569,Current,2023-10-11,Active
A0003629,C002570,Savings,2020-02-15,Active
A0003630,C002570,Current,2020-02-15,Active
A0003631,C002571,Current,2018-07-04,Dormant
A0003632,C002571,Current,2018-07-04,Active
A0003633,C002572,Current,2022-08-29,Active
A0003634,C002573,Credit Card,2018-11-21,Active
A0003635,C002574,Savings,2020-12-10,Active
A0003636,C002574,Current,2020-12-10,Active
A0003637,C002575,Current,2021-04-12,Active
A0003638,C002576,Current,2019-10-30,Active
A0003639,C002577,Credit Card,2021-01-20,Active
A0003640,C002577,Savings,2021-01-20,Active
A0003641,C002578,Current,2020-08-17,Active
A0003642,C002579,Credit Card,2020-10-27,Active
A0003643,C002579,Current,2020-10-27,Active
A0003644,C002580,Savings,2020-10-13,Active
A0003645,C002580,Savings,2020-10-13,Active
A0003646,C002581,Savings,2021-07-07,Active
A0003647,C002582,Current,2021-11-30,Active
A0003648,C002582,Current,2021-11-30,Active
A0003649,C002583,Current,2023-08-04,Active
A0003650,C002584,Credit Card,2018-08-21,Active
A0003651,C002585,Current,2021-07-16,Active
A0003652,C002586,Current,2018-01-07,Active
A0003653,C002587,Current,2018-07-02,Active
A0003654,C002588,Savings,2024-07-20,Active
A0003655,C002588,Credit Card,2024-07-20,Dormant
A0003656,C002588,Credit Card,2024-07-20,Active
A0003657,C002589,Current,2021-02-10,Active
A0003658,C002590,Current,2019-04-03,Dormant
A0003659,C002590,Current,2019-04-03,Active
A0003660,C002590,Savings,2019-04-03,Active
A0003661,C002591,Current,2018-10-28,Active
A0003662,C002592,Savings,2020-09-12,Active
A0003663,C002593,Current,2018-08-16,Active
A0003664,C002594,Savings,2019-05-29,Active
A0003665,C002595,Savings,2022-03-28,Active
A0003666,C002595,Savings,2022-03-28,Active
A0003667,C002595,Current,2022-03-28,Active
A0003668,C002596,Current,2021-06-08,Active
A0003669,C002597,Credit Card,2019-03-10,Active
A0003670,C002598,Current,2022-10-16,Active
A0003671,C002599,Savings,2019-01-05,Active
A0003672,C002600,Current,2022-11-04,Active
A0003673,C002600,Current,2022-11-04,Active
A0003674,C002601,Savings,2024-08-21,Active
A0003675,C002602,Savings,2020-08-16,Active
A0003676,C002602,Current,2020-08-16,Active
A0003677,C002603,Savings,2024-08-13,Active
A0003678,C002604,Current,2025-07-06,Active
A0003679,C002605,Savings,2018-06-08,Active
A0003680,C002606,Credit Card,2021-10-23,Active
A0003681,C002606,Current,2021-10-23,Active
A0003682,C002607,Credit Card,2020-04-26,Active
A0003683,C002607,Current,2020-04-26,Active
A0003684,C002608,Savings,2023-07-29,Active
A0003685,C002609,Current,2024-09-06,Active
A0003686,C002610,Current,2021-08-08,Dormant
A0003687,C002611,Current,2023-02-23,Active
A0003688,C002611,Current,2023-02-23,Active
A0003689,C002612,Credit Card,2020-10-06,Active
A0003690,C002612,Savings,2020-10-06,Active
A0003691,C002613,Credit Card,2020-07-25,Dormant
A0003692,C002613,Current,2020-07-25,Active
A0003693,C002614,Current,2025-06-10,Active
A0003694,C002614,Savings,2025-06-10,Active
A0003695,C002615,Current,2023-04-16,Active
A0003696,C002616,Current,2020-12-15,Active
A0003697,C002617,Savings,2024-10-02,Active
A0003698,C002617,Current,2024-10-02,Active
A0003699,C002618,Savings,2024-02-06,Active
A0003700,C002618,Savings,2024-02-06,Active
A0003701,C002619,Credit Card,2023-02-04,Active
A0003702,C002620,Savings,2021-10-17,Dormant
A0003703,C002621,Current,2024-05-29,Active
A0003704,C002622,Credit Card,2021-02-28,Active
A0003705,C002623,Savings,2024-11-30,Active
A0003706,C002624,Current,2020-08-05,Dormant
A0003707,C002625,Current,2023-08-18,Active
A0003708,C002626,Current,2020-12-28,Active
A0003709,C002627,Credit Card,2022-03-04,Active
A0003710,C002628,Current,2019-05-24,Active
A0003711,C002628,Current,2019-05-24,Active
A0003712,C002629,Current,2021-12-15,Active
A0003713,C002630,Savings,2025-03-16,Active
A0003714,C002630,Current,2025-03-16,Active
A0003715,C002631,Current,2020-06-06,Active
A0003716,C002632,Current,2025-08-17,Active
A0003717,C002632,Credit Card,2025-08-17,Active
A0003718,C002633,Credit Card,2021-01-12,Active
A0003719,C002634,Credit Card,2022-03-15,Active
A0003720,C002635,Current,2022-04-06,Active
A0003721,C002636,Current,2024-12-01,Closed
A0003722,C002637,Current,2022-11-09,Active
A0003723,C002637,Savings,2022-11-09,Active
A0003724,C002638,Current,2024-09-21,Active
A0003725,C002639,Current,2024-12-18,Active
A0003726,C002640,Current,2020-06-28,Active
A0003727,C002641,Current,2021-08-20,Active
A0003728,C002641,Savings,2021-08-20,Active
A0003729,C002642,Current,2022-10-29,Active
A0003730,C002643,Savings,2020-08-12,Active
A0003731,C002644,Current,2023-08-16,Active
A0003732,C002645,Savings,2022-08-02,Active
A0003733,C002646,Savings,2018-10-24,Active
A0003734,C002647,Current,2023-11-01,Active
A0003735,C002648,Credit Card,2019-05-03,Active
A0003736,C002649,Current,2024-03-14,Dormant
A0003737,C002650,Current,2022-12-29,Active
A0003738,C002650,Credit Card,2022-12-29,Active
A0003739,C002651,Current,2023-08-11,Active
A0003740,C002652,Savings,2024-03-02,Active
A0003741,C002652,Current,2024-03-02,Active
A0003742,C002653,Current,2018-02-19,Active
A0003743,C002654,Savings,2020-12-22,Active
A0003744,C002655,Savings,2021-08-28,Active
A0003745,C002656,Current,2023-01-05,Active
A0003746,C002657,Current,2023-06-09,Active
A0003747,C002658,Credit Card,2021-08-01,Active
A0003748,C002659,Current,2025-07-15,Active
A0003749,C002659,Current,2025-07-15,Active
A0003750,C002660,Savings,2021-12-01,Closed
A0003751,C002660,Current,2021-12-01,Active
A0003752,C002661,Current,2022-09-27,Active
A0003753,C002661,Credit Card,2022-09-27,Active
A0003754,C002662,Current,2020-07-15,Active
A0003755,C002663,Current,2025-08-20,Active
A0003756,C002664,Savings,2019-05-21,Active
A0003757,C002665,Savings,2023-05-23,Active
A0003758,C002666,Savings,2021-09-26,Active
A0003759,C002667,Savings,2022-01-19,Active
A0003760,C002667,Savings,2022-01-19,Active
A0003761,C002668,Current,2021-06-11,Active
A0003762,C002669,Savings,2022-06-08,Active
A0003763,C002670,Current,2020-08-04,Dormant
A0003764,C002671,Savings,2023-08-18,Active
A0003765,C002672,Savings,2019-10-12,Active
A0003766,C002672,Credit Card,2019-10-12,Active
A0003767,C002673,Current,2022-02-13,Active
A0003768,C002673,Current,2022-02-13,Active
A0003769,C002674,Current,2024-11-22,Active
A0003770,C002675,Savings,2025-06-05,Active
A0003771,C002675,Savings,2025-06-05,Active
A0003772,C002676,Savings,2022-08-15,Active
A0003773,C002677,Savings,2022-11-11,Active
A0003774,C002678,Current,2022-01-06,Active
A0003775,C002679,Current,2024-01-30,Active
A0003776,C002679,Savings,2024-01-30,Active
A0003777,C002680,Credit Card,2018-07-17,Active
A0003778,C002680,Current,2018-07-17,Active
A0003779,C002681,Current,2018-06-04,Active
A0003780,C002682,Savings,2019-01-26,Active
A0003781,C002683,Savings,2019-04-17,Active
A0003782,C002684,Savings,2023-09-10,Active
A0003783,C002685,Savings,2018-02-09,Active
A0003784,C002685,Current,2018-02-09,Active
A0003785,C002686,Credit Card,2021-01-27,Active
A0003786,C002687,Savings,2018-08-17,Active
A0003787,C002688,Credit Card,2018-07-11,Active
A0003788,C002689,Savings,2019-05-13,Active
A0003789,C002690,Savings,2018-07-01,Active
A0003790,C002691,Current,2018-09-04,Active
A0003791,C002692,Current,2023-09-12,Active
A0003792,C002693,Credit Card,2022-03-12,Dormant
A0003793,C002694,Savings,2021-03-16,Active
A0003794,C002695,Savings,2018-07-12,Active
A0003795,C002696,Credit Card,2025-02-06,Active
A0003796,C002696,Current,2025-02-06,Active
A0003797,C002697,Savings,2020-01-15,Active
A0003798,C002697,Current,2020-01-15,Active
A0003799,C002698,Savings,2019-10-25,Active
A0003800,C002698,Savings,2019-10-25,Active
A0003801,C002699,Current,2019-07-19,Dormant
A0003802,C002700,Current,2025-02-11,Active
A0003803,C002700,Current,2025-02-11,Active
A0003804,C002701,Current,2023-06-16,Active
A0003805,C002702,Savings,2019-09-07,Active
A0003806,C002702,Savings,2019-09-07,Active
A0003807,C002703,Credit Card,2021-09-17,Active
A0003808,C002704,Current,2022-06-18,Active
A0003809,C002704,Current,2022-06-18,Active
A0003810,C002705,Savings,2025-08-21,Active
A0003811,C002706,Savings,2022-06-06,Active
A0003812,C002706,Current,2022-06-06,Active
A0003813,C002707,Current,2021-02-03,Active
A0003814,C002708,Savings,2019-11-10,Active
A0003815,C002708,Savings,2019-11-10,Active
A0003816,C002709,Credit Card,2023-10-11,Active
A0003817,C002709,Current,2023-10-11,Active
A0003818,C002710,Savings,2021-10-02,Active
A0003819,C002710,Current,2021-10-02,Active
A0003820,C002710,Savings,2021-10-02,Active
A0003821,C002711,Current,2019-12-25,Active
A0003822,C002712,Credit Card,2023-04-27,Active
A0003823,C002713,Current,2018-11-11,Active
A0003824,C002713,Current,2018-11-11,Active
A0003825,C002714,Current,2022-05-08,Active
A0003826,C002714,Savings,2022-05-08,Active
A0003827,C002715,Savings,2018-12-22,Active
A0003828,C002715,Current,2018-12-22,Active
A0003829,C002716,Current,2021-05-20,Active
A0003830,C002717,Current,2023-07-04,Active
A0003831,C002717,Savings,2023-07-04,Active
A0003832,C002718,Current,2021-02-15,Active
A0003833,C002719,Savings,2025-02-22,Active
A0003834,C002719,Current,2025-02-22,Active
A0003835,C002720,Current,2023-03-16,Active
A0003836,C002721,Credit Card,2021-03-12,Active
A0003837,C002721,Current,2021-03-12,Active
A0003838,C002722,Current,2022-04-11,Active
A0003839,C002723,Savings,2025-04-30,Active
A0003840,C002724,Current,2022-05-24,Active
A0003841,C002725,Current,2020-08-16,Active
A0003842,C002726,Credit Card,2023-09-29,Active
A0003843,C002726,Savings,2023-09-29,Active
A0003844,C002727,Current,2021-06-25,Active
A0003845,C002727,Current,2021-06-25,Active
A0003846,C002728,Current,2022-11-29,Active
A0003847,C002729,Credit Card,2020-10-06,Active
A0003848,C002730,Savings,2020-08-13,Active
A0003849,C002731,Current,2019-01-16,Active
A0003850,C002731,Current,2019-01-16,Dormant
A0003851,C002731,Current,2019-01-16,Active
A0003852,C002732,Current,2021-04-20,Active
A0003853,C002733,Current,2020-07-17,Active
A0003854,C002733,Current,2020-07-17,Dormant
A0003855,C002734,Credit Card,2022-04-14,Active
A0003856,C002735,Savings,2020-07-26,Active
A0003857,C002736,Current,2023-07-26,Active
A0003858,C002737,Current,2025-08-27,Dormant
A0003859,C002738,Current,2020-03-15,Active
A0003860,C002738,Savings,2020-03-15,Active
A0003861,C002738,Savings,2020-03-15,Active
A0003862,C002739,Current,2018-04-02,Active
A0003863,C002739,Savings,2018-04-02,Active
A0003864,C002739,Current,2018-04-02,Active
A0003865,C002740,Savings,2022-10-14,Closed
A0003866,C002740,Savings,2022-10-14,Active
A0003867,C002741,Savings,2024-04-16,Active
A0003868,C002741,Savings,2024-04-16,Active
A0003869,C002742,Savings,2024-05-02,Active
A0003870,C002743,Current,2018-01-05,Active
A0003871,C002744,Current,2018-08-23,Active
A0003872,C002745,Savings,2022-02-26,Active
A0003873,C002746,Current,2023-05-20,Active
A0003874,C002747,Savings,2018-07-10,Active
A0003875,C002748,Savings,2020-06-11,Active
A0003876,C002749,Current,2022-11-19,Active
A0003877,C002749,Credit Card,2022-11-19,Active
A0003878,C002750,Current,2020-09-06,Active
A0003879,C002750,Savings,2020-09-06,Active
A0003880,C002751,Current,2018-10-06,Active
A0003881,C002751,Savings,2018-10-06,Active
A0003882,C002751,Current,2018-10-06,Active
A0003883,C002752,Savings,2022-05-06,Active
A0003884,C002753,Credit Card,2021-07-14,Active
A0003885,C002754,Credit Card,2024-02-25,Active
A0003886,C002754,Current,2024-02-25,Active
A0003887,C002755,Credit Card,2024-03-06,Active
A0003888,C002756,Savings,2024-03-25,Active
A0003889,C002757,Savings,2022-10-19,Closed
A0003890,C002757,Current,2022-10-19,Active
A0003891,C002758,Savings,2019-09-23,Active
A0003892,C002758,Savings,2019-09-23,Active
A0003893,C002759,Savings,2019-08-13,Active
A0003894,C002760,Savings,2022-05-13,Active
A0003895,C002761,Credit Card,2019-02-11,Active
A0003896,C002762,Credit Card,2019-11-16,Active
A0003897,C002763,Current,2023-04-18,Active
A0003898,C002763,Current,2023-04-18,Dormant
A0003899,C002764,Savings,2018-04-14,Active
A0003900,C002765,Current,2019-12-08,Active
A0003901,C002765,Current,2019-12-08,Active
A0003902,C002766,Savings,2020-04-10,Active
A0003903,C002767,Current,2023-08-14,Active
A0003904,C002767,Savings,2023-08-14,Active
A0003905,C002768,Current,2020-02-18,Active
A0003906,C002769,Current,2018-11-18,Active
A0003907,C002770,Current,2022-01-10,Closed
A0003908,C002771,Savings,2024-03-14,Active
A0003909,C002772,Savings,2019-03-22,Active
A0003910,C002772,Credit Card,2019-03-22,Active
A0003911,C002772,Savings,2019-03-22,Active
A0003912,C002773,Savings,2022-01-01,Active
A0003913,C002774,Credit Card,2019-08-08,Active
A0003914,C002774,Current,2019-08-08,Active
A0003915,C002775,Current,2023-09-25,Active
A0003916,C002775,Current,2023-09-25,Active
A0003917,C002775,Current,2023-09-25,Active
A0003918,C002776,Credit Card,2024-08-15,Active
A0003919,C002776,Savings,2024-08-15,Active
A0003920,C002777,Credit Card,2021-04-11,Active
A0003921,C002777,Savings,2021-04-11,Active
A0003922,C002778,Savings,2022-08-16,Active
A0003923,C002778,Savings,2022-08-16,Active
A0003924,C002779,Current,2025-08-11,Active
A0003925,C002779,Savings,2025-08-11,Active
A0003926,C002780,Current,2022-04-28,Active
A0003927,C002780,Savings,2022-04-28,Active
A0003928,C002781,Savings,2018-06-09,Active
A0003929,C002782,Credit Card,2024-09-24,Active
A0003930,C002782,Savings,2024-09-24,Active
A0003931,C002782,Current,2024-09-24,Active
A0003932,C002783,Savings,2018-08-04,Active
A0003933,C002783,Savings,2018-08-04,Dormant
A0003934,C002784,Credit Card,2021-04-05,Active
A0003935,C002784,Current,2021-04-05,Active
A0003936,C002785,Current,2023-07-20,Active
A0003937,C002786,Savings,2022-01-26,Active
A0003938,C002786,Savings,2022-01-26,Closed
A0003939,C002787,Current,2025-02-17,Active
A0003940,C002788,Current,2020-04-22,Active
A0003941,C002788,Savings,2020-04-22,Active
A0003942,C002788,Current,2020-04-22,Active
A0003943,C002789,Current,2024-11-30,Active
A0003944,C002790,Savings,2019-07-30,Active
A0003945,C002791,Current,2022-05-05,Active
A0003946,C002792,Savings,2018-09-22,Active
A0003947,C002793,Savings,2024-07-29,Active
A0003948,C002793,Savings,2024-07-29,Active
A0003949,C002794,Savings,2020-05-12,Active
A0003950,C002795,Savings,2020-02-25,Active
A0003951,C002795,Current,2020-02-25,Active
A0003952,C002796,Current,2021-01-03,Active
A0003953,C002796,Current,2021-01-03,Active
A0003954,C002796,Credit Card,2021-01-03,Active
A0003955,C002797,Savings,2023-02-18,Active
A0003956,C002798,Current,2018-09-21,Active
A0003957,C002799,Current,2022-09-29,Active
A0003958,C002799,Savings,2022-09-29,Active
A0003959,C002800,Current,2021-03-24,Active
A0003960,C002800,Savings,2021-03-24,Active
A0003961,C002801,Current,2021-10-21,Active
A0003962,C002802,Current,2021-04-27,Closed
A0003963,C002802,Current,2021-04-27,Active
A0003964,C002803,Savings,2021-01-05,Active
A0003965,C002803,Current,2021-01-05,Active
A0003966,C002804,Current,2023-05-22,Active
A0003967,C002804,Savings,2023-05-22,Active
A0003968,C002805,Current,2024-01-04,Active
A0003969,C002805,Savings,2024-01-04,Active
A0003970,C002806,Savings,2022-12-21,Active
A0003971,C002806,Current,2022-12-21,Active
A0003972,C002807,Savings,2023-09-14,Active
A0003973,C002808,Current,2024-11-16,Active
A0003974,C002808,Current,2024-11-16,Closed
A0003975,C002809,Current,2019-10-20,Dormant
A0003976,C002810,Current,2023-05-19,Active
A0003977,C002810,Credit Card,2023-05-19,Active
A0003978,C002811,Current,2020-07-09,Active
A0003979,C002812,Current,2022-02-10,Active
A0003980,C002812,Current,2022-02-10,Active
A0003981,C002813,Current,2023-06-29,Active
A0003982,C002814,Credit Card,2023-03-03,Active
A0003983,C002815,Current,2021-01-03,Active
A0003984,C002816,Savings,2019-01-10,Active
A0003985,C002817,Current,2024-11-08,Active
A0003986,C002818,Savings,2020-08-22,Active
A0003987,C002819,Current,2024-10-03,Active
A0003988,C002820,Current,2025-08-22,Active
A0003989,C002821,Current,2021-08-02,Active
A0003990,C002821,Current,2021-08-02,Active
A0003991,C002822,Savings,2024-04-15,Active
A0003992,C002823,Savings,2018-01-23,Active
A0003993,C002823,Savings,2018-01-23,Active
A0003994,C002823,Savings,2018-01-23,Active
A0003995,C002824,Current,2022-06-19,Active
A0003996,C002824,Current,2022-06-19,Active
A0003997,C002825,Current,2025-01-06,Active
A0003998,C002825,Current,2025-01-06,Active
A0003999,C002826,Savings,2020-05-12,Active
A0004000,C002826,Current,2020-05-12,Active
A0004001,C002827,Current,2021-10-15,Active
A0004002,C002827,Savings,2021-10-15,Active
A0004003,C002828,Credit Card,2022-12-10,Active
A0004004,C002828,Credit Card,2022-12-10,Active
A0004005,C002829,Savings,2025-02-06,Active
A0004006,C002830,Current,2019-08-05,Active
A0004007,C002831,Current,2024-12-04,Active
A0004008,C002831,Current,2024-12-04,Active
A0004009,C002832,Savings,2020-10-19,Active
A0004010,C002832,Savings,2020-10-19,Active
A0004011,C002833,Credit Card,2023-02-21,Active
A0004012,C002834,Savings,2019-04-05,Active
A0004013,C002834,Current,2019-04-05,Active
A0004014,C002835,Savings,2023-02-11,Active
A0004015,C002835,Savings,2023-02-11,Active
A0004016,C002836,Current,2025-07-30,Active
A0004017,C002837,Current,2020-06-25,Active
A0004018,C002838,Current,2020-01-12,Active
A0004019,C002838,Current,2020-01-12,Active
A0004020,C002838,Current,2020-01-12,Active
A0004021,C002839,Savings,2018-04-10,Active
A0004022,C002840,Current,2021-05-23,Active
A0004023,C002841,Savings,2022-07-08,Active
A0004024,C002842,Savings,2021-09-01,Active
A0004025,C002843,Current,2021-04-01,Active
A0004026,C002844,Savings,2020-03-31,Active
A0004027,C002845,Savings,2018-07-29,Active
A0004028,C002846,Current,2022-09-12,Active
A0004029,C002846,Current,2022-09-12,Active
A0004030,C002847,Current,2025-05-10,Active
A0004031,C002847,Savings,2025-05-10,Active
A0004032,C002848,Credit Card,2018-03-17,Active
A0004033,C002849,Current,2024-06-13,Active
A0004034,C002849,Savings,2024-06-13,Active
A0004035,C002850,Credit Card,2023-02-15,Active
A0004036,C002851,Current,2018-11-20,Active
A0004037,C002852,Credit Card,2024-05-03,Active
A0004038,C002853,Current,2023-11-11,Active
A0004039,C002853,Savings,2023-11-11,Active
A0004040,C002853,Current,2023-11-11,Active
A0004041,C002854,Current,2018-09-14,Dormant
A0004042,C002855,Current,2022-12-07,Active
A0004043,C002856,Current,2025-06-20,Active
A0004044,C002857,Savings,2021-02-11,Active
A0004045,C002858,Current,2021-04-20,Active
A0004046,C002859,Current,2020-08-10,Active
A0004047,C002859,Current,2020-08-10,Active
A0004048,C002860,Current,2025-08-09,Active
A0004049,C002860,Current,2025-08-09,Active
A0004050,C002861,Savings,2018-09-09,Active
A0004051,C002861,Credit Card,2018-09-09,Dormant
A0004052,C002862,Current,2018-01-12,Active
A0004053,C002862,Savings,2018-01-12,Active
A0004054,C002862,Current,2018-01-12,Active
A0004055,C002863,Current,2022-05-29,Active
A0004056,C002864,Current,2024-02-02,Active
A0004057,C002865,Current,2021-07-05,Active
A0004058,C002866,Savings,2018-02-06,Active
A0004059,C002867,Current,2020-01-24,Active
A0004060,C002867,Savings,2020-01-24,Active
A0004061,C002868,Current,2019-08-27,Active
A0004062,C002869,Current,2018-03-22,Active
A0004063,C002870,Current,2023-08-30,Dormant
A0004064,C002870,Credit Card,2023-08-30,Dormant
A0004065,C002871,Current,2020-03-08,Active
A0004066,C002872,Savings,2024-11-10,Active
A0004067,C002873,Savings,2022-12-05,Active
A0004068,C002874,Current,2018-10-26,Active
A0004069,C002875,Current,2023-03-01,Dormant
A0004070,C002876,Current,2019-09-10,Active
A0004071,C002877,Savings,2024-12-15,Active
A0004072,C002877,Savings,2024-12-15,Active
A0004073,C002877,Current,2024-12-15,Active
A0004074,C002878,Savings,2023-02-12,Active
A0004075,C002879,Current,2018-06-08,Active
A0004076,C002880,Current,2022-09-24,Active
A0004077,C002881,Current,2021-09-26,Active
A0004078,C002882,Savings,2019-04-07,Active
A0004079,C002883,Credit Card,2018-08-02,Active
A0004080,C002883,Savings,2018-08-02,Active
A0004081,C002884,Current,2018-12-15,Closed
A0004082,C002884,Current,2018-12-15,Active
A0004083,C002885,Savings,2022-08-17,Active
A0004084,C002886,Savings,2023-11-30,Active
A0004085,C002886,Current,2023-11-30,Dormant
A0004086,C002887,Credit Card,2021-11-28,Active
A0004087,C002888,Credit Card,2022-07-14,Active
A0004088,C002889,Savings,2019-06-05,Active
A0004089,C002890,Savings,2019-01-26,Active
A0004090,C002891,Savings,2021-07-19,Active
A0004091,C002892,Credit Card,2018-08-20,Active
A0004092,C002892,Savings,2018-08-20,Active
A0004093,C002893,Current,2024-09-18,Active
A0004094,C002894,Current,2023-08-28,Active
A0004095,C002895,Current,2023-02-21,Active
A0004096,C002896,Current,2023-05-01,Active
A0004097,C002897,Savings,2020-06-12,Active
A0004098,C002897,Current,2020-06-12,Active
A0004099,C002898,Savings,2021-03-24,Active
A0004100,C002899,Savings,2018-07-30,Active
A0004101,C002900,Current,2022-01-01,Dormant
A0004102,C002900,Savings,2022-01-01,Active
A0004103,C002900,Current,2022-01-01,Active
A0004104,C002901,Current,2024-06-01,Active
A0004105,C002902,Savings,2021-08-01,Active
A0004106,C002903,Current,2025-07-29,Active
A0004107,C002904,Current,2020-09-09,Active
A0004108,C002904,Credit Card,2020-09-09,Dormant
A0004109,C002905,Credit Card,2021-06-17,Active
A0004110,C002906,Savings,2019-02-10,Active
A0004111,C002907,Current,2022-11-29,Active
A0004112,C002907,Savings,2022-11-29,Active
A0004113,C002908,Current,2025-08-30,Active
A0004114,C002909,Savings,2019-08-19,Dormant
A0004115,C002910,Savings,2025-04-28,Active
A0004116,C002911,Current,2023-06-09,Active
A0004117,C002912,Current,2025-08-23,Active
A0004118,C002912,Current,2025-08-23,Active
A0004119,C002913,Savings,2022-06-24,Dormant
A0004120,C002914,Current,2019-09-25,Active
A0004121,C002914,Savings,2019-09-25,Active
A0004122,C002915,Current,2023-07-27,Active
A0004123,C002916,Savings,2024-03-02,Active
A0004124,C002917,Savings,2020-06-28,Active
A0004125,C002917,Savings,2020-06-28,Active
A0004126,C002918,Current,2021-10-25,Active
A0004127,C002919,Credit Card,2021-10-16,Active
A0004128,C002920,Current,2022-11-25,Active
A0004129,C002921,Current,2020-11-21,Active
A0004130,C002921,Savings,2020-11-21,Active
A0004131,C002921,Current,2020-11-21,Active
A0004132,C002922,Savings,2022-08-16,Active
A0004133,C002923,Savings,2021-04-06,Active
A0004134,C002924,Current,2023-07-30,Active
A0004135,C002925,Credit Card,2022-12-24,Active
A0004136,C002926,Current,2024-10-05,Active
A0004137,C002926,Current,2024-10-05,Active
A0004138,C002927,Savings,2019-10-15,Active
A0004139,C002928,Current,2020-01-27,Active
A0004140,C002929,Current,2022-05-24,Active
A0004141,C002930,Current,2025-04-10,Active
A0004142,C002931,Current,2025-07-17,Active
A0004143,C002931,Current,2025-07-17,Active
A0004144,C002932,Credit Card,2022-07-13,Active
A0004145,C002933,Current,2019-07-22,Active
A0004146,C002933,Credit Card,2019-07-22,Active
A0004147,C002934,Current,2020-05-05,Active
A0004148,C002934,Current,2020-05-05,Closed
A0004149,C002935,Credit Card,2024-06-05,Active
A0004150,C002936,Savings,2018-01-19,Active
A0004151,C002937,Savings,2022-02-17,Active
A0004152,C002938,Current,2024-11-14,Active
A0004153,C002939,Current,2019-01-26,Active
A0004154,C002939,Current,2019-01-26,Active
A0004155,C002940,Current,2025-05-15,Active
A0004156,C002940,Credit Card,2025-05-15,Active
A0004157,C002941,Current,2024-12-29,Active
A0004158,C002941,Savings,2024-12-29,Active
A0004159,C002942,Savings,2022-04-15,Active
A0004160,C002943,Current,2025-08-24,Active
A0004161,C002944,Current,2018-03-11,Active
A0004162,C002944,Savings,2018-03-11,Active
A0004163,C002945,Credit Card,2020-11-11,Dormant
A0004164,C002945,Credit Card,2020-11-11,Dormant
A0004165,C002946,Current,2018-12-31,Active
A0004166,C002947,Savings,2019-02-24,Active
A0004167,C002947,Current,2019-02-24,Active
A0004168,C002948,Credit Card,2024-07-04,Active
A0004169,C002949,Current,2020-04-09,Active
A0004170,C002949,Current,2020-04-09,Active
A0004171,C002950,Current,2023-04-16,Active
A0004172,C002951,Current,2024-07-13,Active
A0004173,C002952,Current,2019-04-08,Active
A0004174,C002953,Current,2021-10-31,Active
A0004175,C002954,Current,2022-05-17,Active
A0004176,C002955,Savings,2020-03-04,Active
A0004177,C002956,Savings,2025-02-21,Active
A0004178,C002956,Savings,2025-02-21,Active
A0004179,C002957,Savings,2020-06-08,Active
A0004180,C002958,Current,2022-07-07,Active
A0004181,C002959,Current,2018-10-04,Closed
A0004182,C002959,Current,2018-10-04,Dormant
A0004183,C002959,Current,2018-10-04,Active
A0004184,C002960,Current,2020-02-28,Active
A0004185,C002961,Current,2022-06-21,Active
A0004186,C002962,Savings,2020-08-07,Active
A0004187,C002963,Current,2018-12-10,Active
A0004188,C002963,Current,2018-12-10,Active
A0004189,C002964,Savings,2024-12-08,Closed
A0004190,C002964,Current,2024-12-08,Active
A0004191,C002965,Current,2020-02-01,Active
A0004192,C002965,Savings,2020-02-01,Active
A0004193,C002966,Current,2018-03-28,Active
A0004194,C002967,Current,2023-02-24,Active
A0004195,C002968,Current,2022-05-21,Active
A0004196,C002968,Credit Card,2022-05-21,Dormant
A0004197,C002969,Current,2023-05-21,Dormant
A0004198,C002970,Credit Card,2022-12-10,Active
A0004199,C002970,Savings,2022-12-10,Active
A0004200,C002971,Savings,2025-04-05,Active
A0004201,C002972,Savings,2024-07-01,Dormant
A0004202,C002973,Savings,2023-04-18,Active
A0004203,C002973,Savings,2023-04-18,Active
A0004204,C002974,Current,2021-08-08,Active
A0004205,C002975,Current,2018-12-24,Active
A0004206,C002975,Savings,2018-12-24,Active
A0004207,C002976,Current,2019-02-27,Active
A0004208,C002976,Savings,2019-02-27,Active
A0004209,C002977,Current,2024-07-19,Active
A0004210,C002977,Current,2024-07-19,Active
A0004211,C002977,Savings,2024-07-19,Active
A0004212,C002978,Current,2019-06-24,Active
A0004213,C002978,Savings,2019-06-24,Active
A0004214,C002978,Current,2019-06-24,Active
A0004215,C002979,Current,2024-02-17,Active
A0004216,C002980,Current,2019-04-18,Active
A0004217,C002981,Current,2019-03-06,Active
A0004218,C002982,Current,2020-04-07,Active
A0004219,C002983,Current,2018-12-23,Active
A0004220,C002984,Current,2024-01-05,Active
A0004221,C002984,Savings,2024-01-05,Active
A0004222,C002985,Current,2020-05-26,Active
A0004223,C002986,Current,2018-08-01,Active
A0004224,C002986,Savings,2018-08-01,Active
A0004225,C002987,Savings,2022-04-29,Active
A0004226,C002987,Current,2022-04-29,Active
A0004227,C002988,Current,2022-04-29,Active
A0004228,C002988,Credit Card,2022-04-29,Dormant
A0004229,C002989,Savings,2020-06-01,Active
A0004230,C002989,Savings,2020-06-01,Active
A0004231,C002990,Current,2018-03-24,Dormant
A0004232,C002991,Savings,2020-03-04,Active
A0004233,C002991,Savings,2020-03-04,Active
A0004234,C002992,Current,2019-10-09,Dormant
A0004235,C002993,Savings,2019-12-14,Active
A0004236,C002994,Current,2021-02-26,Active
A0004237,C002995,Current,2019-09-12,Active
A0004238,C002996,Current,2021-02-28,Active
A0004239,C002997,Savings,2022-04-18,Active
A0004240,C002997,Current,2022-04-18,Active
A0004241,C002997,Current,2022-04-18,Active
A0004242,C002998,Savings,2022-01-20,Closed
A0004243,C002999,Current,2018-06-03,Active
A0004244,C003000,Current,2018-08-25,Active
A0004245,C003001,Savings,2018-12-15,Active
A0004246,C003001,Current,2018-12-15,Active
A0004247,C003002,Savings,2024-07-15,Active
A0004248,C003003,Savings,2022-04-30,Closed
A0004249,C003003,Savings,2022-04-30,Active
A0004250,C003003,Savings,2022-04-30,Active
A0004251,C003004,Current,2019-09-08,Active
A0004252,C003004,Current,2019-09-08,Active
A0004253,C003005,Current,2018-06-26,Active
A0004254,C003006,Savings,2022-07-09,Active
A0004255,C003007,Current,2023-12-10,Active
A0004256,C003008,Savings,2023-06-15,Active
A0004257,C003008,Savings,2023-06-15,Dormant
A0004258,C003009,Current,2020-09-02,Active
A0004259,C003010,Credit Card,2018-01-01,Active
A0004260,C003011,Current,2020-05-11,Active
A0004261,C003012,Current,2020-05-04,Active
A0004262,C003013,Current,2023-06-07,Active
A0004263,C003014,Savings,2024-09-05,Active
A0004264,C003015,Savings,2024-01-18,Active
A0004265,C003016,Current,2018-04-25,Active
A0004266,C003017,Current,2019-01-17,Active
A0004267,C003017,Savings,2019-01-17,Dormant
A0004268,C003018,Current,2025-06-12,Active
A0004269,C003019,Savings,2024-11-10,Active
A0004270,C003019,Current,2024-11-10,Dormant
A0004271,C003019,Savings,2024-11-10,Active
A0004272,C003020,Savings,2022-06-16,Active
A0004273,C003021,Current,2025-01-20,Active
A0004274,C003022,Savings,2018-01-26,Active
A0004275,C003022,Credit Card,2018-01-26,Active
A0004276,C003023,Credit Card,2018-02-25,Closed
A0004277,C003024,Current,2024-12-12,Active
A0004278,C003024,Current,2024-12-12,Dormant
A0004279,C003025,Savings,2019-01-28,Active
A0004280,C003025,Credit Card,2019-01-28,Active
A0004281,C003026,Savings,2023-06-13,Active
A0004282,C003026,Savings,2023-06-13,Active
A0004283,C003026,Savings,2023-06-13,Active
A0004284,C003027,Credit Card,2023-11-28,Active
A0004285,C003027,Current,2023-11-28,Active
A0004286,C003027,Current,2023-11-28,Active
A0004287,C003028,Credit Card,2024-02-09,Active
A0004288,C003029,Current,2019-07-26,Active
A0004289,C003030,Current,2020-08-03,Active
A0004290,C003030,Credit Card,2020-08-03,Active
A0004291,C003031,Current,2018-08-23,Active
A0004292,C003032,Current,2022-05-30,Active
A0004293,C003033,Current,2019-07-31,Dormant
A0004294,C003034,Savings,2019-11-10,Active
A0004295,C003035,Current,2024-08-16,Active
A0004296,C003036,Savings,2021-09-02,Active
A0004297,C003037,Current,2020-04-04,Active
A0004298,C003038,Current,2019-09-07,Active
A0004299,C003039,Current,2023-09-12,Active
A0004300,C003040,Credit Card,2023-06-26,Active
A0004301,C003040,Current,2023-06-26,Active
A0004302,C003040,Current,2023-06-26,Active
A0004303,C003041,Current,2019-11-09,Active
A0004304,C003041,Current,2019-11-09,Active
A0004305,C003041,Savings,2019-11-09,Dormant
A0004306,C003042,Current,2020-12-30,Active
A0004307,C003043,Savings,2022-04-01,Active
A0004308,C003044,Savings,2020-08-12,Active
A0004309,C003045,Savings,2020-08-16,Active
A0004310,C003045,Credit Card,2020-08-16,Active
A0004311,C003046,Current,2021-01-24,Active
A0004312,C003047,Current,2020-12-24,Active
A0004313,C003048,Current,2018-10-02,Active
A0004314,C003049,Current,2021-04-06,Active
A0004315,C003050,Savings,2019-09-16,Dormant
A0004316,C003051,Current,2024-09-14,Active
A0004317,C003051,Current,2024-09-14,Active
A0004318,C003052,Current,2024-03-10,Active
A0004319,C003052,Savings,2024-03-10,Active
A0004320,C003053,Savings,2018-01-31,Active
A0004321,C003053,Current,2018-01-31,Active
A0004322,C003053,Savings,2018-01-31,Active
A0004323,C003054,Savings,2024-07-30,Active
A0004324,C003054,Current,2024-07-30,Active
A0004325,C003055,Current,2022-07-04,Active
A0004326,C003055,Current,2022-07-04,Dormant
A0004327,C003056,Current,2023-04-23,Active
A0004328,C003056,Savings,2023-04-23,Closed
A0004329,C003057,Current,2018-05-15,Dormant
A0004330,C003058,Current,2019-03-08,Closed
A0004331,C003058,Current,2019-03-08,Dormant
A0004332,C003058,Savings,2019-03-08,Active
A0004333,C003059,Savings,2019-09-18,Active
A0004334,C003059,Current,2019-09-18,Active
A0004335,C003059,Savings,2019-09-18,Active
A0004336,C003060,Savings,2021-08-19,Active
A0004337,C003060,Current,2021-08-19,Active
A0004338,C003061,Current,2020-12-27,Active
A0004339,C003061,Credit Card,2020-12-27,Active
A0004340,C003062,Current,2020-11-10,Active
A0004341,C003062,Current,2020-11-10,Active
A0004342,C003062,Savings,2020-11-10,Active
A0004343,C003063,Savings,2018-01-03,Active
A0004344,C003064,Savings,2022-06-13,Active
A0004345,C003065,Credit Card,2021-05-20,Active
A0004346,C003066,Current,2019-05-11,Closed
A0004347,C003067,Credit Card,2021-07-22,Active
A0004348,C003068,Current,2020-07-13,Active
A0004349,C003069,Current,2022-07-21,Active
A0004350,C003070,Current,2024-03-05,Active
A0004351,C003071,Savings,2024-09-04,Active
A0004352,C003072,Credit Card,2023-09-12,Active
A0004353,C003073,Current,2020-02-27,Active
A0004354,C003074,Savings,2023-08-26,Active
A0004355,C003075,Savings,2023-10-28,Active
A0004356,C003076,Current,2019-07-23,Active
A0004357,C003077,Savings,2024-10-29,Active
A0004358,C003077,Savings,2024-10-29,Active
A0004359,C003078,Current,2018-11-14,Active
A0004360,C003078,Savings,2018-11-14,Active
A0004361,C003078,Current,2018-11-14,Active
A0004362,C003079,Credit Card,2025-06-27,Active
A0004363,C003080,Savings,2018-02-14,Active
A0004364,C003080,Savings,2018-02-14,Active
A0004365,C003081,Current,2018-01-22,Active
A0004366,C003082,Current,2020-02-02,Active
A0004367,C003082,Savings,2020-02-02,Active
A0004368,C003083,Current,2022-04-26,Active
A0004369,C003084,Current,2024-07-07,Active
A0004370,C003084,Current,2024-07-07,Active
A0004371,C003085,Savings,2019-07-24,Active
A0004372,C003086,Current,2019-08-09,Active
A0004373,C003086,Credit Card,2019-08-09,Active
A0004374,C003087,Current,2025-07-11,Active
A0004375,C003088,Current,2025-05-14,Active
A0004376,C003089,Current,2023-04-04,Active
A0004377,C003090,Current,2020-05-10,Active
A0004378,C003091,Current,2024-10-21,Active
A0004379,C003092,Current,2021-10-19,Active
A0004380,C003093,Credit Card,2018-06-06,Dormant
A0004381,C003093,Savings,2018-06-06,Active
A0004382,C003094,Current,2022-05-18,Active
A0004383,C003095,Current,2024-01-28,Active
A0004384,C003096,Current,2024-04-09,Active
A0004385,C003096,Current,2024-04-09,Active
A0004386,C003097,Current,2023-05-21,Active
A0004387,C003098,Current,2025-08-06,Active
A0004388,C003098,Savings,2025-08-06,Active
A0004389,C003098,Current,2025-08-06,Active
A0004390,C003099,Current,2020-12-21,Active
A0004391,C003100,Savings,2020-10-28,Active
A0004392,C003101,Savings,2019-09-02,Active
A0004393,C003102,Current,2025-01-28,Active
A0004394,C003102,Current,2025-01-28,Active
A0004395,C003102,Current,2025-01-28,Dormant
A0004396,C003103,Current,2020-03-04,Active
A0004397,C003104,Savings,2024-01-23,Active
A0004398,C003105,Savings,2020-11-04,Active
A0004399,C003106,Credit Card,2020-11-30,Dormant
A0004400,C003106,Current,2020-11-30,Active
A0004401,C003107,Current,2023-03-29,Active
A0004402,C003108,Current,2019-09-04,Active
A0004403,C003109,Savings,2021-05-17,Dormant
A0004404,C003110,Current,2020-01-29,Active
A0004405,C003110,Savings,2020-01-29,Active
A0004406,C003111,Current,2022-11-24,Active
A0004407,C003112,Current,2022-07-15,Active
A0004408,C003113,Savings,2021-02-04,Active
A0004409,C003113,Current,2021-02-04,Active
A0004410,C003114,Current,2022-02-27,Active
A0004411,C003115,Current,2024-11-07,Active
A0004412,C003116,Savings,2023-05-23,Active
A0004413,C003117,Current,2025-08-04,Active
A0004414,C003118,Savings,2021-06-21,Dormant
A0004415,C003119,Current,2020-09-07,Active
A0004416,C003120,Savings,2023-10-23,Dormant
A0004417,C003121,Savings,2020-06-22,Dormant
A0004418,C003121,Credit Card,2020-06-22,Closed
A0004419,C003122,Current,2023-07-11,Active
A0004420,C003123,Current,2025-07-27,Active
A0004421,C003124,Current,2019-01-24,Active
A0004422,C003125,Credit Card,2019-01-22,Active
A0004423,C003125,Savings,2019-01-22,Active
A0004424,C003126,Savings,2024-07-13,Active
A0004425,C003127,Current,2019-10-29,Active
A0004426,C003128,Current,2024-07-06,Active
A0004427,C003128,Current,2024-07-06,Active
A0004428,C003129,Savings,2018-07-16,Active
A0004429,C003129,Savings,2018-07-16,Dormant
A0004430,C003130,Current,2020-04-05,Active
A0004431,C003130,Current,2020-04-05,Active
A0004432,C003131,Savings,2022-01-22,Active
A0004433,C003131,Current,2022-01-22,Active
A0004434,C003132,Current,2022-01-04,Active
A0004435,C003133,Current,2025-05-02,Active
A0004436,C003134,Current,2025-04-21,Active
A0004437,C003134,Credit Card,2025-04-21,Dormant
A0004438,C003135,Current,2020-04-24,Active
A0004439,C003135,Credit Card,2020-04-24,Active
A0004440,C003136,Current,2020-04-17,Active
A0004441,C003137,Current,2020-12-24,Active
A0004442,C003138,Credit Card,2023-02-04,Active
A0004443,C003138,Current,2023-02-04,Active
A0004444,C003138,Current,2023-02-04,Active
A0004445,C003139,Current,2021-05-11,Active
A0004446,C003140,Savings,2023-01-28,Active
A0004447,C003141,Current,2025-02-27,Active
A0004448,C003141,Savings,2025-02-27,Active
A0004449,C003142,Credit Card,2020-02-20,Active
A0004450,C003142,Credit Card,2020-02-20,Active
A0004451,C003143,Current,2022-10-17,Active
A0004452,C003143,Credit Card,2022-10-17,Active
A0004453,C003143,Credit Card,2022-10-17,Active
A0004454,C003144,Credit Card,2024-10-11,Active
A0004455,C003144,Current,2024-10-11,Active
A0004456,C003144,Savings,2024-10-11,Active
A0004457,C003145,Savings,2018-04-04,Active
A0004458,C003146,Savings,2023-07-05,Active
A0004459,C003147,Current,2024-11-19,Active
A0004460,C003147,Savings,2024-11-19,Active
A0004461,C003148,Savings,2018-11-10,Active
A0004462,C003149,Current,2021-03-27,Active
A0004463,C003150,Savings,2022-01-14,Active
A0004464,C003150,Current,2022-01-14,Closed
A0004465,C003151,Savings,2025-01-18,Active
A0004466,C003151,Savings,2025-01-18,Active
A0004467,C003152,Current,2022-01-16,Active
A0004468,C003153,Current,2021-06-05,Active
A0004469,C003154,Current,2020-05-18,Active
A0004470,C003154,Current,2020-05-18,Active
A0004471,C003155,Savings,2018-03-05,Active
A0004472,C003156,Current,2021-07-26,Active
A0004473,C003157,Savings,2021-02-26,Active
A0004474,C003158,Current,2023-12-30,Closed
A0004475,C003159,Savings,2024-06-08,Closed
A0004476,C003160,Credit Card,2020-06-16,Active
A0004477,C003160,Savings,2020-06-16,Active
A0004478,C003161,Savings,2020-11-16,Active
A0004479,C003162,Savings,2021-03-07,Active
A0004480,C003163,Savings,2024-03-23,Active
A0004481,C003164,Savings,2018-02-22,Active
A0004482,C003165,Current,2023-07-12,Active
A0004483,C003166,Credit Card,2019-12-27,Active
A0004484,C003166,Current,2019-12-27,Active
A0004485,C003167,Savings,2019-07-28,Active
A0004486,C003167,Savings,2019-07-28,Active
A0004487,C003168,Current,2025-06-08,Active
A0004488,C003169,Savings,2024-05-07,Active
A0004489,C003170,Savings,2021-02-26,Active
A0004490,C003171,Savings,2020-05-01,Active
A0004491,C003172,Savings,2023-03-13,Active
A0004492,C003173,Current,2024-08-30,Active
A0004493,C003173,Current,2024-08-30,Active
A0004494,C003174,Current,2018-04-03,Active
A0004495,C003175,Savings,2019-03-23,Active
A0004496,C003176,Current,2019-06-26,Active
A0004497,C003177,Savings,2023-10-09,Active
A0004498,C003177,Credit Card,2023-10-09,Active
A0004499,C003177,Current,2023-10-09,Active
A0004500,C003178,Savings,2020-04-19,Active
A0004501,C003179,Current,2019-12-07,Active
A0004502,C003179,Current,2019-12-07,Active
A0004503,C003179,Current,2019-12-07,Active
A0004504,C003180,Current,2023-02-05,Active
A0004505,C003181,Credit Card,2019-11-30,Active
A0004506,C003182,Savings,2020-05-10,Active
A0004507,C003182,Savings,2020-05-10,Active
A0004508,C003183,Savings,2025-04-08,Dormant
A0004509,C003183,Current,2025-04-08,Active
A0004510,C003183,Credit Card,2025-04-08,Active
A0004511,C003184,Current,2018-05-06,Active
A0004512,C003185,Current,2019-05-26,Active
A0004513,C003185,Current,2019-05-26,Active
A0004514,C003186,Current,2019-08-07,Active
A0004515,C003187,Current,2022-12-20,Active
A0004516,C003187,Credit Card,2022-12-20,Active
A0004517,C003188,Current,2023-01-18,Active
A0004518,C003189,Savings,2018-04-15,Active
A0004519,C003189,Current,2018-04-15,Active
A0004520,C003189,Current,2018-04-15,Active
A0004521,C003190,Current,2021-06-02,Active
A0004522,C003190,Current,2021-06-02,Active
A0004523,C003190,Savings,2021-06-02,Active
A0004524,C003191,Savings,2024-11-22,Active
A0004525,C003192,Current,2023-01-11,Active
A0004526,C003193,Current,2019-09-28,Closed
A0004527,C003194,Current,2021-02-27,Active
A0004528,C003194,Current,2021-02-27,Active
A0004529,C003194,Savings,2021-02-27,Active
A0004530,C003195,Savings,2023-11-28,Active
A0004531,C003196,Savings,2023-10-18,Active
A0004532,C003197,Savings,2020-08-27,Active
A0004533,C003197,Current,2020-08-27,Active
A0004534,C003198,Savings,2023-08-24,Active
A0004535,C003199,Current,2019-08-29,Active
A0004536,C003199,Current,2019-08-29,Active
A0004537,C003199,Savings,2019-08-29,Active
A0004538,C003200,Current,2018-04-08,Active
A0004539,C003201,Current,2025-08-16,Active
A0004540,C003202,Savings,2018-02-07,Active
A0004541,C003203,Savings,2018-07-04,Closed
A0004542,C003204,Savings,2021-04-01,Dormant
A0004543,C003205,Savings,2019-03-17,Active
A0004544,C003206,Credit Card,2025-04-28,Active
A0004545,C003207,Current,2024-02-10,Active
A0004546,C003207,Current,2024-02-10,Active
A0004547,C003208,Current,2019-04-26,Active
A0004548,C003209,Savings,2020-06-23,Active
A0004549,C003209,Current,2020-06-23,Active
A0004550,C003210,Current,2022-10-05,Active
A0004551,C003211,Current,2018-06-30,Active
A0004552,C003212,Credit Card,2022-08-07,Dormant
A0004553,C003213,Current,2023-02-25,Active
A0004554,C003214,Current,2019-03-28,Active
A0004555,C003215,Current,2024-10-18,Dormant
A0004556,C003216,Current,2023-03-01,Active
A0004557,C003217,Current,2024-02-14,Active
A0004558,C003217,Current,2024-02-14,Active
A0004559,C003218,Current,2019-09-28,Active
A0004560,C003219,Credit Card,2022-06-06,Active
A0004561,C003220,Current,2019-12-04,Active
A0004562,C003221,Current,2019-07-10,Active
A0004563,C003222,Credit Card,2021-08-31,Active
A0004564,C003222,Current,2021-08-31,Dormant
A0004565,C003223,Current,2018-04-04,Active
A0004566,C003224,Savings,2019-07-12,Active
A0004567,C003224,Savings,2019-07-12,Active
A0004568,C003225,Savings,2025-06-23,Active
A0004569,C003226,Credit Card,2020-03-16,Active
A0004570,C003227,Current,2022-09-26,Active
A0004571,C003227,Credit Card,2022-09-26,Active
A0004572,C003228,Savings,2023-02-03,Active
A0004573,C003229,Current,2019-01-18,Active
A0004574,C003230,Current,2018-01-03,Active
A0004575,C003231,Savings,2025-03-18,Active
A0004576,C003232,Current,2025-05-06,Closed
A0004577,C003232,Savings,2025-05-06,Active
A0004578,C003232,Savings,2025-05-06,Active
A0004579,C003233,Current,2021-07-10,Active
A0004580,C003234,Current,2021-12-01,Active
A0004581,C003234,Current,2021-12-01,Active
A0004582,C003235,Current,2022-03-26,Active
A0004583,C003236,Savings,2018-10-26,Active
A0004584,C003236,Credit Card,2018-10-26,Active
A0004585,C003237,Savings,2018-10-04,Active
A0004586,C003238,Credit Card,2019-04-19,Active
A0004587,C003239,Current,2020-10-21,Dormant
A0004588,C003239,Current,2020-10-21,Active
A0004589,C003240,Savings,2018-05-16,Active
A0004590,C003240,Credit Card,2018-05-16,Active
A0004591,C003240,Current,2018-05-16,Active
A0004592,C003241,Savings,2018-10-03,Active
A0004593,C003242,Savings,2018-06-27,Active
A0004594,C003243,Credit Card,2022-09-15,Active
A0004595,C003244,Current,2021-10-21,Active
A0004596,C003245,Current,2018-07-13,Active
A0004597,C003246,Savings,2024-08-10,Active
A0004598,C003247,Current,2019-07-30,Active
A0004599,C003248,Current,2019-01-19,Active
A0004600,C003248,Current,2019-01-19,Dormant
A0004601,C003248,Savings,2019-01-19,Active
A0004602,C003249,Credit Card,2021-12-01,Active
A0004603,C003250,Savings,2021-09-19,Dormant
A0004604,C003251,Savings,2023-12-06,Active
A0004605,C003252,Savings,2023-07-21,Active
A0004606,C003253,Current,2025-06-16,Active
A0004607,C003254,Savings,2020-02-04,Active
A0004608,C003255,Current,2022-01-30,Active
A0004609,C003255,Current,2022-01-30,Active
A0004610,C003256,Current,2022-09-20,Active
A0004611,C003257,Savings,2024-08-25,Active
A0004612,C003258,Savings,2018-02-22,Active
A0004613,C003258,Savings,2018-02-22,Active
A0004614,C003259,Savings,2023-08-28,Active
A0004615,C003260,Current,2022-12-05,Active
A0004616,C003260,Savings,2022-12-05,Active
A0004617,C003260,Current,2022-12-05,Active
A0004618,C003261,Current,2021-04-09,Active
A0004619,C003262,Credit Card,2019-08-05,Active
A0004620,C003263,Credit Card,2018-07-15,Active
A0004621,C003264,Current,2025-01-14,Active
A0004622,C003265,Credit Card,2024-08-08,Active
A0004623,C003265,Current,2024-08-08,Dormant
A0004624,C003266,Current,2020-02-16,Active
A0004625,C003267,Savings,2024-03-23,Active
A0004626,C003268,Current,2022-09-05,Active
A0004627,C003268,Current,2022-09-05,Active
A0004628,C003269,Current,2021-03-22,Active
A0004629,C003270,Savings,2020-08-21,Active
A0004630,C003270,Current,2020-08-21,Active
A0004631,C003271,Savings,2021-05-14,Active
A0004632,C003272,Savings,2025-05-26,Active
A0004633,C003272,Credit Card,2025-05-26,Active
A0004634,C003273,Current,2024-09-11,Active
A0004635,C003273,Current,2024-09-11,Active
A0004636,C003274,Savings,2021-12-23,Active
A0004637,C003275,Credit Card,2022-02-05,Dormant
A0004638,C003276,Current,2020-01-01,Active
A0004639,C003277,Credit Card,2023-04-04,Dormant
A0004640,C003278,Savings,2022-09-09,Active
A0004641,C003278,Savings,2022-09-09,Active
A0004642,C003279,Current,2019-05-29,Active
A0004643,C003280,Current,2021-07-10,Active
A0004644,C003281,Current,2021-10-25,Dormant
A0004645,C003282,Savings,2021-09-06,Closed
A0004646,C003283,Current,2018-07-22,Active
A0004647,C003284,Savings,2023-02-02,Active
A0004648,C003285,Current,2019-07-20,Active
A0004649,C003286,Current,2023-03-21,Dormant
A0004650,C003287,Current,2019-06-04,Active
A0004651,C003288,Current,2018-04-01,Active
A0004652,C003289,Savings,2018-05-17,Active
A0004653,C003290,Credit Card,2022-08-17,Active
A0004654,C003290,Current,2022-08-17,Active
A0004655,C003291,Current,2018-04-17,Active
A0004656,C003292,Credit Card,2020-02-15,Active
A0004657,C003292,Savings,2020-02-15,Active
A0004658,C003293,Savings,2020-05-27,Dormant
A0004659,C003293,Current,2020-05-27,Active
A0004660,C003294,Credit Card,2021-02-12,Active
A0004661,C003295,Current,2023-10-24,Active
A0004662,C003295,Credit Card,2023-10-24,Active
A0004663,C003295,Current,2023-10-24,Active
A0004664,C003296,Savings,2020-06-15,Active
A0004665,C003297,Current,2019-03-12,Active
A0004666,C003297,Current,2019-03-12,Active
A0004667,C003298,Credit Card,2019-08-17,Active
A0004668,C003298,Current,2019-08-17,Active
A0004669,C003299,Credit Card,2021-12-13,Closed
A0004670,C003300,Current,2022-10-24,Active
A0004671,C003300,Credit Card,2022-10-24,Active
A0004672,C003301,Current,2018-08-21,Active
A0004673,C003301,Current,2018-08-21,Active
A0004674,C003302,Current,2019-09-15,Active
A0004675,C003303,Savings,2024-04-15,Active
A0004676,C003303,Current,2024-04-15,Closed
A0004677,C003303,Current,2024-04-15,Active
A0004678,C003304,Current,2020-04-01,Active
A0004679,C003305,Savings,2021-03-28,Active
A0004680,C003306,Savings,2018-08-05,Active
A0004681,C003307,Current,2020-06-13,Active
A0004682,C003308,Current,2021-09-10,Active
A0004683,C003309,Current,2019-07-13,Active
A0004684,C003309,Current,2019-07-13,Closed
A0004685,C003309,Savings,2019-07-13,Active
A0004686,C003310,Current,2019-05-30,Active
A0004687,C003311,Savings,2021-12-15,Active
A0004688,C003311,Current,2021-12-15,Active
A0004689,C003312,Current,2019-05-07,Active
A0004690,C003313,Current,2019-12-09,Active
A0004691,C003313,Credit Card,2019-12-09,Active
A0004692,C003314,Current,2023-06-18,Active
A0004693,C003315,Current,2021-02-05,Active
A0004694,C003316,Credit Card,2020-11-05,Active
A0004695,C003316,Current,2020-11-05,Active
A0004696,C003316,Current,2020-11-05,Active
A0004697,C003317,Current,2025-02-03,Active
A0004698,C003317,Savings,2025-02-03,Dormant
A0004699,C003318,Savings,2018-11-07,Active
A0004700,C003319,Savings,2019-11-26,Active
A0004701,C003319,Current,2019-11-26,Active
A0004702,C003320,Savings,2018-04-16,Active
A0004703,C003320,Current,2018-04-16,Active
A0004704,C003321,Savings,2023-06-04,Active
A0004705,C003322,Current,2018-03-10,Active
A0004706,C003322,Current,2018-03-10,Dormant
A0004707,C003322,Current,2018-03-10,Active
A0004708,C003323,Current,2022-05-27,Active
A0004709,C003324,Current,2021-10-10,Active
A0004710,C003325,Current,2024-09-21,Active
A0004711,C003326,Current,2020-10-02,Active
A0004712,C003326,Savings,2020-10-02,Active
A0004713,C003327,Savings,2023-01-08,Dormant
A0004714,C003328,Current,2018-04-24,Active
A0004715,C003329,Current,2019-03-19,Active
A0004716,C003330,Savings,2024-09-25,Dormant
A0004717,C003331,Current,2024-09-11,Active
A0004718,C003331,Savings,2024-09-11,Active
A0004719,C003332,Credit Card,2021-09-13,Active
A0004720,C003333,Credit Card,2023-06-12,Active
A0004721,C003334,Current,2023-12-06,Active
A0004722,C003334,Credit Card,2023-12-06,Active
A0004723,C003335,Current,2020-01-09,Active
A0004724,C003336,Current,2021-12-29,Active
A0004725,C003337,Savings,2022-03-21,Active
A0004726,C003338,Current,2025-05-28,Active
A0004727,C003339,Current,2022-05-01,Active
A0004728,C003340,Current,2019-05-14,Active
A0004729,C003340,Current,2019-05-14,Active
A0004730,C003340,Current,2019-05-14,Active
A0004731,C003341,Savings,2019-09-30,Active
A0004732,C003341,Current,2019-09-30,Active
A0004733,C003342,Credit Card,2020-11-16,Active
A0004734,C003343,Current,2018-10-08,Dormant
A0004735,C003343,Current,2018-10-08,Active
A0004736,C003344,Current,2024-08-02,Active
A0004737,C003344,Current,2024-08-02,Active
A0004738,C003345,Current,2024-09-29,Active
A0004739,C003345,Savings,2024-09-29,Active
A0004740,C003345,Current,2024-09-29,Active
A0004741,C003346,Current,2022-03-11,Active
A0004742,C003347,Savings,2019-01-27,Active
A0004743,C003348,Current,2018-02-22,Active
A0004744,C003349,Savings,2018-03-06,Active
A0004745,C003350,Current,2024-04-04,Active
A0004746,C003351,Savings,2021-01-26,Closed
A0004747,C003352,Savings,2018-04-01,Active
A0004748,C003353,Current,2021-08-31,Active
A0004749,C003354,Current,2024-07-21,Active
A0004750,C003355,Current,2023-10-13,Active
A0004751,C003356,Current,2018-06-27,Active
A0004752,C003357,Current,2019-07-03,Active
A0004753,C003358,Current,2024-11-28,Active
A0004754,C003358,Savings,2024-11-28,Active
A0004755,C003359,Savings,2020-02-26,Active
A0004756,C003360,Savings,2020-03-10,Active
A0004757,C003361,Credit Card,2018-10-14,Active
A0004758,C003362,Savings,2020-05-26,Closed
A0004759,C003362,Current,2020-05-26,Dormant
A0004760,C003363,Savings,2022-12-10,Active
A0004761,C003364,Savings,2024-07-22,Active
A0004762,C003365,Current,2020-08-18,Active
A0004763,C003365,Current,2020-08-18,Active
A0004764,C003366,Credit Card,2021-12-24,Active
A0004765,C003367,Current,2020-10-19,Active
A0004766,C003368,Savings,2022-03-12,Active
A0004767,C003369,Savings,2023-07-22,Active
A0004768,C003369,Savings,2023-07-22,Active
A0004769,C003370,Savings,2019-11-24,Closed
A0004770,C003371,Savings,2022-11-11,Active
A0004771,C003371,Savings,2022-11-11,Active
A0004772,C003372,Savings,2023-03-18,Active
A0004773,C003373,Savings,2022-05-07,Active
A0004774,C003374,Savings,2020-03-20,Active
A0004775,C003375,Savings,2021-08-11,Active
A0004776,C003376,Current,2020-07-22,Active
A0004777,C003376,Current,2020-07-22,Active
A0004778,C003377,Savings,2020-08-09,Active
A0004779,C003377,Savings,2020-08-09,Active
A0004780,C003378,Current,2022-09-29,Active
A0004781,C003379,Credit Card,2024-09-09,Active
A0004782,C003380,Credit Card,2025-04-01,Active
A0004783,C003380,Current,2025-04-01,Active
A0004784,C003381,Current,2019-11-28,Active
A0004785,C003382,Current,2023-11-01,Active
A0004786,C003382,Savings,2023-11-01,Active
A0004787,C003383,Current,2018-12-16,Active
A0004788,C003383,Savings,2018-12-16,Active
A0004789,C003384,Current,2024-03-30,Dormant
A0004790,C003385,Savings,2023-06-07,Active
A0004791,C003386,Credit Card,2022-05-18,Active
A0004792,C003386,Current,2022-05-18,Active
A0004793,C003387,Current,2020-05-10,Active
A0004794,C003387,Current,2020-05-10,Closed
A0004795,C003388,Savings,2020-11-17,Active
A0004796,C003388,Savings,2020-11-17,Active
A0004797,C003389,Current,2021-05-28,Active
A0004798,C003390,Credit Card,2018-09-11,Active
A0004799,C003390,Current,2018-09-11,Active
A0004800,C003391,Credit Card,2018-12-09,Active
A0004801,C003392,Current,2018-04-02,Active
A0004802,C003392,Current,2018-04-02,Active
A0004803,C003393,Current,2023-10-06,Active
A0004804,C003393,Credit Card,2023-10-06,Closed
A0004805,C003393,Current,2023-10-06,Active
A0004806,C003394,Credit Card,2025-01-20,Active
A0004807,C003395,Credit Card,2022-09-27,Active
A0004808,C003396,Credit Card,2021-11-29,Active
A0004809,C003397,Savings,2022-01-23,Active
A0004810,C003398,Credit Card,2019-04-02,Active
A0004811,C003399,Current,2020-03-31,Active
A0004812,C003400,Current,2023-05-28,Active
A0004813,C003401,Current,2022-06-24,Active
A0004814,C003402,Savings,2019-07-22,Active
A0004815,C003403,Current,2024-04-01,Active
A0004816,C003404,Current,2022-05-02,Active
A0004817,C003405,Savings,2022-04-03,Active
A0004818,C003406,Savings,2024-08-25,Active
A0004819,C003406,Current,2024-08-25,Active
A0004820,C003407,Current,2018-09-02,Closed
A0004821,C003408,Current,2020-05-18,Active
A0004822,C003409,Current,2023-07-29,Dormant
A0004823,C003410,Current,2018-05-30,Active
A0004824,C003411,Current,2021-01-05,Active
A0004825,C003411,Savings,2021-01-05,Active
A0004826,C003412,Current,2019-08-18,Active
A0004827,C003413,Savings,2021-02-05,Active
A0004828,C003414,Savings,2018-07-03,Active
A0004829,C003415,Current,2023-08-08,Active
A0004830,C003415,Current,2023-08-08,Active
A0004831,C003416,Savings,2018-04-18,Active
A0004832,C003416,Current,2018-04-18,Dormant
A0004833,C003417,Current,2023-10-19,Active
A0004834,C003418,Current,2025-06-13,Closed
A0004835,C003419,Current,2018-01-10,Active
A0004836,C003420,Current,2019-04-11,Active
A0004837,C003421,Savings,2018-05-31,Active
A0004838,C003422,Savings,2018-03-02,Active
A0004839,C003423,Current,2025-01-09,Active
A0004840,C003424,Current,2019-06-24,Active
A0004841,C003424,Savings,2019-06-24,Active
A0004842,C003424,Current,2019-06-24,Active
A0004843,C003425,Current,2019-05-03,Active
A0004844,C003426,Savings,2023-12-05,Active
A0004845,C003427,Current,2023-11-04,Active
A0004846,C003427,Current,2023-11-04,Active
A0004847,C003428,Savings,2024-05-10,Active
A0004848,C003429,Current,2023-12-25,Active
A0004849,C003430,Savings,2024-04-08,Active
A0004850,C003431,Current,2019-05-31,Active
A0004851,C003432,Current,2024-10-28,Active
A0004852,C003433,Credit Card,2023-11-14,Active
A0004853,C003433,Savings,2023-11-14,Active
A0004854,C003434,Savings,2020-04-28,Closed
A0004855,C003435,Savings,2021-03-25,Active
A0004856,C003436,Current,2025-08-01,Active
A0004857,C003436,Current,2025-08-01,Active
A0004858,C003437,Savings,2022-05-01,Active
A0004859,C003437,Savings,2022-05-01,Active
A0004860,C003438,Savings,2020-01-29,Active
A0004861,C003439,Current,2021-03-04,Active
A0004862,C003440,Current,2023-08-31,Dormant
A0004863,C003440,Savings,2023-08-31,Active
A0004864,C003441,Current,2023-05-31,Active
A0004865,C003442,Current,2019-04-18,Active
A0004866,C003442,Current,2019-04-18,Active
A0004867,C003443,Savings,2024-12-19,Active
A0004868,C003443,Current,2024-12-19,Active
A0004869,C003444,Savings,2018-09-24,Active
A0004870,C003445,Current,2022-04-26,Active
A0004871,C003445,Savings,2022-04-26,Dormant
A0004872,C003445,Current,2022-04-26,Active
A0004873,C003446,Savings,2019-01-26,Active
A0004874,C003446,Current,2019-01-26,Dormant
A0004875,C003446,Savings,2019-01-26,Active
A0004876,C003447,Credit Card,2018-12-13,Active
A0004877,C003448,Savings,2025-08-18,Active
A0004878,C003449,Credit Card,2020-05-29,Active
A0004879,C003449,Current,2020-05-29,Active
A0004880,C003450,Credit Card,2022-01-21,Active
A0004881,C003451,Savings,2018-02-20,Active
A0004882,C003451,Current,2018-02-20,Active
A0004883,C003452,Current,2020-06-20,Active
A0004884,C003453,Savings,2021-09-17,Active
A0004885,C003454,Credit Card,2020-12-30,Active
A0004886,C003455,Savings,2019-10-09,Active
A0004887,C003456,Current,2025-02-07,Active
A0004888,C003457,Savings,2024-05-14,Active
A0004889,C003457,Savings,2024-05-14,Active
A0004890,C003458,Current,2019-04-10,Active
A0004891,C003459,Savings,2018-06-19,Dormant
A0004892,C003459,Current,2018-06-19,Active
A0004893,C003459,Current,2018-06-19,Active
A0004894,C003460,Current,2023-12-03,Active
A0004895,C003460,Savings,2023-12-03,Closed
A0004896,C003461,Credit Card,2022-03-23,Active
A0004897,C003462,Savings,2021-03-07,Active
A0004898,C003462,Current,2021-03-07,Active
A0004899,C003462,Current,2021-03-07,Dormant
A0004900,C003463,Current,2025-01-10,Active
A0004901,C003464,Savings,2022-06-16,Active
A0004902,C003465,Credit Card,2024-02-02,Dormant
A0004903,C003466,Current,2024-01-10,Active
A0004904,C003467,Current,2020-04-28,Active
A0004905,C003467,Savings,2020-04-28,Active
A0004906,C003468,Current,2023-10-18,Active
A0004907,C003468,Current,2023-10-18,Active
A0004908,C003469,Current,2021-05-21,Active
A0004909,C003470,Current,2024-02-25,Active
A0004910,C003470,Savings,2024-02-25,Active
A0004911,C003471,Current,2019-04-14,Active
A0004912,C003472,Credit Card,2022-04-23,Active
A0004913,C003473,Current,2021-11-05,Active
A0004914,C003474,Savings,2023-12-01,Active
A0004915,C003474,Current,2023-12-01,Active
A0004916,C003475,Savings,2018-05-20,Active
A0004917,C003475,Current,2018-05-20,Dormant
A0004918,C003476,Current,2021-05-20,Active
A0004919,C003477,Current,2025-01-08,Active
A0004920,C003477,Savings,2025-01-08,Active
A0004921,C003478,Savings,2019-02-06,Dormant
A0004922,C003479,Current,2024-01-15,Active
A0004923,C003479,Current,2024-01-15,Active
A0004924,C003480,Credit Card,2020-12-31,Active
A0004925,C003481,Current,2020-09-10,Active
A0004926,C003481,Current,2020-09-10,Active
A0004927,C003482,Current,2020-12-07,Active
A0004928,C003483,Current,2022-03-18,Active
A0004929,C003484,Savings,2023-06-09,Active
A0004930,C003484,Current,2023-06-09,Active
A0004931,C003485,Current,2025-01-07,Active
A0004932,C003486,Current,2020-06-20,Dormant
A0004933,C003486,Credit Card,2020-06-20,Closed
A0004934,C003487,Current,2019-09-23,Active
A0004935,C003488,Current,2019-10-09,Active
A0004936,C003489,Current,2019-04-19,Active
A0004937,C003489,Savings,2019-04-19,Active
A0004938,C003490,Savings,2023-07-24,Active
A0004939,C003490,Current,2023-07-24,Active
A0004940,C003491,Current,2022-10-26,Active
A0004941,C003491,Savings,2022-10-26,Active
A0004942,C003492,Current,2019-11-05,Active
A0004943,C003492,Savings,2019-11-05,Dormant
A0004944,C003493,Current,2019-10-06,Active
A0004945,C003494,Current,2018-12-11,Active
A0004946,C003494,Current,2018-12-11,Active
A0004947,C003495,Current,2019-11-19,Active
A0004948,C003495,Current,2019-11-19,Active
A0004949,C003496,Current,2023-11-29,Active
A0004950,C003496,Savings,2023-11-29,Closed
A0004951,C003497,Current,2020-01-13,Active
A0004952,C003497,Current,2020-01-13,Active
A0004953,C003498,Credit Card,2024-07-27,Active
A0004954,C003499,Current,2024-01-22,Active
A0004955,C003500,Savings,2025-08-28,Active
A0004956,C003501,Current,2018-06-11,Active
A0004957,C003501,Current,2018-06-11,Closed
A0004958,C003502,Savings,2018-07-04,Active
A0004959,C003503,Current,2024-01-25,Active
A0004960,C003503,Current,2024-01-25,Active
A0004961,C003504,Savings,2020-02-12,Active
A0004962,C003505,Current,2019-10-17,Active
A0004963,C003506,Current,2022-07-18,Active
A0004964,C003506,Current,2022-07-18,Active
A0004965,C003507,Current,2020-02-07,Active
A0004966,C003508,Savings,2020-04-16,Active
A0004967,C003509,Current,2020-08-10,Active
A0004968,C003509,Savings,2020-08-10,Active
A0004969,C003510,Current,2020-09-10,Active
A0004970,C003510,Savings,2020-09-10,Active
A0004971,C003511,Current,2024-06-13,Active
A0004972,C003512,Credit Card,2020-06-24,Active
A0004973,C003512,Current,2020-06-24,Active
A0004974,C003513,Savings,2019-04-23,Active
A0004975,C003513,Current,2019-04-23,Active
A0004976,C003513,Current,2019-04-23,Active
A0004977,C003514,Savings,2018-08-20,Active
A0004978,C003514,Current,2018-08-20,Active
A0004979,C003515,Current,2024-03-31,Active
A0004980,C003516,Current,2021-04-09,Active
A0004981,C003517,Current,2018-10-22,Active
A0004982,C003518,Credit Card,2023-10-19,Active
A0004983,C003519,Current,2025-05-25,Active
A0004984,C003520,Current,2020-12-04,Active
A0004985,C003521,Savings,2019-02-12,Active
A0004986,C003522,Credit Card,2021-07-23,Active
A0004987,C003523,Current,2020-08-14,Active
A0004988,C003524,Credit Card,2024-08-02,Active
A0004989,C003525,Savings,2024-01-02,Active
A0004990,C003526,Savings,2020-12-10,Active
A0004991,C003526,Current,2020-12-10,Active
A0004992,C003527,Savings,2022-01-30,Active
A0004993,C003528,Savings,2018-05-29,Active
A0004994,C003528,Current,2018-05-29,Active
A0004995,C003529,Current,2024-07-08,Active
A0004996,C003530,Current,2023-06-08,Active
A0004997,C003531,Current,2019-06-01,Active
A0004998,C003532,Savings,2021-08-15,Active
A0004999,C003533,Credit Card,2021-09-29,Active
A0005000,C003533,Current,2021-09-29,Active
A0005001,C003534,Current,2019-09-09,Active
A0005002,C003534,Savings,2019-09-09,Active
A0005003,C003535,Savings,2020-12-12,Active
A0005004,C003535,Savings,2020-12-12,Active
A0005005,C003535,Credit Card,2020-12-12,Active
A0005006,C003536,Current,2024-10-25,Active
A0005007,C003537,Credit Card,2025-05-02,Dormant
A0005008,C003537,Current,2025-05-02,Active
A0005009,C003538,Credit Card,2025-08-24,Active
A0005010,C003539,Savings,2019-09-21,Active
A0005011,C003539,Credit Card,2019-09-21,Active
A0005012,C003540,Savings,2021-05-17,Active
A0005013,C003541,Savings,2021-09-17,Active
A0005014,C003542,Current,2024-07-28,Active
A0005015,C003543,Savings,2024-09-12,Active
A0005016,C003544,Savings,2021-03-30,Active
A0005017,C003544,Current,2021-03-30,Dormant
A0005018,C003545,Savings,2023-02-01,Active
A0005019,C003546,Current,2020-11-15,Active
A0005020,C003546,Credit Card,2020-11-15,Active
A0005021,C003547,Credit Card,2021-08-27,Active
A0005022,C003548,Savings,2023-11-04,Active
A0005023,C003549,Current,2023-06-15,Active
A0005024,C003549,Current,2023-06-15,Active
A0005025,C003550,Savings,2022-02-09,Active
A0005026,C003551,Current,2022-04-11,Active
A0005027,C003552,Current,2023-03-01,Active
A0005028,C003552,Current,2023-03-01,Active
A0005029,C003553,Current,2020-04-14,Active
A0005030,C003553,Current,2020-04-14,Active
A0005031,C003554,Credit Card,2019-07-08,Active
A0005032,C003555,Savings,2022-05-13,Active
A0005033,C003556,Current,2021-05-25,Active
A0005034,C003557,Current,2020-07-04,Dormant
A0005035,C003558,Savings,2023-12-28,Active
A0005036,C003559,Credit Card,2023-08-15,Active
A0005037,C003560,Current,2023-07-03,Active
A0005038,C003561,Current,2023-09-25,Active
A0005039,C003561,Current,2023-09-25,Active
A0005040,C003562,Current,2019-06-25,Active
A0005041,C003563,Current,2020-04-20,Active
A0005042,C003564,Current,2020-06-06,Active
A0005043,C003564,Current,2020-06-06,Dormant
A0005044,C003565,Current,2023-12-04,Dormant
A0005045,C003566,Current,2021-07-24,Active
A0005046,C003567,Current,2021-05-05,Active
A0005047,C003568,Savings,2021-07-25,Active
A0005048,C003569,Current,2025-03-24,Active
A0005049,C003570,Savings,2022-07-02,Active
A0005050,C003570,Savings,2022-07-02,Active
A0005051,C003571,Savings,2020-02-17,Closed
A0005052,C003571,Credit Card,2020-02-17,Active
A0005053,C003572,Savings,2022-01-05,Active
A0005054,C003572,Current,2022-01-05,Active
A0005055,C003573,Savings,2025-02-27,Active
A0005056,C003573,Current,2025-02-27,Active
A0005057,C003574,Current,2025-06-29,Closed
A0005058,C003574,Current,2025-06-29,Active
A0005059,C003575,Credit Card,2024-04-10,Active
A0005060,C003576,Savings,2024-12-07,Closed
A0005061,C003577,Savings,2023-07-18,Active
A0005062,C003577,Current,2023-07-18,Active
A0005063,C003577,Savings,2023-07-18,Active
A0005064,C003578,Savings,2019-05-04,Active
A0005065,C003579,Current,2019-12-20,Active
A0005066,C003580,Credit Card,2024-06-02,Active
A0005067,C003581,Current,2018-07-22,Active
A0005068,C003582,Current,2024-08-14,Active
A0005069,C003582,Current,2024-08-14,Active
A0005070,C003583,Current,2019-12-28,Active
A0005071,C003583,Savings,2019-12-28,Active
A0005072,C003583,Current,2019-12-28,Active
A0005073,C003584,Current,2022-08-26,Active
A0005074,C003585,Savings,2022-05-22,Active
A0005075,C003586,Current,2018-02-27,Active
A0005076,C003586,Current,2018-02-27,Active
A0005077,C003587,Savings,2021-03-05,Active
A0005078,C003588,Current,2020-02-27,Active
A0005079,C003589,Savings,2020-12-03,Active
A0005080,C003590,Current,2020-01-09,Active
A0005081,C003591,Savings,2021-11-13,Active
A0005082,C003592,Savings,2022-05-31,Active
A0005083,C003593,Current,2023-02-09,Active
A0005084,C003594,Current,2022-02-20,Active
A0005085,C003595,Current,2022-01-29,Active
A0005086,C003595,Current,2022-01-29,Active
A0005087,C003596,Savings,2020-10-29,Active
A0005088,C003597,Current,2023-08-17,Active
A0005089,C003598,Current,2022-06-02,Dormant
A0005090,C003598,Current,2022-06-02,Active
A0005091,C003599,Savings,2021-12-27,Active
A0005092,C003599,Savings,2021-12-27,Active
A0005093,C003600,Current,2024-05-08,Active
A0005094,C003600,Credit Card,2024-05-08,Dormant
A0005095,C003600,Savings,2024-05-08,Active
A0005096,C003601,Savings,2022-06-15,Active
A0005097,C003602,Current,2019-01-03,Active
A0005098,C003603,Current,2018-10-29,Active
A0005099,C003603,Current,2018-10-29,Active
A0005100,C003604,Current,2019-07-31,Active
A0005101,C003604,Current,2019-07-31,Active
A0005102,C003605,Savings,2020-10-19,Dormant
A0005103,C003605,Current,2020-10-19,Active
A0005104,C003606,Savings,2024-10-26,Active
A0005105,C003606,Savings,2024-10-26,Dormant
A0005106,C003607,Current,2025-06-24,Active
A0005107,C003608,Savings,2020-07-03,Active
A0005108,C003608,Credit Card,2020-07-03,Active
A0005109,C003608,Current,2020-07-03,Active
A0005110,C003609,Current,2021-08-16,Active
A0005111,C003610,Current,2024-08-14,Active
A0005112,C003611,Savings,2021-08-16,Active
A0005113,C003612,Current,2022-12-27,Active
A0005114,C003612,Current,2022-12-27,Active
A0005115,C003612,Savings,2022-12-27,Active
A0005116,C003613,Current,2019-05-01,Active
A0005117,C003614,Savings,2019-03-24,Active
A0005118,C003614,Credit Card,2019-03-24,Active
A0005119,C003614,Credit Card,2019-03-24,Active
A0005120,C003615,Current,2022-04-20,Active
A0005121,C003616,Current,2021-12-19,Active
A0005122,C003616,Current,2021-12-19,Active
A0005123,C003616,Savings,2021-12-19,Active
A0005124,C003617,Savings,2021-09-16,Active
A0005125,C003618,Current,2021-01-13,Active
A0005126,C003619,Current,2023-01-14,Active
A0005127,C003619,Credit Card,2023-01-14,Dormant
A0005128,C003620,Credit Card,2019-07-19,Active
A0005129,C003620,Savings,2019-07-19,Active
A0005130,C003621,Current,2019-11-19,Active
A0005131,C003622,Current,2023-07-22,Active
A0005132,C003622,Current,2023-07-22,Active
A0005133,C003623,Current,2020-09-30,Active
A0005134,C003624,Savings,2021-12-09,Active
A0005135,C003625,Credit Card,2019-04-02,Active
A0005136,C003625,Current,2019-04-02,Active
A0005137,C003626,Current,2024-09-27,Active
A0005138,C003626,Current,2024-09-27,Active
A0005139,C003627,Savings,2021-10-19,Active
A0005140,C003628,Current,2018-07-31,Active
A0005141,C003629,Current,2021-12-19,Active
A0005142,C003630,Credit Card,2024-02-04,Active
A0005143,C003631,Credit Card,2022-12-18,Active
A0005144,C003632,Current,2018-07-31,Active
A0005145,C003633,Current,2023-02-11,Dormant
A0005146,C003633,Current,2023-02-11,Active
A0005147,C003634,Savings,2025-06-17,Active
A0005148,C003635,Savings,2024-10-19,Active
A0005149,C003636,Current,2019-06-21,Active
A0005150,C003637,Current,2022-09-15,Active
A0005151,C003638,Current,2023-12-09,Active
A0005152,C003639,Current,2020-09-06,Active
A0005153,C003640,Current,2023-03-27,Active
A0005154,C003641,Current,2020-07-02,Active
A0005155,C003642,Savings,2020-09-16,Active
A0005156,C003642,Savings,2020-09-16,Active
A0005157,C003642,Current,2020-09-16,Active
A0005158,C003643,Savings,2022-06-27,Active
A0005159,C003643,Current,2022-06-27,Active
A0005160,C003644,Current,2019-02-07,Active
A0005161,C003644,Current,2019-02-07,Active
A0005162,C003644,Savings,2019-02-07,Dormant
A0005163,C003645,Savings,2025-08-27,Active
A0005164,C003645,Current,2025-08-27,Active
A0005165,C003646,Savings,2019-10-06,Active
A0005166,C003646,Current,2019-10-06,Active
A0005167,C003647,Current,2019-03-29,Active
A0005168,C003647,Current,2019-03-29,Active
A0005169,C003648,Current,2018-08-24,Active
A0005170,C003649,Current,2018-01-14,Active
A0005171,C003649,Credit Card,2018-01-14,Active
A0005172,C003650,Current,2021-09-27,Active
A0005173,C003650,Savings,2021-09-27,Active
A0005174,C003650,Savings,2021-09-27,Closed
A0005175,C003651,Current,2022-01-10,Active
A0005176,C003652,Current,2019-02-09,Active
A0005177,C003653,Current,2021-05-22,Active
A0005178,C003653,Savings,2021-05-22,Active
A0005179,C003654,Current,2018-12-23,Active
A0005180,C003654,Current,2018-12-23,Active
A0005181,C003655,Savings,2024-07-04,Active
A0005182,C003656,Credit Card,2022-07-24,Active
A0005183,C003657,Savings,2022-11-27,Active
A0005184,C003657,Current,2022-11-27,Active
A0005185,C003658,Current,2023-10-19,Active
A0005186,C003658,Savings,2023-10-19,Active
A0005187,C003659,Current,2023-03-05,Active
A0005188,C003659,Savings,2023-03-05,Active
A0005189,C003660,Current,2024-04-26,Active
A0005190,C003660,Savings,2024-04-26,Active
A0005191,C003661,Current,2023-11-16,Active
A0005192,C003661,Current,2023-11-16,Active
A0005193,C003662,Savings,2023-12-31,Active
A0005194,C003662,Current,2023-12-31,Active
A0005195,C003663,Current,2019-10-08,Active
A0005196,C003664,Current,2021-08-27,Active
A0005197,C003664,Current,2021-08-27,Dormant
A0005198,C003665,Credit Card,2023-12-20,Active
A0005199,C003666,Savings,2023-04-21,Active
A0005200,C003666,Savings,2023-04-21,Active
A0005201,C003667,Current,2022-11-14,Active
A0005202,C003667,Current,2022-11-14,Active
A0005203,C003667,Current,2022-11-14,Active
A0005204,C003668,Current,2019-07-22,Active
A0005205,C003669,Savings,2019-11-17,Active
A0005206,C003670,Current,2019-06-11,Active
A0005207,C003671,Savings,2022-01-16,Active
A0005208,C003671,Current,2022-01-16,Active
A0005209,C003672,Savings,2021-01-07,Active
A0005210,C003673,Current,2019-05-23,Active
A0005211,C003674,Credit Card,2024-09-05,Active
A0005212,C003675,Credit Card,2022-03-22,Active
A0005213,C003676,Savings,2025-01-10,Active
A0005214,C003676,Current,2025-01-10,Active
A0005215,C003677,Current,2024-03-23,Active
A0005216,C003677,Current,2024-03-23,Active
A0005217,C003678,Savings,2018-09-03,Active
A0005218,C003679,Savings,2024-02-10,Active
A0005219,C003680,Current,2023-02-06,Active
A0005220,C003681,Savings,2021-08-19,Active
A0005221,C003682,Current,2024-08-31,Active
A0005222,C003682,Savings,2024-08-31,Active
A0005223,C003683,Current,2025-07-22,Active
A0005224,C003683,Credit Card,2025-07-22,Active
A0005225,C003684,Current,2018-02-07,Active
A0005226,C003684,Credit Card,2018-02-07,Active
A0005227,C003685,Credit Card,2025-06-09,Active
A0005228,C003686,Savings,2025-02-06,Active
A0005229,C003687,Savings,2025-06-01,Active
A0005230,C003688,Current,2022-04-05,Active
A0005231,C003689,Current,2022-10-08,Active
A0005232,C003690,Savings,2025-05-09,Active
A0005233,C003691,Current,2021-07-19,Active
A0005234,C003692,Current,2020-03-24,Active
A0005235,C003693,Current,2019-03-05,Active
A0005236,C003694,Savings,2025-02-22,Closed
A0005237,C003695,Savings,2020-10-23,Active
A0005238,C003695,Current,2020-10-23,Active
A0005239,C003696,Current,2025-03-07,Active
A0005240,C003696,Savings,2025-03-07,Closed
A0005241,C003697,Current,2019-04-20,Active
A0005242,C003697,Savings,2019-04-20,Active
A0005243,C003698,Savings,2018-03-21,Active
A0005244,C003698,Credit Card,2018-03-21,Active
A0005245,C003699,Current,2021-12-19,Active
A0005246,C003700,Current,2024-06-19,Active
A0005247,C003700,Current,2024-06-19,Active
A0005248,C003701,Current,2018-10-12,Active
A0005249,C003702,Current,2020-11-23,Active
A0005250,C003702,Savings,2020-11-23,Active
A0005251,C003703,Current,2018-01-04,Active
A0005252,C003704,Current,2019-09-09,Active
A0005253,C003705,Current,2024-06-05,Active
A0005254,C003705,Savings,2024-06-05,Active
A0005255,C003706,Current,2021-01-05,Active
A0005256,C003706,Current,2021-01-05,Active
A0005257,C003706,Current,2021-01-05,Active
A0005258,C003707,Current,2020-11-27,Active
A0005259,C003708,Savings,2023-05-10,Active
A0005260,C003709,Current,2024-01-01,Active
A0005261,C003710,Current,2021-07-21,Active
A0005262,C003710,Current,2021-07-21,Active
A0005263,C003711,Savings,2024-05-15,Active
A0005264,C003711,Savings,2024-05-15,Closed
A0005265,C003712,Current,2020-12-30,Active
A0005266,C003713,Savings,2019-09-25,Active
A0005267,C003713,Current,2019-09-25,Active
A0005268,C003714,Current,2019-08-31,Active
A0005269,C003715,Current,2024-01-13,Active
A0005270,C003716,Current,2018-03-24,Active
A0005271,C003717,Current,2021-10-05,Active
A0005272,C003717,Credit Card,2021-10-05,Active
A0005273,C003718,Current,2024-05-07,Active
A0005274,C003718,Current,2024-05-07,Active
A0005275,C003719,Current,2019-01-21,Active
A0005276,C003719,Savings,2019-01-21,Active
A0005277,C003720,Credit Card,2020-06-18,Active
A0005278,C003720,Current,2020-06-18,Active
A0005279,C003721,Credit Card,2019-04-24,Active
A0005280,C003722,Current,2020-08-13,Active
A0005281,C003723,Current,2021-01-17,Active
A0005282,C003724,Savings,2021-03-27,Active
A0005283,C003724,Savings,2021-03-27,Active
A0005284,C003725,Current,2021-09-09,Active
A0005285,C003726,Current,2024-11-27,Active
A0005286,C003727,Savings,2022-07-03,Active
A0005287,C003727,Current,2022-07-03,Active
A0005288,C003728,Credit Card,2019-10-16,Active
A0005289,C003729,Current,2018-04-30,Active
A0005290,C003730,Savings,2018-09-18,Active
A0005291,C003731,Savings,2019-11-05,Active
A0005292,C003732,Savings,2023-12-17,Active
A0005293,C003732,Credit Card,2023-12-17,Active
A0005294,C003733,Current,2019-03-10,Active
A0005295,C003734,Current,2025-05-18,Active
A0005296,C003734,Credit Card,2025-05-18,Active
A0005297,C003735,Current,2018-04-22,Active
A0005298,C003735,Current,2018-04-22,Active
A0005299,C003736,Current,2019-11-15,Active
A0005300,C003736,Current,2019-11-15,Closed
A0005301,C003737,Savings,2022-11-08,Active
A0005302,C003738,Current,2018-11-11,Active
A0005303,C003739,Savings,2025-07-02,Active
A0005304,C003740,Current,2018-01-08,Active
A0005305,C003741,Savings,2018-04-30,Active
A0005306,C003742,Current,2022-11-30,Active
A0005307,C003743,Savings,2022-05-19,Active
A0005308,C003744,Credit Card,2020-05-19,Active
A0005309,C003744,Current,2020-05-19,Active
A0005310,C003745,Current,2022-05-02,Active
A0005311,C003745,Current,2022-05-02,Active
A0005312,C003746,Current,2023-08-31,Dormant
A0005313,C003747,Savings,2020-10-26,Active
A0005314,C003748,Credit Card,2018-01-03,Active
A0005315,C003749,Current,2025-02-24,Active
A0005316,C003749,Current,2025-02-24,Closed
A0005317,C003750,Current,2020-02-25,Active
A0005318,C003751,Savings,2018-11-14,Active
A0005319,C003752,Credit Card,2022-01-15,Active
A0005320,C003753,Credit Card,2022-07-10,Active
A0005321,C003754,Current,2018-08-06,Active
A0005322,C003755,Savings,2024-05-27,Active
A0005323,C003756,Savings,2024-04-16,Active
A0005324,C003756,Savings,2024-04-16,Active
A0005325,C003757,Current,2024-05-03,Active
A0005326,C003758,Current,2021-06-05,Active
A0005327,C003759,Credit Card,2019-08-30,Active
A0005328,C003760,Current,2018-10-29,Active
A0005329,C003760,Savings,2018-10-29,Dormant
A0005330,C003760,Credit Card,2018-10-29,Dormant
A0005331,C003761,Current,2022-05-16,Active
A0005332,C003762,Credit Card,2024-01-05,Active
A0005333,C003762,Current,2024-01-05,Active
A0005334,C003763,Savings,2024-12-16,Active
A0005335,C003764,Current,2019-06-30,Active
A0005336,C003764,Current,2019-06-30,Active
A0005337,C003764,Current,2019-06-30,Dormant
A0005338,C003765,Savings,2021-01-30,Active
A0005339,C003766,Credit Card,2025-01-01,Dormant
A0005340,C003767,Credit Card,2021-01-16,Active
A0005341,C003768,Current,2022-08-26,Active
A0005342,C003768,Current,2022-08-26,Active
A0005343,C003769,Credit Card,2024-09-15,Active
A0005344,C003769,Current,2024-09-15,Active
A0005345,C003770,Savings,2023-04-10,Active
A0005346,C003770,Current,2023-04-10,Active
A0005347,C003771,Savings,2023-05-30,Active
A0005348,C003771,Savings,2023-05-30,Active
A0005349,C003772,Savings,2023-05-11,Active
A0005350,C003773,Savings,2020-04-01,Active
A0005351,C003773,Current,2020-04-01,Active
A0005352,C003773,Current,2020-04-01,Active
A0005353,C003774,Current,2022-12-09,Dormant
A0005354,C003774,Savings,2022-12-09,Active
A0005355,C003775,Current,2020-05-27,Active
A0005356,C003776,Savings,2024-11-27,Active
A0005357,C003776,Current,2024-11-27,Dormant
A0005358,C003777,Current,2022-06-29,Active
A0005359,C003778,Current,2018-02-07,Active
A0005360,C003779,Savings,2023-06-24,Active
A0005361,C003779,Current,2023-06-24,Active
A0005362,C003780,Savings,2022-03-01,Active
A0005363,C003780,Savings,2022-03-01,Active
A0005364,C003781,Current,2018-01-12,Active
A0005365,C003782,Current,2021-07-19,Active
A0005366,C003783,Current,2019-07-14,Active
A0005367,C003784,Current,2020-10-06,Active
A0005368,C003785,Current,2020-08-28,Active
A0005369,C003786,Current,2023-03-02,Active
A0005370,C003787,Current,2024-12-18,Active
A0005371,C003787,Savings,2024-12-18,Active
A0005372,C003788,Current,2024-05-30,Dormant
A0005373,C003789,Current,2020-04-14,Active
A0005374,C003790,Savings,2024-01-27,Active
A0005375,C003790,Current,2024-01-27,Active
A0005376,C003791,Current,2025-07-18,Active
A0005377,C003791,Current,2025-07-18,Closed
A0005378,C003792,Current,2022-11-12,Active
A0005379,C003793,Current,2020-09-14,Active
A0005380,C003794,Savings,2025-07-12,Active
A0005381,C003794,Current,2025-07-12,Active
A0005382,C003795,Current,2020-01-06,Active
A0005383,C003795,Current,2020-01-06,Active
A0005384,C003796,Savings,2021-02-08,Active
A0005385,C003797,Current,2022-03-15,Active
A0005386,C003798,Current,2023-04-24,Active
A0005387,C003798,Credit Card,2023-04-24,Dormant
A0005388,C003798,Credit Card,2023-04-24,Active
A0005389,C003799,Current,2021-06-22,Active
A0005390,C003800,Savings,2022-02-28,Active
A0005391,C003800,Savings,2022-02-28,Active
A0005392,C003800,Savings,2022-02-28,Active
A0005393,C003801,Current,2021-08-21,Active
A0005394,C003802,Savings,2019-05-29,Active
A0005395,C003803,Current,2020-08-02,Active
A0005396,C003804,Current,2023-04-06,Active
A0005397,C003805,Savings,2020-10-29,Active
A0005398,C003805,Current,2020-10-29,Active
A0005399,C003806,Savings,2025-02-08,Active
A0005400,C003807,Credit Card,2025-04-21,Active
A0005401,C003807,Savings,2025-04-21,Active
A0005402,C003807,Savings,2025-04-21,Active
A0005403,C003808,Credit Card,2021-05-08,Active
A0005404,C003809,Current,2024-03-20,Active
A0005405,C003809,Current,2024-03-20,Active
A0005406,C003810,Current,2018-09-13,Active
A0005407,C003811,Credit Card,2023-01-04,Active
A0005408,C003812,Savings,2020-10-07,Dormant
A0005409,C003813,Savings,2024-03-22,Dormant
A0005410,C003814,Savings,2025-07-05,Active
A0005411,C003814,Current,2025-07-05,Active
A0005412,C003815,Savings,2018-08-09,Active
A0005413,C003816,Current,2018-01-15,Active
A0005414,C003816,Savings,2018-01-15,Active
A0005415,C003817,Current,2025-03-14,Active
A0005416,C003818,Savings,2022-01-26,Dormant
A0005417,C003819,Current,2023-04-20,Active
A0005418,C003819,Current,2023-04-20,Active
A0005419,C003820,Savings,2025-01-04,Closed
A0005420,C003821,Savings,2021-05-23,Active
A0005421,C003822,Current,2022-12-10,Active
A0005422,C003822,Current,2022-12-10,Active
A0005423,C003823,Savings,2021-10-10,Active
A0005424,C003823,Credit Card,2021-10-10,Closed
A0005425,C003824,Current,2020-09-07,Active
A0005426,C003825,Current,2018-04-30,Active
A0005427,C003826,Savings,2020-07-17,Active
A0005428,C003827,Savings,2022-04-14,Active
A0005429,C003828,Current,2020-07-02,Active
A0005430,C003828,Current,2020-07-02,Active
A0005431,C003829,Current,2024-10-31,Active
A0005432,C003830,Savings,2021-10-13,Active
A0005433,C003830,Current,2021-10-13,Active
A0005434,C003831,Savings,2025-05-27,Closed
A0005435,C003831,Current,2025-05-27,Dormant
A0005436,C003832,Savings,2019-06-08,Active
A0005437,C003832,Savings,2019-06-08,Dormant
A0005438,C003833,Current,2020-07-26,Active
A0005439,C003833,Savings,2020-07-26,Active
A0005440,C003833,Current,2020-07-26,Active
A0005441,C003834,Current,2021-10-09,Active
A0005442,C003834,Credit Card,2021-10-09,Active
A0005443,C003835,Credit Card,2023-09-23,Active
A0005444,C003836,Current,2020-12-04,Active
A0005445,C003836,Savings,2020-12-04,Active
A0005446,C003836,Savings,2020-12-04,Active
A0005447,C003837,Savings,2020-09-13,Dormant
A0005448,C003838,Current,2024-12-04,Active
A0005449,C003839,Current,2025-05-07,Active
A0005450,C003840,Savings,2021-05-22,Active
A0005451,C003840,Current,2021-05-22,Active
A0005452,C003841,Savings,2021-07-12,Active
A0005453,C003842,Current,2018-09-11,Dormant
A0005454,C003843,Current,2024-10-18,Closed
A0005455,C003844,Current,2019-11-05,Active
A0005456,C003845,Credit Card,2019-03-10,Active
A0005457,C003846,Current,2025-08-23,Active
A0005458,C003847,Current,2025-01-04,Active
A0005459,C003848,Savings,2020-02-13,Active
A0005460,C003849,Current,2023-12-24,Active
A0005461,C003849,Current,2023-12-24,Active
A0005462,C003850,Current,2019-05-19,Active
A0005463,C003851,Current,2021-05-06,Active
A0005464,C003851,Current,2021-05-06,Active
A0005465,C003852,Current,2018-05-29,Active
A0005466,C003853,Current,2025-02-01,Active
A0005467,C003854,Current,2021-09-10,Active
A0005468,C003854,Current,2021-09-10,Active
A0005469,C003855,Savings,2018-04-10,Active
A0005470,C003855,Current,2018-04-10,Active
A0005471,C003856,Savings,2018-02-27,Active
A0005472,C003857,Current,2023-08-11,Active
A0005473,C003857,Current,2023-08-11,Active
A0005474,C003858,Savings,2022-04-08,Active
A0005475,C003859,Savings,2022-03-17,Active
A0005476,C003859,Current,2022-03-17,Active
A0005477,C003860,Savings,2024-04-09,Active
A0005478,C003860,Current,2024-04-09,Active
A0005479,C003860,Credit Card,2024-04-09,Active
A0005480,C003861,Savings,2020-10-03,Active
A0005481,C003862,Savings,2022-08-14,Active
A0005482,C003862,Current,2022-08-14,Active
A0005483,C003863,Current,2018-09-08,Active
A0005484,C003864,Current,2018-04-01,Active
A0005485,C003865,Current,2023-07-19,Active
A0005486,C003866,Savings,2023-07-06,Active
A0005487,C003867,Current,2022-06-21,Active
A0005488,C003867,Savings,2022-06-21,Active
A0005489,C003868,Current,2023-06-19,Active
A0005490,C003868,Current,2023-06-19,Active
A0005491,C003869,Savings,2025-05-07,Active
A0005492,C003870,Current,2022-05-05,Active
A0005493,C003871,Savings,2021-06-12,Active
A0005494,C003872,Current,2021-09-18,Active
A0005495,C003873,Current,2024-10-18,Active
A0005496,C003874,Savings,2020-10-29,Active
A0005497,C003875,Current,2018-07-07,Active
A0005498,C003875,Savings,2018-07-07,Dormant
A0005499,C003875,Current,2018-07-07,Active
A0005500,C003876,Credit Card,2022-10-17,Active
A0005501,C003877,Current,2023-12-17,Active
A0005502,C003877,Current,2023-12-17,Dormant
A0005503,C003878,Current,2024-12-30,Active
A0005504,C003878,Current,2024-12-30,Active
A0005505,C003879,Current,2019-01-17,Dormant
A0005506,C003879,Current,2019-01-17,Active
A0005507,C003880,Current,2025-05-19,Active
A0005508,C003881,Current,2019-02-18,Active
A0005509,C003882,Current,2022-09-04,Active
A0005510,C003883,Current,2018-12-26,Active
A0005511,C003883,Current,2018-12-26,Active
A0005512,C003884,Savings,2022-03-29,Active
A0005513,C003885,Savings,2024-02-06,Active
A0005514,C003885,Savings,2024-02-06,Active
A0005515,C003886,Savings,2025-07-04,Active
A0005516,C003886,Current,2025-07-04,Active
A0005517,C003887,Current,2021-10-17,Active
A0005518,C003887,Current,2021-10-17,Active
A0005519,C003887,Savings,2021-10-17,Active
A0005520,C003888,Current,2021-05-19,Active
A0005521,C003888,Current,2021-05-19,Active
A0005522,C003889,Current,2025-02-04,Closed
A0005523,C003890,Credit Card,2022-11-06,Active
A0005524,C003891,Savings,2022-06-19,Active
A0005525,C003891,Current,2022-06-19,Active
A0005526,C003892,Savings,2018-04-04,Active
A0005527,C003892,Current,2018-04-04,Active
A0005528,C003893,Current,2021-04-10,Active
A0005529,C003894,Current,2023-08-30,Active
A0005530,C003894,Savings,2023-08-30,Dormant
A0005531,C003895,Credit Card,2020-04-05,Active
A0005532,C003896,Current,2021-08-02,Dormant
A0005533,C003897,Current,2021-06-22,Active
A0005534,C003897,Current,2021-06-22,Active
A0005535,C003897,Credit Card,2021-06-22,Active
A0005536,C003898,Current,2020-09-30,Active
A0005537,C003899,Credit Card,2022-07-25,Active
A0005538,C003900,Current,2020-05-18,Active
A0005539,C003901,Savings,2025-04-10,Active
A0005540,C003902,Current,2025-02-23,Dormant
A0005541,C003902,Current,2025-02-23,Active
A0005542,C003903,Credit Card,2024-01-11,Active
A0005543,C003903,Savings,2024-01-11,Active
A0005544,C003904,Current,2023-12-03,Active
A0005545,C003905,Current,2018-12-02,Active
A0005546,C003906,Current,2021-10-28,Active
A0005547,C003907,Savings,2020-10-03,Active
A0005548,C003908,Current,2025-03-21,Active
A0005549,C003908,Savings,2025-03-21,Active
A0005550,C003908,Savings,2025-03-21,Active
A0005551,C003909,Current,2021-10-11,Active
A0005552,C003910,Current,2021-06-03,Active
A0005553,C003911,Savings,2020-02-29,Active
A0005554,C003911,Current,2020-02-29,Active
A0005555,C003912,Savings,2024-06-18,Active
A0005556,C003913,Savings,2023-10-29,Active
A0005557,C003914,Savings,2023-09-27,Active
A0005558,C003914,Current,2023-09-27,Active
A0005559,C003915,Credit Card,2022-08-24,Active
A0005560,C003916,Current,2023-05-15,Active
A0005561,C003917,Savings,2021-07-23,Active
A0005562,C003917,Current,2021-07-23,Active
A0005563,C003918,Current,2025-08-31,Active
A0005564,C003919,Savings,2018-01-16,Active
A0005565,C003919,Savings,2018-01-16,Active
A0005566,C003919,Credit Card,2018-01-16,Active
A0005567,C003920,Current,2022-04-18,Active
A0005568,C003921,Current,2020-01-21,Active
A0005569,C003921,Credit Card,2020-01-21,Active
A0005570,C003922,Current,2021-11-20,Active
A0005571,C003923,Savings,2024-03-18,Active
A0005572,C003923,Current,2024-03-18,Active
A0005573,C003924,Savings,2021-09-05,Active
A0005574,C003925,Current,2018-10-13,Active
A0005575,C003925,Current,2018-10-13,Active
A0005576,C003926,Current,2019-01-19,Active
A0005577,C003926,Current,2019-01-19,Active
A0005578,C003927,Savings,2025-08-10,Active
A0005579,C003927,Current,2025-08-10,Active
A0005580,C003927,Savings,2025-08-10,Active
A0005581,C003928,Current,2022-01-29,Dormant
A0005582,C003929,Current,2023-11-25,Active
A0005583,C003929,Current,2023-11-25,Active
A0005584,C003930,Current,2018-03-29,Active
A0005585,C003931,Current,2022-02-19,Dormant
A0005586,C003932,Current,2025-05-29,Active
A0005587,C003932,Current,2025-05-29,Active
A0005588,C003933,Credit Card,2025-03-26,Active
A0005589,C003934,Savings,2025-04-26,Active
A0005590,C003934,Savings,2025-04-26,Active
A0005591,C003935,Savings,2024-12-11,Active
A0005592,C003935,Credit Card,2024-12-11,Active
A0005593,C003936,Current,2020-12-13,Active
A0005594,C003936,Current,2020-12-13,Active
A0005595,C003936,Savings,2020-12-13,Active
A0005596,C003937,Current,2025-03-08,Active
A0005597,C003937,Current,2025-03-08,Active
A0005598,C003938,Savings,2024-02-04,Active
A0005599,C003939,Credit Card,2019-08-27,Active
A0005600,C003939,Savings,2019-08-27,Active
A0005601,C003940,Current,2022-07-21,Closed
A0005602,C003941,Savings,2018-04-24,Active
A0005603,C003942,Current,2021-07-11,Dormant
A0005604,C003943,Savings,2020-05-12,Active
A0005605,C003943,Current,2020-05-12,Active
A0005606,C003944,Current,2020-02-21,Active
A0005607,C003944,Credit Card,2020-02-21,Active
A0005608,C003945,Savings,2020-10-29,Active
A0005609,C003946,Savings,2025-06-21,Active
A0005610,C003947,Current,2018-08-28,Active
A0005611,C003948,Credit Card,2021-03-05,Active
A0005612,C003949,Current,2022-06-15,Active
A0005613,C003949,Savings,2022-06-15,Active
A0005614,C003950,Savings,2025-06-22,Active
A0005615,C003951,Current,2019-02-12,Active
A0005616,C003952,Current,2023-04-01,Active
A0005617,C003952,Savings,2023-04-01,Active
A0005618,C003953,Current,2023-10-14,Active
A0005619,C003954,Credit Card,2024-05-26,Active
A0005620,C003954,Credit Card,2024-05-26,Active
A0005621,C003955,Savings,2024-05-14,Active
A0005622,C003955,Savings,2024-05-14,Active
A0005623,C003955,Current,2024-05-14,Active
A0005624,C003956,Savings,2019-06-15,Active
A0005625,C003957,Current,2024-05-22,Dormant
A0005626,C003957,Current,2024-05-22,Active
A0005627,C003958,Savings,2024-10-26,Active
A0005628,C003958,Current,2024-10-26,Active
A0005629,C003959,Current,2022-02-18,Active
A0005630,C003960,Current,2018-03-31,Active
A0005631,C003961,Credit Card,2020-05-15,Active
A0005632,C003961,Current,2020-05-15,Active
A0005633,C003962,Credit Card,2023-06-12,Active
A0005634,C003962,Savings,2023-06-12,Active
A0005635,C003963,Current,2019-04-06,Active
A0005636,C003963,Savings,2019-04-06,Active
A0005637,C003964,Savings,2020-03-17,Active
A0005638,C003964,Credit Card,2020-03-17,Active
A0005639,C003965,Current,2020-02-03,Active
A0005640,C003966,Current,2024-10-15,Active
A0005641,C003966,Current,2024-10-15,Active
A0005642,C003967,Current,2025-03-08,Active
A0005643,C003967,Current,2025-03-08,Closed
A0005644,C003968,Credit Card,2019-08-31,Active
A0005645,C003969,Current,2025-02-27,Active
A0005646,C003969,Credit Card,2025-02-27,Active
A0005647,C003969,Credit Card,2025-02-27,Active
A0005648,C003970,Savings,2019-11-22,Active
A0005649,C003971,Current,2024-06-07,Active
A0005650,C003972,Credit Card,2023-07-09,Active
A0005651,C003973,Credit Card,2024-09-21,Active
A0005652,C003974,Savings,2021-01-06,Active
A0005653,C003974,Savings,2021-01-06,Active
A0005654,C003974,Credit Card,2021-01-06,Active
A0005655,C003975,Savings,2022-03-05,Active
A0005656,C003975,Savings,2022-03-05,Active
A0005657,C003976,Current,2018-08-13,Active
A0005658,C003976,Savings,2018-08-13,Active
A0005659,C003977,Savings,2023-04-19,Closed
A0005660,C003978,Savings,2025-03-25,Active
A0005661,C003979,Current,2021-04-01,Active
A0005662,C003980,Current,2024-06-11,Active
A0005663,C003981,Current,2022-10-24,Active
A0005664,C003981,Savings,2022-10-24,Active
A0005665,C003982,Current,2020-06-21,Active
A0005666,C003983,Current,2020-02-12,Active
A0005667,C003983,Current,2020-02-12,Active
A0005668,C003983,Savings,2020-02-12,Active
A0005669,C003984,Current,2022-05-14,Dormant
A0005670,C003985,Savings,2018-03-13,Active
A0005671,C003986,Current,2022-03-25,Active
A0005672,C003986,Current,2022-03-25,Active
A0005673,C003987,Current,2024-07-03,Active
A0005674,C003987,Current,2024-07-03,Active
A0005675,C003988,Savings,2022-11-07,Active
A0005676,C003988,Savings,2022-11-07,Active
A0005677,C003989,Current,2018-05-19,Active
A0005678,C003990,Savings,2022-11-10,Active
A0005679,C003990,Current,2022-11-10,Active
A0005680,C003991,Current,2022-09-22,Active
A0005681,C003992,Current,2020-04-22,Active
A0005682,C003993,Savings,2023-12-14,Active
A0005683,C003993,Current,2023-12-14,Active
A0005684,C003994,Current,2023-02-23,Active
A0005685,C003995,Savings,2025-03-20,Active
A0005686,C003996,Savings,2021-11-11,Active
A0005687,C003996,Savings,2021-11-11,Active
A0005688,C003997,Current,2020-08-27,Active
A0005689,C003998,Current,2018-04-08,Active
A0005690,C003999,Current,2021-01-27,Active
A0005691,C004000,Savings,2021-03-04,Active
A0005692,C004001,Current,2024-05-01,Active
A0005693,C004001,Savings,2024-05-01,Active
A0005694,C004001,Credit Card,2024-05-01,Active
A0005695,C004002,Current,2021-02-04,Active
A0005696,C004003,Savings,2022-05-13,Active
A0005697,C004003,Savings,2022-05-13,Active
A0005698,C004004,Current,2022-01-14,Active
A0005699,C004005,Current,2020-09-07,Active
A0005700,C004005,Savings,2020-09-07,Active
A0005701,C004006,Current,2018-10-09,Active
A0005702,C004007,Savings,2020-02-16,Dormant
A0005703,C004008,Current,2023-01-28,Active
A0005704,C004009,Current,2025-01-07,Active
A0005705,C004010,Savings,2025-03-26,Active
A0005706,C004010,Current,2025-03-26,Active
A0005707,C004010,Current,2025-03-26,Active
A0005708,C004011,Current,2019-09-05,Active
A0005709,C004012,Savings,2024-04-03,Active
A0005710,C004012,Current,2024-04-03,Active
A0005711,C004013,Current,2018-06-02,Active
A0005712,C004014,Current,2022-06-23,Active
A0005713,C004014,Credit Card,2022-06-23,Active
A0005714,C004015,Savings,2018-10-26,Active
A0005715,C004016,Savings,2023-09-13,Active
A0005716,C004017,Savings,2020-06-08,Active
A0005717,C004018,Current,2024-07-29,Active
A0005718,C004018,Current,2024-07-29,Active
A0005719,C004018,Savings,2024-07-29,Active
A0005720,C004019,Savings,2020-08-25,Active
A0005721,C004020,Current,2019-06-23,Active
A0005722,C004021,Current,2024-01-07,Active
A0005723,C004022,Current,2025-08-26,Active
A0005724,C004022,Current,2025-08-26,Active
A0005725,C004023,Current,2021-12-21,Active
A0005726,C004023,Current,2021-12-21,Active
A0005727,C004024,Savings,2021-08-25,Active
A0005728,C004024,Current,2021-08-25,Active
A0005729,C004025,Credit Card,2021-10-02,Active
A0005730,C004025,Current,2021-10-02,Active
A0005731,C004026,Savings,2023-10-18,Active
A0005732,C004027,Savings,2019-10-08,Active
A0005733,C004028,Current,2024-05-29,Active
A0005734,C004029,Current,2023-09-13,Active
A0005735,C004030,Savings,2020-01-20,Active
A0005736,C004030,Current,2020-01-20,Active
A0005737,C004031,Savings,2025-01-23,Active
A0005738,C004032,Current,2018-04-09,Active
A0005739,C004033,Current,2021-09-19,Dormant
A0005740,C004033,Credit Card,2021-09-19,Active
A0005741,C004033,Credit Card,2021-09-19,Active
A0005742,C004034,Current,2023-11-28,Active
A0005743,C004035,Current,2022-12-14,Active
A0005744,C004035,Credit Card,2022-12-14,Dormant
A0005745,C004036,Current,2024-10-27,Active
A0005746,C004037,Savings,2024-02-08,Active
A0005747,C004037,Current,2024-02-08,Active
A0005748,C004038,Current,2018-04-13,Active
A0005749,C004039,Savings,2023-04-08,Active
A0005750,C004040,Savings,2025-08-23,Active
A0005751,C004041,Savings,2022-10-04,Active
A0005752,C004042,Savings,2018-09-25,Active
A0005753,C004043,Current,2022-09-22,Active
A0005754,C004043,Current,2022-09-22,Active
A0005755,C004044,Savings,2023-06-27,Active
A0005756,C004045,Current,2025-06-13,Active
A0005757,C004046,Current,2019-11-30,Active
A0005758,C004047,Savings,2024-03-26,Active
A0005759,C004047,Savings,2024-03-26,Active
A0005760,C004048,Savings,2018-11-19,Active
A0005761,C004049,Current,2018-06-09,Active
A0005762,C004050,Current,2024-11-10,Active
A0005763,C004051,Savings,2023-10-31,Active
A0005764,C004051,Current,2023-10-31,Active
A0005765,C004052,Credit Card,2021-04-27,Active
A0005766,C004052,Current,2021-04-27,Active
A0005767,C004052,Current,2021-04-27,Active
A0005768,C004053,Savings,2024-09-16,Active
A0005769,C004054,Current,2023-03-28,Active
A0005770,C004055,Current,2025-07-16,Active
A0005771,C004055,Savings,2025-07-16,Active
A0005772,C004056,Current,2025-06-04,Active
A0005773,C004057,Savings,2024-12-12,Active
A0005774,C004058,Current,2018-04-13,Active
A0005775,C004059,Credit Card,2018-08-13,Active
A0005776,C004060,Credit Card,2024-02-03,Active
A0005777,C004060,Current,2024-02-03,Active
A0005778,C004060,Credit Card,2024-02-03,Active
A0005779,C004061,Credit Card,2025-04-19,Active
A0005780,C004062,Current,2018-01-02,Active
A0005781,C004063,Credit Card,2024-05-20,Active
A0005782,C004064,Savings,2024-01-19,Dormant
A0005783,C004064,Current,2024-01-19,Active
A0005784,C004065,Savings,2018-05-05,Active
A0005785,C004066,Savings,2021-03-28,Active
A0005786,C004067,Current,2025-05-02,Active
A0005787,C004068,Current,2022-12-08,Active
A0005788,C004068,Current,2022-12-08,Active
A0005789,C004069,Current,2023-10-11,Active
A0005790,C004069,Savings,2023-10-11,Dormant
A0005791,C004069,Current,2023-10-11,Closed
A0005792,C004070,Current,2024-06-19,Active
A0005793,C004070,Savings,2024-06-19,Active
A0005794,C004070,Credit Card,2024-06-19,Active
A0005795,C004071,Credit Card,2024-05-31,Active
A0005796,C004071,Current,2024-05-31,Dormant
A0005797,C004071,Current,2024-05-31,Active
A0005798,C004072,Current,2021-04-26,Active
A0005799,C004073,Savings,2018-02-27,Dormant
A0005800,C004074,Savings,2021-06-27,Active
A0005801,C004075,Current,2023-02-03,Closed
A0005802,C004076,Savings,2021-12-02,Active
A0005803,C004077,Current,2018-06-09,Active
A0005804,C004078,Current,2021-05-25,Active
A0005805,C004079,Current,2022-12-10,Active
A0005806,C004079,Credit Card,2022-12-10,Active
A0005807,C004080,Savings,2021-09-05,Active
A0005808,C004080,Savings,2021-09-05,Active
A0005809,C004081,Credit Card,2024-06-08,Active
A0005810,C004081,Current,2024-06-08,Active
A0005811,C004082,Savings,2020-05-19,Dormant
A0005812,C004082,Current,2020-05-19,Active
A0005813,C004083,Current,2020-04-05,Dormant
A0005814,C004084,Savings,2021-12-11,Active
A0005815,C004084,Savings,2021-12-11,Active
A0005816,C004085,Credit Card,2022-09-14,Active
A0005817,C004086,Savings,2022-11-06,Active
A0005818,C004086,Current,2022-11-06,Active
A0005819,C004087,Credit Card,2021-12-05,Active
A0005820,C004088,Current,2019-08-20,Active
A0005821,C004088,Current,2019-08-20,Active
A0005822,C004089,Savings,2022-06-22,Active
A0005823,C004089,Current,2022-06-22,Active
A0005824,C004090,Savings,2024-12-20,Closed
A0005825,C004090,Current,2024-12-20,Active
A0005826,C004091,Current,2021-04-01,Active
A0005827,C004091,Savings,2021-04-01,Active
A0005828,C004092,Savings,2019-10-24,Active
A0005829,C004092,Savings,2019-10-24,Active
A0005830,C004093,Current,2019-04-06,Active
A0005831,C004094,Current,2020-07-25,Active
A0005832,C004094,Current,2020-07-25,Active
A0005833,C004095,Current,2022-03-23,Closed
A0005834,C004096,Current,2021-05-28,Dormant
A0005835,C004097,Current,2022-02-15,Active
A0005836,C004098,Current,2024-11-23,Active
A0005837,C004099,Savings,2024-03-22,Active
A0005838,C004100,Savings,2024-09-10,Active
A0005839,C004100,Savings,2024-09-10,Active
A0005840,C004101,Current,2018-02-09,Active
A0005841,C004101,Current,2018-02-09,Active
A0005842,C004102,Savings,2022-08-29,Active
A0005843,C004103,Credit Card,2024-11-27,Active
A0005844,C004103,Current,2024-11-27,Active
A0005845,C004104,Savings,2024-04-22,Active
A0005846,C004104,Current,2024-04-22,Active
A0005847,C004105,Current,2025-06-28,Active
A0005848,C004106,Current,2025-03-19,Active
A0005849,C004106,Current,2025-03-19,Active
A0005850,C004107,Savings,2023-07-06,Active
A0005851,C004108,Current,2023-01-11,Active
A0005852,C004109,Current,2022-08-26,Active
A0005853,C004110,Savings,2018-10-22,Active
A0005854,C004111,Credit Card,2022-12-09,Active
A0005855,C004112,Savings,2024-06-28,Active
A0005856,C004112,Current,2024-06-28,Active
A0005857,C004112,Credit Card,2024-06-28,Active
A0005858,C004113,Current,2023-05-08,Active
A0005859,C004114,Current,2020-09-29,Active
A0005860,C004115,Current,2023-05-23,Active
A0005861,C004115,Savings,2023-05-23,Active
A0005862,C004116,Current,2019-11-04,Active
A0005863,C004116,Current,2019-11-04,Closed
A0005864,C004117,Savings,2019-10-16,Active
A0005865,C004117,Credit Card,2019-10-16,Active
A0005866,C004118,Current,2024-11-13,Active
A0005867,C004119,Current,2018-03-28,Active
A0005868,C004120,Savings,2024-03-10,Active
A0005869,C004120,Current,2024-03-10,Active
A0005870,C004121,Savings,2021-03-12,Active
A0005871,C004122,Current,2022-11-08,Active
A0005872,C004123,Savings,2018-10-30,Active
A0005873,C004124,Current,2025-06-15,Active
A0005874,C004124,Current,2025-06-15,Active
A0005875,C004125,Current,2018-04-24,Active
A0005876,C004126,Current,2022-10-19,Closed
A0005877,C004127,Current,2023-12-13,Active
A0005878,C004128,Current,2019-03-24,Active
A0005879,C004129,Current,2024-11-13,Active
A0005880,C004130,Current,2021-11-14,Active
A0005881,C004130,Current,2021-11-14,Dormant
A0005882,C004131,Credit Card,2018-11-08,Active
A0005883,C004131,Current,2018-11-08,Active
A0005884,C004132,Savings,2024-02-13,Active
A0005885,C004133,Current,2025-03-09,Active
A0005886,C004134,Savings,2021-08-11,Active
A0005887,C004135,Savings,2019-02-21,Active
A0005888,C004135,Current,2019-02-21,Active
A0005889,C004136,Savings,2025-05-03,Active
A0005890,C004137,Savings,2021-05-08,Active
A0005891,C004138,Current,2021-06-26,Active
A0005892,C004138,Savings,2021-06-26,Active
A0005893,C004139,Current,2021-07-09,Active
A0005894,C004140,Current,2023-07-14,Active
A0005895,C004141,Current,2020-05-07,Active
A0005896,C004142,Savings,2024-08-31,Active
A0005897,C004143,Current,2020-05-31,Active
A0005898,C004144,Savings,2021-06-29,Active
A0005899,C004145,Savings,2025-04-13,Closed
A0005900,C004146,Current,2022-02-24,Active
A0005901,C004146,Current,2022-02-24,Active
A0005902,C004147,Current,2020-06-30,Active
A0005903,C004147,Savings,2020-06-30,Active
A0005904,C004148,Current,2024-09-01,Active
A0005905,C004149,Current,2022-01-29,Active
A0005906,C004149,Savings,2022-01-29,Active
A0005907,C004150,Current,2024-04-08,Active
A0005908,C004151,Current,2020-06-22,Active
A0005909,C004152,Savings,2024-05-11,Active
A0005910,C004153,Savings,2024-03-16,Active
A0005911,C004153,Savings,2024-03-16,Active
A0005912,C004154,Credit Card,2022-06-17,Dormant
A0005913,C004155,Savings,2019-12-02,Active
A0005914,C004156,Savings,2023-05-29,Active
A0005915,C004156,Current,2023-05-29,Active
A0005916,C004157,Current,2023-12-11,Active
A0005917,C004158,Savings,2019-08-09,Active
A0005918,C004159,Current,2025-05-22,Active
A0005919,C004160,Savings,2018-05-27,Active
A0005920,C004160,Current,2018-05-27,Active
A0005921,C004161,Current,2023-08-09,Dormant
A0005922,C004162,Savings,2025-07-03,Active
A0005923,C004163,Savings,2023-07-09,Active
A0005924,C004164,Current,2023-03-04,Closed
A0005925,C004164,Current,2023-03-04,Active
A0005926,C004165,Current,2020-05-16,Active
A0005927,C004166,Current,2021-04-02,Active
A0005928,C004167,Current,2024-12-29,Active
A0005929,C004168,Savings,2018-10-15,Active
A0005930,C004168,Current,2018-10-15,Active
A0005931,C004169,Credit Card,2018-07-16,Active
A0005932,C004170,Savings,2022-11-12,Closed
A0005933,C004171,Credit Card,2019-05-05,Closed
A0005934,C004172,Current,2021-09-03,Active
A0005935,C004172,Savings,2021-09-03,Dormant
A0005936,C004173,Savings,2025-01-06,Active
A0005937,C004173,Savings,2025-01-06,Active
A0005938,C004174,Current,2021-01-19,Active
A0005939,C004175,Credit Card,2025-09-01,Active
A0005940,C004176,Current,2024-01-14,Active
A0005941,C004177,Current,2020-10-12,Active
A0005942,C004178,Current,2020-05-14,Active
A0005943,C004179,Current,2019-04-25,Active
A0005944,C004179,Current,2019-04-25,Active
A0005945,C004180,Current,2018-03-27,Active
A0005946,C004180,Current,2018-03-27,Active
A0005947,C004181,Savings,2021-08-29,Active
A0005948,C004182,Savings,2020-05-31,Active
A0005949,C004183,Savings,2019-07-11,Active
A0005950,C004184,Savings,2020-07-30,Active
A0005951,C004185,Savings,2018-01-26,Active
A0005952,C004185,Current,2018-01-26,Active
A0005953,C004186,Current,2018-07-23,Active
A0005954,C004187,Current,2024-04-20,Active
A0005955,C004188,Current,2019-08-29,Active
A0005956,C004189,Savings,2018-10-27,Active
A0005957,C004190,Current,2022-04-15,Active
A0005958,C004191,Current,2025-07-12,Active
A0005959,C004191,Savings,2025-07-12,Dormant
A0005960,C004191,Savings,2025-07-12,Active
A0005961,C004192,Current,2023-07-08,Active
A0005962,C004193,Savings,2024-03-12,Dormant
A0005963,C004193,Credit Card,2024-03-12,Active
A0005964,C004193,Current,2024-03-12,Active
A0005965,C004194,Current,2025-08-07,Active
A0005966,C004195,Credit Card,2024-08-12,Active
A0005967,C004196,Current,2021-04-11,Active
A0005968,C004197,Current,2023-10-06,Active
A0005969,C004198,Current,2021-09-03,Active
A0005970,C004199,Savings,2021-07-17,Active
A0005971,C004199,Current,2021-07-17,Active
A0005972,C004200,Current,2024-05-09,Active
A0005973,C004201,Savings,2019-08-10,Active
A0005974,C004201,Savings,2019-08-10,Active
A0005975,C004202,Current,2022-02-11,Active
A0005976,C004202,Current,2022-02-11,Active
A0005977,C004203,Credit Card,2018-09-24,Active
A0005978,C004203,Savings,2018-09-24,Active
A0005979,C004204,Current,2021-04-29,Active
A0005980,C004204,Current,2021-04-29,Active
A0005981,C004204,Savings,2021-04-29,Active
A0005982,C004205,Current,2023-12-11,Active
A0005983,C004206,Current,2019-01-17,Active
A0005984,C004207,Current,2019-02-11,Active
A0005985,C004207,Current,2019-02-11,Closed
A0005986,C004207,Savings,2019-02-11,Active
A0005987,C004208,Current,2021-09-25,Active
A0005988,C004209,Current,2019-04-03,Active
A0005989,C004210,Savings,2021-09-06,Active
A0005990,C004211,Savings,2020-06-03,Active
A0005991,C004212,Savings,2023-02-27,Active
A0005992,C004213,Savings,2023-02-15,Dormant
A0005993,C004213,Current,2023-02-15,Active
A0005994,C004214,Current,2021-01-21,Closed
A0005995,C004215,Credit Card,2020-11-14,Active
A0005996,C004216,Current,2023-06-24,Active
A0005997,C004216,Current,2023-06-24,Active
A0005998,C004217,Current,2023-02-02,Closed
A0005999,C004217,Current,2023-02-02,Active
A0006000,C004218,Current,2020-06-14,Active
A0006001,C004218,Current,2020-06-14,Active
A0006002,C004219,Current,2023-05-01,Active
A0006003,C004220,Savings,2025-01-14,Active
A0006004,C004221,Current,2025-03-06,Active
A0006005,C004222,Current,2021-10-15,Active
A0006006,C004223,Savings,2021-08-10,Active
A0006007,C004224,Credit Card,2018-11-05,Active
A0006008,C004224,Savings,2018-11-05,Active
A0006009,C004225,Savings,2023-07-16,Dormant
A0006010,C004226,Credit Card,2023-07-12,Active
A0006011,C004227,Credit Card,2019-12-26,Active
A0006012,C004228,Current,2023-10-25,Active
A0006013,C004228,Current,2023-10-25,Active
A0006014,C004229,Credit Card,2022-06-30,Closed
A0006015,C004230,Current,2019-01-22,Active
A0006016,C004231,Savings,2025-07-30,Active
A0006017,C004232,Current,2023-04-20,Active
A0006018,C004233,Credit Card,2018-08-21,Active
A0006019,C004234,Savings,2021-04-30,Active
A0006020,C004234,Credit Card,2021-04-30,Active
A0006021,C004235,Current,2020-04-29,Active
A0006022,C004235,Current,2020-04-29,Active
A0006023,C004236,Current,2019-06-17,Active
A0006024,C004237,Savings,2019-06-11,Active
A0006025,C004237,Savings,2019-06-11,Dormant
A0006026,C004237,Current,2019-06-11,Active
A0006027,C004238,Savings,2024-09-14,Active
A0006028,C004238,Savings,2024-09-14,Dormant
A0006029,C004239,Current,2024-02-14,Active
A0006030,C004240,Current,2024-03-11,Active
A0006031,C004241,Current,2025-08-26,Active
A0006032,C004241,Savings,2025-08-26,Active
A0006033,C004242,Savings,2024-12-04,Active
A0006034,C004242,Current,2024-12-04,Active
A0006035,C004242,Current,2024-12-04,Dormant
A0006036,C004243,Savings,2019-01-13,Active
A0006037,C004243,Current,2019-01-13,Active
A0006038,C004244,Current,2021-02-14,Active
A0006039,C004245,Savings,2019-01-22,Active
A0006040,C004245,Current,2019-01-22,Active
A0006041,C004246,Current,2022-02-14,Active
A0006042,C004247,Credit Card,2020-07-29,Active
A0006043,C004248,Credit Card,2021-07-30,Active
A0006044,C004249,Current,2021-11-01,Active
A0006045,C004250,Current,2021-07-13,Active
A0006046,C004251,Current,2019-03-19,Active
A0006047,C004252,Savings,2024-05-17,Active
A0006048,C004253,Current,2023-01-06,Active
A0006049,C004254,Savings,2020-02-24,Active
A0006050,C004255,Current,2023-03-19,Active
A0006051,C004255,Savings,2023-03-19,Closed
A0006052,C004256,Savings,2024-04-28,Active
A0006053,C004256,Savings,2024-04-28,Active
A0006054,C004257,Savings,2019-08-20,Active
A0006055,C004257,Current,2019-08-20,Active
A0006056,C004258,Savings,2018-09-20,Active
A0006057,C004259,Current,2020-07-18,Active
A0006058,C004259,Savings,2020-07-18,Active
A0006059,C004260,Savings,2020-06-26,Active
A0006060,C004261,Savings,2023-12-19,Dormant
A0006061,C004262,Current,2020-07-31,Active
A0006062,C004263,Current,2022-02-23,Active
A0006063,C004264,Savings,2024-12-02,Active
A0006064,C004265,Credit Card,2020-01-22,Dormant
A0006065,C004266,Current,2018-02-09,Active
A0006066,C004267,Savings,2018-05-15,Active
A0006067,C004267,Current,2018-05-15,Active
A0006068,C004268,Credit Card,2023-05-17,Active
A0006069,C004269,Current,2023-12-03,Active
A0006070,C004269,Current,2023-12-03,Active
A0006071,C004270,Current,2021-01-09,Active
A0006072,C004271,Savings,2022-09-10,Active
A0006073,C004272,Savings,2021-06-30,Active
A0006074,C004272,Savings,2021-06-30,Active
A0006075,C004273,Current,2020-12-18,Active
A0006076,C004274,Current,2024-09-15,Active
A0006077,C004275,Savings,2025-04-20,Active
A0006078,C004275,Savings,2025-04-20,Active
A0006079,C004276,Current,2025-03-06,Closed
A0006080,C004277,Current,2019-08-10,Active
A0006081,C004278,Current,2023-03-31,Active
A0006082,C004279,Current,2019-03-27,Active
A0006083,C004280,Savings,2021-10-01,Active
A0006084,C004281,Current,2020-06-06,Active
A0006085,C004282,Current,2022-07-17,Active
A0006086,C004283,Credit Card,2019-12-15,Dormant
A0006087,C004283,Current,2019-12-15,Closed
A0006088,C004284,Current,2023-07-20,Active
A0006089,C004285,Credit Card,2023-06-27,Active
A0006090,C004286,Current,2020-07-30,Active
A0006091,C004287,Current,2025-04-03,Active
A0006092,C004287,Savings,2025-04-03,Active
A0006093,C004288,Credit Card,2021-02-16,Active
A0006094,C004288,Credit Card,2021-02-16,Active
A0006095,C004289,Savings,2021-12-25,Active
A0006096,C004290,Savings,2024-01-09,Active
A0006097,C004291,Current,2022-12-21,Active
A0006098,C004291,Savings,2022-12-21,Active
A0006099,C004292,Current,2022-11-29,Active
A0006100,C004293,Current,2019-03-31,Active
A0006101,C004294,Current,2020-01-07,Active
A0006102,C004295,Savings,2020-03-18,Active
A0006103,C004296,Current,2025-03-09,Closed
A0006104,C004297,Savings,2019-11-11,Active
A0006105,C004298,Savings,2021-02-08,Active
A0006106,C004299,Current,2018-04-04,Active
A0006107,C004299,Current,2018-04-04,Active
A0006108,C004300,Current,2023-07-29,Active
A0006109,C004301,Current,2019-05-21,Active
A0006110,C004301,Current,2019-05-21,Active
A0006111,C004302,Savings,2024-10-12,Active
A0006112,C004303,Current,2023-03-10,Active
A0006113,C004304,Current,2023-10-10,Active
A0006114,C004305,Savings,2023-07-01,Active
A0006115,C004306,Current,2019-05-19,Active
A0006116,C004306,Savings,2019-05-19,Closed
A0006117,C004307,Current,2022-09-25,Active
A0006118,C004308,Savings,2021-07-18,Dormant
A0006119,C004308,Current,2021-07-18,Active
A0006120,C004309,Current,2024-06-21,Dormant
A0006121,C004310,Current,2019-11-07,Active
A0006122,C004310,Credit Card,2019-11-07,Active
A0006123,C004311,Current,2024-11-10,Active
A0006124,C004312,Savings,2024-07-27,Active
A0006125,C004313,Current,2025-01-19,Closed
A0006126,C004314,Credit Card,2018-06-28,Active
A0006127,C004314,Savings,2018-06-28,Active
A0006128,C004315,Savings,2024-03-04,Active
A0006129,C004316,Current,2023-09-26,Dormant
A0006130,C004317,Current,2020-07-11,Active
A0006131,C004317,Current,2020-07-11,Active
A0006132,C004317,Credit Card,2020-07-11,Active
A0006133,C004318,Current,2021-09-13,Dormant
A0006134,C004319,Savings,2018-03-30,Active
A0006135,C004320,Current,2025-02-11,Active
A0006136,C004321,Savings,2018-09-21,Active
A0006137,C004322,Current,2022-01-03,Active
A0006138,C004323,Current,2025-04-28,Active
A0006139,C004324,Current,2025-06-13,Active
A0006140,C004324,Savings,2025-06-13,Closed
A0006141,C004324,Savings,2025-06-13,Active
A0006142,C004325,Credit Card,2022-11-29,Active
A0006143,C004325,Savings,2022-11-29,Active
A0006144,C004325,Current,2022-11-29,Active
A0006145,C004326,Current,2022-03-16,Active
A0006146,C004327,Current,2022-10-17,Active
A0006147,C004327,Savings,2022-10-17,Active
A0006148,C004328,Savings,2021-12-21,Active
A0006149,C004328,Current,2021-12-21,Active
A0006150,C004328,Current,2021-12-21,Active
A0006151,C004329,Savings,2020-09-27,Active
A0006152,C004329,Current,2020-09-27,Active
A0006153,C004330,Current,2021-04-09,Active
A0006154,C004331,Savings,2023-01-11,Active
A0006155,C004332,Savings,2023-12-14,Active
A0006156,C004332,Current,2023-12-14,Active
A0006157,C004333,Current,2020-06-25,Active
A0006158,C004334,Current,2021-05-01,Active
A0006159,C004335,Current,2025-01-12,Active
A0006160,C004336,Current,2024-11-05,Active
A0006161,C004336,Savings,2024-11-05,Active
A0006162,C004337,Savings,2021-11-22,Dormant
A0006163,C004338,Credit Card,2021-02-28,Active
A0006164,C004339,Current,2020-02-26,Active
A0006165,C004340,Credit Card,2019-09-20,Active
A0006166,C004340,Savings,2019-09-20,Active
A0006167,C004341,Savings,2023-01-01,Active
A0006168,C004341,Current,2023-01-01,Active
A0006169,C004342,Current,2023-11-16,Active
A0006170,C004342,Current,2023-11-16,Active
A0006171,C004343,Credit Card,2020-04-26,Active
A0006172,C004344,Current,2020-11-04,Active
A0006173,C004344,Current,2020-11-04,Active
A0006174,C004345,Current,2021-12-19,Dormant
A0006175,C004346,Current,2018-12-06,Active
A0006176,C004347,Savings,2024-11-13,Active
A0006177,C004348,Current,2020-05-20,Active
A0006178,C004349,Current,2020-08-28,Active
A0006179,C004350,Current,2020-01-05,Active
A0006180,C004351,Current,2023-02-11,Active
A0006181,C004352,Credit Card,2024-05-31,Active
A0006182,C004353,Current,2025-04-26,Active
A0006183,C004354,Credit Card,2021-09-05,Active
A0006184,C004354,Credit Card,2021-09-05,Active
A0006185,C004355,Savings,2018-06-01,Active
A0006186,C004356,Current,2023-10-20,Active
A0006187,C004356,Current,2023-10-20,Active
A0006188,C004357,Savings,2020-06-05,Active
A0006189,C004358,Current,2021-06-18,Active
A0006190,C004359,Current,2024-07-03,Active
A0006191,C004360,Savings,2018-12-29,Active
A0006192,C004361,Credit Card,2022-08-16,Active
A0006193,C004362,Credit Card,2022-04-08,Active
A0006194,C004363,Current,2022-01-25,Closed
A0006195,C004364,Current,2022-04-09,Active
A0006196,C004365,Credit Card,2024-01-17,Active
A0006197,C004365,Current,2024-01-17,Active
A0006198,C004366,Savings,2023-06-13,Active
A0006199,C004367,Current,2019-05-09,Active
A0006200,C004367,Credit Card,2019-05-09,Active
A0006201,C004368,Current,2021-12-31,Active
A0006202,C004369,Savings,2024-11-27,Active
A0006203,C004369,Savings,2024-11-27,Active
A0006204,C004370,Current,2025-02-26,Active
A0006205,C004370,Current,2025-02-26,Active
A0006206,C004371,Credit Card,2023-07-20,Active
A0006207,C004372,Current,2023-07-30,Active
A0006208,C004373,Savings,2018-01-17,Active
A0006209,C004374,Current,2022-04-03,Active
A0006210,C004375,Current,2023-12-13,Active
A0006211,C004376,Current,2023-08-09,Active
A0006212,C004376,Savings,2023-08-09,Closed
A0006213,C004377,Credit Card,2019-03-03,Active
A0006214,C004378,Credit Card,2018-06-20,Active
A0006215,C004378,Current,2018-06-20,Active
A0006216,C004379,Savings,2023-05-11,Active
A0006217,C004380,Credit Card,2018-12-20,Active
A0006218,C004381,Savings,2018-04-12,Active
A0006219,C004381,Savings,2018-04-12,Active
A0006220,C004382,Current,2024-08-20,Active
A0006221,C004383,Savings,2023-09-23,Active
A0006222,C004384,Savings,2025-08-19,Active
A0006223,C004384,Savings,2025-08-19,Active
A0006224,C004385,Savings,2022-07-09,Active
A0006225,C004386,Current,2023-01-31,Active
A0006226,C004387,Current,2019-07-22,Active
A0006227,C004388,Current,2023-08-12,Active
A0006228,C004388,Savings,2023-08-12,Active
A0006229,C004389,Credit Card,2025-01-07,Active
A0006230,C004389,Current,2025-01-07,Active
A0006231,C004390,Current,2020-11-01,Active
A0006232,C004390,Credit Card,2020-11-01,Dormant
A0006233,C004391,Credit Card,2021-10-29,Active
A0006234,C004392,Current,2018-12-26,Active
A0006235,C004392,Current,2018-12-26,Active
A0006236,C004393,Current,2022-02-13,Active
A0006237,C004394,Credit Card,2020-07-18,Active
A0006238,C004395,Current,2023-03-28,Active
A0006239,C004395,Savings,2023-03-28,Active
A0006240,C004396,Savings,2023-03-15,Active
A0006241,C004397,Savings,2022-10-04,Active
A0006242,C004397,Current,2022-10-04,Active
A0006243,C004397,Credit Card,2022-10-04,Active
A0006244,C004398,Credit Card,2023-02-19,Active
A0006245,C004398,Current,2023-02-19,Active
A0006246,C004399,Current,2025-05-25,Active
A0006247,C004400,Current,2021-05-19,Active
A0006248,C004401,Current,2024-09-15,Active
A0006249,C004402,Current,2023-01-14,Active
A0006250,C004403,Savings,2022-05-31,Active
A0006251,C004404,Savings,2024-09-07,Active
A0006252,C004405,Current,2024-10-28,Active
A0006253,C004406,Current,2024-06-17,Dormant
A0006254,C004407,Current,2023-02-12,Active
A0006255,C004408,Current,2019-07-13,Active
A0006256,C004409,Current,2018-07-31,Dormant
A0006257,C004410,Current,2020-04-13,Active
A0006258,C004411,Credit Card,2022-08-19,Active
A0006259,C004412,Savings,2018-07-28,Closed
A0006260,C004413,Credit Card,2024-02-09,Active
A0006261,C004414,Savings,2018-11-03,Active
A0006262,C004415,Current,2025-05-24,Active
A0006263,C004416,Current,2023-04-08,Active
A0006264,C004417,Current,2023-02-11,Active
A0006265,C004418,Savings,2024-05-16,Active
A0006266,C004418,Current,2024-05-16,Active
A0006267,C004419,Savings,2021-06-15,Active
A0006268,C004419,Current,2021-06-15,Active
A0006269,C004420,Current,2018-10-21,Active
A0006270,C004421,Credit Card,2019-12-30,Active
A0006271,C004421,Credit Card,2019-12-30,Active
A0006272,C004422,Savings,2018-10-10,Closed
A0006273,C004422,Current,2018-10-10,Active
A0006274,C004423,Current,2021-07-26,Dormant
A0006275,C004424,Savings,2024-04-05,Active
A0006276,C004424,Current,2024-04-05,Active
A0006277,C004425,Current,2024-09-08,Dormant
A0006278,C004426,Current,2023-07-04,Active
A0006279,C004427,Savings,2019-09-23,Active
A0006280,C004428,Current,2022-09-30,Active
A0006281,C004429,Credit Card,2018-02-05,Active
A0006282,C004430,Current,2024-08-09,Dormant
A0006283,C004431,Savings,2022-05-22,Active
A0006284,C004432,Credit Card,2018-03-13,Active
A0006285,C004433,Savings,2022-01-04,Active
A0006286,C004434,Current,2022-10-21,Active
A0006287,C004434,Current,2022-10-21,Active
A0006288,C004435,Savings,2024-11-18,Active
A0006289,C004435,Current,2024-11-18,Active
A0006290,C004436,Savings,2019-11-30,Active
A0006291,C004437,Current,2022-01-19,Active
A0006292,C004438,Current,2021-11-12,Active
A0006293,C004439,Current,2023-07-05,Closed
A0006294,C004440,Savings,2022-04-17,Active
A0006295,C004441,Current,2020-04-21,Active
A0006296,C004441,Current,2020-04-21,Active
A0006297,C004442,Current,2025-07-14,Active
A0006298,C004443,Credit Card,2024-01-26,Active
A0006299,C004444,Current,2023-01-24,Active
A0006300,C004445,Savings,2022-05-02,Active
A0006301,C004445,Current,2022-05-02,Active
A0006302,C004446,Savings,2022-06-05,Active
A0006303,C004446,Current,2022-06-05,Active
A0006304,C004447,Current,2020-03-05,Active
A0006305,C004448,Current,2019-03-17,Active
A0006306,C004449,Current,2023-02-24,Active
A0006307,C004450,Current,2024-07-02,Active
A0006308,C004451,Savings,2019-06-28,Active
A0006309,C004452,Current,2020-10-14,Active
A0006310,C004453,Current,2019-04-25,Active
A0006311,C004453,Savings,2019-04-25,Active
A0006312,C004454,Current,2021-09-28,Active
A0006313,C004455,Current,2023-09-26,Active
A0006314,C004455,Savings,2023-09-26,Active
A0006315,C004456,Current,2021-01-27,Closed
A0006316,C004457,Savings,2024-06-23,Active
A0006317,C004457,Credit Card,2024-06-23,Active
A0006318,C004458,Current,2022-03-23,Active
A0006319,C004458,Savings,2022-03-23,Active
A0006320,C004459,Current,2018-07-18,Active
A0006321,C004459,Savings,2018-07-18,Active
A0006322,C004460,Savings,2018-01-28,Active
A0006323,C004460,Current,2018-01-28,Active
A0006324,C004460,Savings,2018-01-28,Active
A0006325,C004461,Current,2023-03-06,Active
A0006326,C004461,Savings,2023-03-06,Active
A0006327,C004462,Current,2021-04-18,Dormant
A0006328,C004462,Savings,2021-04-18,Closed
A0006329,C004463,Current,2020-01-11,Active
A0006330,C004463,Savings,2020-01-11,Active
A0006331,C004464,Current,2021-09-01,Active
A0006332,C004464,Current,2021-09-01,Active
A0006333,C004465,Current,2024-08-27,Active
A0006334,C004465,Savings,2024-08-27,Active
A0006335,C004466,Current,2022-04-08,Active
A0006336,C004467,Current,2018-01-12,Active
A0006337,C004468,Savings,2022-03-10,Active
A0006338,C004469,Current,2021-05-14,Active
A0006339,C004470,Current,2018-12-23,Active
A0006340,C004471,Current,2018-11-26,Active
A0006341,C004471,Savings,2018-11-26,Dormant
A0006342,C004471,Current,2018-11-26,Active
A0006343,C004472,Savings,2020-08-30,Active
A0006344,C004472,Current,2020-08-30,Active
A0006345,C004473,Current,2025-08-28,Active
A0006346,C004474,Savings,2024-12-10,Active
A0006347,C004475,Current,2022-12-20,Active
A0006348,C004476,Current,2018-08-22,Closed
A0006349,C004476,Current,2018-08-22,Active
A0006350,C004477,Current,2020-07-29,Active
A0006351,C004478,Current,2018-07-21,Active
A0006352,C004478,Savings,2018-07-21,Active
A0006353,C004479,Current,2019-07-18,Closed
A0006354,C004480,Current,2021-03-07,Active
A0006355,C004480,Credit Card,2021-03-07,Active
A0006356,C004481,Current,2018-01-09,Active
A0006357,C004482,Current,2019-09-09,Active
A0006358,C004483,Current,2018-02-27,Active
A0006359,C004483,Current,2018-02-27,Active
A0006360,C004484,Savings,2024-09-25,Active
A0006361,C004484,Current,2024-09-25,Active
A0006362,C004485,Current,2025-01-27,Active
A0006363,C004485,Current,2025-01-27,Active
A0006364,C004486,Current,2019-09-12,Active
A0006365,C004487,Current,2025-04-22,Active
A0006366,C004487,Current,2025-04-22,Active
A0006367,C004488,Savings,2019-07-18,Active
A0006368,C004488,Current,2019-07-18,Closed
A0006369,C004489,Current,2022-06-11,Active
A0006370,C004489,Current,2022-06-11,Active
A0006371,C004489,Current,2022-06-11,Active
A0006372,C004490,Savings,2025-07-09,Active
A0006373,C004491,Savings,2020-02-12,Active
A0006374,C004492,Current,2018-11-19,Closed
A0006375,C004493,Current,2024-07-20,Active
A0006376,C004493,Savings,2024-07-20,Active
A0006377,C004494,Current,2024-10-30,Active
A0006378,C004495,Savings,2020-01-03,Active
A0006379,C004495,Current,2020-01-03,Active
A0006380,C004496,Current,2019-03-30,Active
A0006381,C004497,Savings,2022-01-05,Active
A0006382,C004498,Savings,2023-05-11,Closed
A0006383,C004499,Current,2024-01-27,Dormant
A0006384,C004500,Current,2024-05-27,Active
A0006385,C004500,Credit Card,2024-05-27,Active
A0006386,C004500,Current,2024-05-27,Active
A0006387,C004501,Current,2021-07-20,Active
A0006388,C004502,Current,2019-03-02,Active
A0006389,C004503,Current,2019-04-27,Dormant
A0006390,C004504,Current,2024-12-14,Closed
A0006391,C004505,Current,2021-11-03,Active
A0006392,C004505,Current,2021-11-03,Active
A0006393,C004506,Current,2018-06-26,Active
A0006394,C004507,Current,2022-03-15,Active
A0006395,C004508,Current,2018-11-26,Active
A0006396,C004508,Current,2018-11-26,Active
A0006397,C004509,Current,2022-10-02,Active
A0006398,C004509,Current,2022-10-02,Active
A0006399,C004510,Current,2023-06-13,Active
A0006400,C004510,Savings,2023-06-13,Active
A0006401,C004511,Current,2025-01-17,Active
A0006402,C004512,Savings,2024-12-03,Active
A0006403,C004513,Credit Card,2022-12-05,Active
A0006404,C004514,Credit Card,2018-07-12,Active
A0006405,C004515,Current,2019-05-27,Active
A0006406,C004516,Current,2022-09-21,Active
A0006407,C004516,Current,2022-09-21,Active
A0006408,C004517,Savings,2018-02-26,Active
A0006409,C004517,Current,2018-02-26,Active
A0006410,C004518,Current,2025-08-24,Active
A0006411,C004518,Current,2025-08-24,Active
A0006412,C004519,Current,2023-04-03,Active
A0006413,C004520,Current,2023-03-24,Active
A0006414,C004520,Savings,2023-03-24,Active
A0006415,C004521,Current,2019-01-27,Dormant
A0006416,C004521,Credit Card,2019-01-27,Active
A0006417,C004522,Current,2019-01-28,Active
A0006418,C004523,Current,2020-02-23,Active
A0006419,C004523,Current,2020-02-23,Active
A0006420,C004524,Current,2023-12-09,Active
A0006421,C004524,Current,2023-12-09,Active
A0006422,C004525,Current,2024-01-28,Active
A0006423,C004526,Credit Card,2018-05-11,Active
A0006424,C004527,Credit Card,2020-03-09,Active
A0006425,C004527,Current,2020-03-09,Closed
A0006426,C004528,Current,2020-06-28,Active
A0006427,C004528,Savings,2020-06-28,Active
A0006428,C004529,Savings,2019-02-27,Active
A0006429,C004530,Current,2024-12-15,Active
A0006430,C004531,Current,2019-04-21,Active
A0006431,C004531,Current,2019-04-21,Active
A0006432,C004532,Current,2018-05-31,Active
A0006433,C004533,Current,2018-01-07,Dormant
A0006434,C004533,Savings,2018-01-07,Dormant
A0006435,C004534,Current,2023-10-03,Active
A0006436,C004534,Credit Card,2023-10-03,Active
A0006437,C004535,Savings,2018-12-18,Active
A0006438,C004535,Savings,2018-12-18,Active
A0006439,C004536,Savings,2022-10-22,Active
A0006440,C004537,Savings,2021-11-30,Active
A0006441,C004538,Savings,2022-08-22,Active
A0006442,C004539,Current,2019-03-25,Active
A0006443,C004540,Savings,2018-01-20,Active
A0006444,C004540,Savings,2018-01-20,Active
A0006445,C004541,Savings,2018-10-13,Dormant
A0006446,C004542,Current,2018-06-19,Active
A0006447,C004542,Current,2018-06-19,Active
A0006448,C004543,Current,2018-11-24,Active
A0006449,C004544,Current,2022-10-16,Active
A0006450,C004545,Credit Card,2024-03-11,Active
A0006451,C004546,Current,2022-05-08,Active
A0006452,C004546,Current,2022-05-08,Active
A0006453,C004546,Savings,2022-05-08,Active
A0006454,C004547,Credit Card,2022-01-04,Active
A0006455,C004548,Current,2025-07-22,Active
A0006456,C004549,Savings,2018-08-12,Active
A0006457,C004550,Savings,2019-01-19,Active
A0006458,C004550,Current,2019-01-19,Active
A0006459,C004551,Savings,2020-04-10,Active
A0006460,C004552,Current,2025-06-02,Active
A0006461,C004553,Current,2023-12-21,Active
A0006462,C004554,Current,2021-11-21,Active
A0006463,C004555,Current,2020-09-29,Active
A0006464,C004555,Credit Card,2020-09-29,Active
A0006465,C004555,Savings,2020-09-29,Active
A0006466,C004556,Current,2018-04-26,Active
A0006467,C004557,Current,2018-05-18,Active
A0006468,C004558,Credit Card,2024-10-04,Active
A0006469,C004559,Current,2021-01-13,Active
A0006470,C004559,Current,2021-01-13,Active
A0006471,C004560,Current,2021-01-24,Active
A0006472,C004561,Credit Card,2025-08-13,Active
A0006473,C004562,Current,2020-02-10,Active
A0006474,C004563,Current,2018-11-18,Dormant
A0006475,C004564,Current,2025-07-20,Active
A0006476,C004564,Current,2025-07-20,Active
A0006477,C004564,Savings,2025-07-20,Active
A0006478,C004565,Credit Card,2019-08-09,Active
A0006479,C004566,Savings,2019-07-26,Active
A0006480,C004567,Current,2025-03-04,Closed
A0006481,C004567,Savings,2025-03-04,Dormant
A0006482,C004568,Current,2020-06-09,Active
A0006483,C004569,Current,2019-06-25,Active
A0006484,C004569,Current,2019-06-25,Active
A0006485,C004570,Current,2020-01-20,Active
A0006486,C004570,Savings,2020-01-20,Dormant
A0006487,C004571,Current,2025-06-07,Dormant
A0006488,C004571,Current,2025-06-07,Closed
A0006489,C004572,Credit Card,2022-07-18,Active
A0006490,C004573,Current,2018-04-09,Active
A0006491,C004574,Current,2022-05-20,Active
A0006492,C004575,Current,2018-09-09,Active
A0006493,C004576,Credit Card,2021-08-10,Active
A0006494,C004577,Credit Card,2018-06-16,Dormant
A0006495,C004578,Savings,2019-10-26,Active
A0006496,C004579,Current,2021-07-10,Active
A0006497,C004580,Current,2019-09-09,Dormant
A0006498,C004580,Savings,2019-09-09,Active
A0006499,C004581,Credit Card,2025-06-14,Active
A0006500,C004582,Current,2023-07-22,Active
A0006501,C004583,Current,2022-06-16,Active
A0006502,C004584,Current,2018-09-28,Active
A0006503,C004584,Credit Card,2018-09-28,Active
A0006504,C004585,Current,2019-05-20,Active
A0006505,C004586,Credit Card,2022-10-13,Active
A0006506,C004587,Savings,2019-10-14,Active
A0006507,C004588,Current,2019-09-04,Active
A0006508,C004588,Savings,2019-09-04,Active
A0006509,C004589,Savings,2021-05-11,Active
A0006510,C004590,Current,2022-04-19,Active
A0006511,C004591,Current,2019-06-12,Active
A0006512,C004592,Current,2019-10-15,Active
A0006513,C004593,Current,2024-01-08,Active
A0006514,C004594,Current,2019-07-21,Active
A0006515,C004594,Current,2019-07-21,Active
A0006516,C004595,Current,2024-05-07,Active
A0006517,C004595,Current,2024-05-07,Active
A0006518,C004595,Current,2024-05-07,Active
A0006519,C004596,Credit Card,2022-04-15,Dormant
A0006520,C004597,Current,2018-12-10,Active
A0006521,C004598,Current,2023-03-31,Active
A0006522,C004598,Savings,2023-03-31,Active
A0006523,C004599,Credit Card,2023-06-18,Active
A0006524,C004600,Current,2021-07-19,Active
A0006525,C004601,Savings,2024-12-02,Active
A0006526,C004602,Current,2018-08-17,Active
A0006527,C004602,Current,2018-08-17,Active
A0006528,C004603,Current,2024-02-02,Closed
A0006529,C004603,Savings,2024-02-02,Active
A0006530,C004603,Savings,2024-02-02,Active
A0006531,C004604,Current,2019-10-16,Active
A0006532,C004604,Current,2019-10-16,Active
A0006533,C004605,Current,2025-03-28,Active
A0006534,C004606,Current,2025-03-09,Active
A0006535,C004607,Current,2023-05-10,Dormant
A0006536,C004607,Current,2023-05-10,Active
A0006537,C004608,Current,2022-09-18,Active
A0006538,C004608,Savings,2022-09-18,Active
A0006539,C004609,Current,2024-11-09,Active
A0006540,C004610,Current,2019-02-11,Active
A0006541,C004611,Current,2023-04-14,Closed
A0006542,C004612,Current,2024-08-16,Active
A0006543,C004612,Current,2024-08-16,Active
A0006544,C004613,Current,2024-02-07,Active
A0006545,C004614,Savings,2020-03-05,Active
A0006546,C004614,Current,2020-03-05,Active
A0006547,C004615,Savings,2021-10-06,Active
A0006548,C004615,Current,2021-10-06,Dormant
A0006549,C004616,Credit Card,2023-09-19,Active
A0006550,C004617,Current,2024-06-15,Active
A0006551,C004617,Savings,2024-06-15,Active
A0006552,C004618,Credit Card,2020-12-17,Active
A0006553,C004619,Savings,2022-03-16,Active
A0006554,C004620,Current,2023-09-09,Active
A0006555,C004621,Savings,2018-05-12,Closed
A0006556,C004621,Credit Card,2018-05-12,Dormant
A0006557,C004622,Credit Card,2024-05-20,Active
A0006558,C004623,Current,2018-09-05,Active
A0006559,C004624,Current,2019-05-23,Active
A0006560,C004624,Savings,2019-05-23,Active
A0006561,C004625,Current,2020-06-25,Active
A0006562,C004625,Current,2020-06-25,Active
A0006563,C004626,Credit Card,2019-12-11,Active
A0006564,C004626,Current,2019-12-11,Active
A0006565,C004627,Savings,2025-06-23,Active
A0006566,C004628,Current,2021-08-06,Active
A0006567,C004629,Savings,2021-09-23,Active
A0006568,C004630,Credit Card,2020-01-10,Active
A0006569,C004631,Current,2021-12-23,Dormant
A0006570,C004631,Current,2021-12-23,Active
A0006571,C004632,Current,2021-06-28,Active
A0006572,C004633,Savings,2023-12-03,Closed
A0006573,C004634,Current,2021-02-04,Closed
A0006574,C004635,Current,2019-10-07,Active
A0006575,C004636,Savings,2025-07-23,Active
A0006576,C004636,Current,2025-07-23,Active
A0006577,C004637,Savings,2022-11-30,Active
A0006578,C004638,Current,2023-09-04,Closed
A0006579,C004639,Current,2023-02-02,Closed
A0006580,C004640,Savings,2019-09-30,Closed
A0006581,C004640,Savings,2019-09-30,Active
A0006582,C004641,Current,2021-08-15,Dormant
A0006583,C004642,Current,2018-08-13,Active
A0006584,C004643,Current,2023-01-17,Active
A0006585,C004644,Credit Card,2021-08-11,Dormant
A0006586,C004644,Savings,2021-08-11,Active
A0006587,C004644,Current,2021-08-11,Active
A0006588,C004645,Current,2019-11-07,Active
A0006589,C004646,Current,2025-07-05,Active
A0006590,C004647,Current,2018-08-11,Active
A0006591,C004648,Current,2022-03-28,Active
A0006592,C004649,Current,2020-10-15,Active
A0006593,C004650,Credit Card,2021-11-12,Active
A0006594,C004650,Credit Card,2021-11-12,Active
A0006595,C004650,Current,2021-11-12,Active
A0006596,C004651,Credit Card,2022-06-22,Active
A0006597,C004652,Savings,2023-09-22,Active
A0006598,C004653,Current,2018-07-13,Active
A0006599,C004654,Savings,2025-06-09,Active
A0006600,C004655,Credit Card,2024-09-01,Dormant
A0006601,C004656,Credit Card,2020-07-29,Active
A0006602,C004657,Savings,2020-08-22,Closed
A0006603,C004658,Current,2018-04-01,Dormant
A0006604,C004658,Current,2018-04-01,Active
A0006605,C004659,Savings,2023-01-29,Active
A0006606,C004659,Savings,2023-01-29,Closed
A0006607,C004660,Current,2020-05-20,Active
A0006608,C004661,Savings,2019-05-22,Active
A0006609,C004661,Current,2019-05-22,Active
A0006610,C004662,Savings,2022-09-12,Active
A0006611,C004662,Savings,2022-09-12,Dormant
A0006612,C004663,Current,2018-03-16,Active
A0006613,C004664,Current,2022-12-19,Active
A0006614,C004664,Current,2022-12-19,Active
A0006615,C004665,Savings,2019-10-17,Active
A0006616,C004666,Current,2020-01-30,Active
A0006617,C004667,Savings,2025-08-21,Active
A0006618,C004668,Savings,2023-03-18,Active
A0006619,C004668,Credit Card,2023-03-18,Active
A0006620,C004668,Credit Card,2023-03-18,Active
A0006621,C004669,Current,2022-12-18,Active
A0006622,C004670,Current,2022-11-19,Active
A0006623,C004670,Current,2022-11-19,Active
A0006624,C004671,Savings,2019-02-05,Active
A0006625,C004672,Current,2020-09-08,Active
A0006626,C004673,Savings,2019-09-11,Active
A0006627,C004674,Current,2023-10-23,Active
A0006628,C004675,Current,2024-11-02,Active
A0006629,C004676,Savings,2019-01-02,Active
A0006630,C004677,Savings,2021-02-09,Active
A0006631,C004678,Current,2018-01-22,Active
A0006632,C004679,Current,2022-02-15,Active
A0006633,C004680,Current,2019-03-21,Active
A0006634,C004680,Savings,2019-03-21,Active
A0006635,C004681,Credit Card,2020-02-11,Active
A0006636,C004682,Savings,2025-05-26,Closed
A0006637,C004683,Savings,2019-07-15,Active
A0006638,C004683,Current,2019-07-15,Active
A0006639,C004684,Current,2021-04-19,Active
A0006640,C004685,Current,2020-09-18,Active
A0006641,C004686,Current,2018-09-26,Active
A0006642,C004687,Savings,2024-11-01,Active
A0006643,C004687,Savings,2024-11-01,Active
A0006644,C004688,Savings,2022-07-09,Active
A0006645,C004689,Current,2022-11-21,Active
A0006646,C004690,Current,2018-03-06,Active
A0006647,C004691,Current,2021-06-29,Active
A0006648,C004692,Savings,2021-06-14,Active
A0006649,C004692,Savings,2021-06-14,Active
A0006650,C004693,Savings,2023-03-15,Active
A0006651,C004693,Credit Card,2023-03-15,Active
A0006652,C004693,Savings,2023-03-15,Active
A0006653,C004694,Current,2018-01-08,Active
A0006654,C004695,Current,2024-03-19,Closed
A0006655,C004696,Savings,2019-01-30,Active
A0006656,C004697,Current,2020-08-20,Active
A0006657,C004697,Current,2020-08-20,Dormant
A0006658,C004698,Savings,2021-04-12,Dormant
A0006659,C004699,Savings,2023-12-26,Active
A0006660,C004700,Current,2018-09-16,Active
A0006661,C004701,Savings,2024-08-09,Active
A0006662,C004701,Current,2024-08-09,Active
A0006663,C004702,Savings,2021-09-30,Active
A0006664,C004703,Current,2023-04-09,Active
A0006665,C004704,Current,2023-05-23,Active
A0006666,C004705,Current,2018-11-18,Active
A0006667,C004706,Current,2024-09-23,Active
A0006668,C004707,Current,2019-02-25,Active
A0006669,C004707,Current,2019-02-25,Active
A0006670,C004708,Current,2019-07-01,Dormant
A0006671,C004708,Current,2019-07-01,Active
A0006672,C004709,Credit Card,2022-10-23,Active
A0006673,C004709,Current,2022-10-23,Active
A0006674,C004709,Savings,2022-10-23,Active
A0006675,C004710,Current,2021-11-17,Active
A0006676,C004711,Current,2023-08-07,Dormant
A0006677,C004712,Savings,2025-07-29,Active
A0006678,C004712,Current,2025-07-29,Active
A0006679,C004713,Current,2024-02-19,Closed
A0006680,C004713,Savings,2024-02-19,Active
A0006681,C004714,Current,2020-07-31,Active
A0006682,C004714,Current,2020-07-31,Active
A0006683,C004715,Current,2020-10-07,Active
A0006684,C004716,Current,2019-07-28,Active
A0006685,C004717,Current,2022-09-12,Active
A0006686,C004718,Current,2019-06-12,Active
A0006687,C004719,Savings,2022-10-13,Active
A0006688,C004720,Savings,2019-06-22,Active
A0006689,C004721,Credit Card,2024-02-19,Active
A0006690,C004722,Current,2023-05-01,Active
A0006691,C004723,Savings,2024-12-05,Active
A0006692,C004723,Current,2024-12-05,Active
A0006693,C004724,Credit Card,2022-07-01,Active
A0006694,C004725,Savings,2023-05-05,Active
A0006695,C004725,Current,2023-05-05,Active
A0006696,C004726,Current,2025-02-20,Active
A0006697,C004726,Current,2025-02-20,Active
A0006698,C004727,Credit Card,2023-11-22,Active
A0006699,C004728,Savings,2022-07-21,Active
A0006700,C004729,Savings,2025-03-16,Active
A0006701,C004730,Current,2021-05-10,Active
A0006702,C004731,Savings,2020-06-17,Active
A0006703,C004732,Current,2019-05-17,Active
A0006704,C004732,Current,2019-05-17,Active
A0006705,C004733,Credit Card,2024-05-26,Active
A0006706,C004734,Current,2024-03-28,Active
A0006707,C004734,Savings,2024-03-28,Active
A0006708,C004734,Current,2024-03-28,Active
A0006709,C004735,Current,2021-09-16,Active
A0006710,C004736,Savings,2019-05-12,Active
A0006711,C004737,Credit Card,2025-05-05,Active
A0006712,C004738,Current,2018-09-19,Active
A0006713,C004738,Credit Card,2018-09-19,Active
A0006714,C004738,Current,2018-09-19,Closed
A0006715,C004739,Current,2025-03-31,Active
A0006716,C004739,Savings,2025-03-31,Active
A0006717,C004739,Credit Card,2025-03-31,Active
A0006718,C004740,Current,2025-03-31,Active
A0006719,C004740,Current,2025-03-31,Active
A0006720,C004741,Current,2024-10-17,Active
A0006721,C004742,Current,2024-12-21,Active
A0006722,C004743,Credit Card,2022-08-20,Dormant
A0006723,C004744,Current,2021-05-24,Active
A0006724,C004745,Current,2019-07-18,Active
A0006725,C004745,Current,2019-07-18,Active
A0006726,C004745,Current,2019-07-18,Active
A0006727,C004746,Current,2021-09-30,Active
A0006728,C004747,Current,2021-03-11,Active
A0006729,C004748,Savings,2021-08-31,Active
A0006730,C004749,Savings,2020-12-03,Active
A0006731,C004750,Savings,2021-10-22,Active
A0006732,C004750,Credit Card,2021-10-22,Closed
A0006733,C004751,Current,2020-02-22,Active
A0006734,C004751,Savings,2020-02-22,Active
A0006735,C004752,Current,2024-12-14,Active
A0006736,C004753,Savings,2018-11-01,Active
A0006737,C004754,Current,2020-08-08,Active
A0006738,C004755,Current,2021-10-11,Dormant
A0006739,C004755,Current,2021-10-11,Active
A0006740,C004756,Credit Card,2023-05-27,Active
A0006741,C004757,Savings,2022-06-05,Active
A0006742,C004758,Current,2018-02-23,Active
A0006743,C004758,Current,2018-02-23,Closed
A0006744,C004759,Savings,2019-08-28,Closed
A0006745,C004760,Credit Card,2024-05-20,Active
A0006746,C004761,Current,2021-12-08,Active
A0006747,C004762,Credit Card,2018-07-06,Active
A0006748,C004763,Savings,2020-09-04,Active
A0006749,C004764,Current,2021-06-06,Active
A0006750,C004764,Savings,2021-06-06,Active
A0006751,C004765,Savings,2022-09-15,Active
A0006752,C004765,Current,2022-09-15,Dormant
A0006753,C004765,Current,2022-09-15,Closed
A0006754,C004766,Savings,2018-06-13,Active
A0006755,C004767,Current,2019-02-04,Active
A0006756,C004767,Current,2019-02-04,Active
A0006757,C004768,Savings,2021-05-25,Active
A0006758,C004768,Current,2021-05-25,Active
A0006759,C004769,Current,2018-08-26,Dormant
A0006760,C004770,Current,2025-03-26,Active
A0006761,C004770,Current,2025-03-26,Active
A0006762,C004771,Credit Card,2019-12-13,Active
A0006763,C004771,Current,2019-12-13,Active
A0006764,C004772,Savings,2020-03-17,Active
A0006765,C004773,Current,2018-04-01,Active
A0006766,C004774,Current,2022-07-18,Active
A0006767,C004775,Current,2025-03-13,Active
A0006768,C004775,Savings,2025-03-13,Active
A0006769,C004776,Current,2020-05-16,Active
A0006770,C004777,Current,2020-03-15,Active
A0006771,C004777,Current,2020-03-15,Active
A0006772,C004778,Credit Card,2023-05-04,Active
A0006773,C004778,Current,2023-05-04,Active
A0006774,C004779,Savings,2025-06-27,Active
A0006775,C004780,Credit Card,2021-04-04,Active
A0006776,C004781,Current,2021-11-19,Active
A0006777,C004782,Current,2020-01-08,Active
A0006778,C004783,Current,2020-02-02,Active
A0006779,C004783,Credit Card,2020-02-02,Active
A0006780,C004784,Current,2025-05-03,Active
A0006781,C004785,Savings,2019-07-04,Active
A0006782,C004785,Credit Card,2019-07-04,Active
A0006783,C004786,Savings,2025-01-27,Active
A0006784,C004787,Current,2025-05-08,Active
A0006785,C004788,Current,2020-09-29,Active
A0006786,C004789,Savings,2021-03-27,Active
A0006787,C004790,Current,2024-04-03,Active
A0006788,C004791,Savings,2018-05-23,Active
A0006789,C004791,Current,2018-05-23,Active
A0006790,C004792,Current,2018-06-02,Active
A0006791,C004793,Current,2021-09-09,Dormant
A0006792,C004793,Current,2021-09-09,Active
A0006793,C004794,Credit Card,2019-05-05,Active
A0006794,C004795,Credit Card,2022-07-26,Active
A0006795,C004795,Current,2022-07-26,Active
A0006796,C004796,Credit Card,2018-06-15,Active
A0006797,C004797,Savings,2018-08-26,Active
A0006798,C004797,Current,2018-08-26,Active
A0006799,C004798,Current,2025-04-09,Active
A0006800,C004798,Savings,2025-04-09,Active
A0006801,C004799,Credit Card,2023-08-05,Dormant
A0006802,C004800,Current,2023-10-29,Active
A0006803,C004801,Savings,2020-01-08,Active
A0006804,C004802,Savings,2022-03-04,Active
A0006805,C004803,Credit Card,2018-08-18,Active
A0006806,C004804,Savings,2019-11-11,Active
A0006807,C004805,Savings,2021-06-25,Active
A0006808,C004806,Savings,2023-05-03,Active
A0006809,C004807,Credit Card,2019-03-27,Active
A0006810,C004808,Credit Card,2024-07-05,Active
A0006811,C004809,Credit Card,2022-03-24,Active
A0006812,C004810,Savings,2021-02-03,Active
A0006813,C004810,Current,2021-02-03,Active
A0006814,C004811,Current,2021-02-16,Active
A0006815,C004812,Current,2025-05-08,Active
A0006816,C004813,Current,2019-06-18,Active
A0006817,C004814,Savings,2022-01-07,Active
A0006818,C004814,Current,2022-01-07,Active
A0006819,C004815,Current,2021-03-09,Active
A0006820,C004815,Current,2021-03-09,Active
A0006821,C004816,Savings,2023-12-26,Active
A0006822,C004816,Savings,2023-12-26,Active
A0006823,C004817,Savings,2023-01-15,Active
A0006824,C004817,Current,2023-01-15,Dormant
A0006825,C004818,Current,2020-08-07,Active
A0006826,C004819,Current,2019-01-22,Dormant
A0006827,C004820,Current,2024-10-23,Active
A0006828,C004821,Savings,2023-10-13,Closed
A0006829,C004822,Current,2021-12-16,Active
A0006830,C004823,Savings,2023-08-03,Active
A0006831,C004824,Current,2021-09-17,Active
A0006832,C004825,Savings,2020-06-01,Active
A0006833,C004826,Savings,2021-04-10,Active
A0006834,C004827,Credit Card,2019-02-15,Active
A0006835,C004827,Savings,2019-02-15,Active
A0006836,C004828,Current,2018-06-21,Active
A0006837,C004829,Credit Card,2025-04-13,Active
A0006838,C004829,Current,2025-04-13,Active
A0006839,C004830,Credit Card,2025-06-28,Active
A0006840,C004831,Savings,2018-01-31,Active
A0006841,C004832,Current,2020-06-20,Active
A0006842,C004833,Savings,2019-12-29,Active
A0006843,C004833,Current,2019-12-29,Active
A0006844,C004834,Credit Card,2023-04-04,Active
A0006845,C004835,Current,2019-10-01,Active
A0006846,C004836,Current,2022-11-13,Active
A0006847,C004837,Credit Card,2020-12-05,Active
A0006848,C004837,Current,2020-12-05,Active
A0006849,C004838,Savings,2025-09-01,Active
A0006850,C004838,Current,2025-09-01,Active
A0006851,C004839,Credit Card,2022-03-17,Active
A0006852,C004840,Savings,2019-02-16,Active
A0006853,C004841,Savings,2019-11-03,Active
A0006854,C004842,Current,2021-07-11,Dormant
A0006855,C004843,Current,2023-10-03,Active
A0006856,C004843,Credit Card,2023-10-03,Active
A0006857,C004844,Current,2024-03-12,Active
A0006858,C004845,Current,2020-09-03,Active
A0006859,C004846,Current,2021-12-29,Active
A0006860,C004847,Current,2022-07-06,Active
A0006861,C004848,Current,2018-03-19,Active
A0006862,C004849,Current,2024-07-13,Active
A0006863,C004850,Current,2023-05-26,Active
A0006864,C004850,Savings,2023-05-26,Active
A0006865,C004851,Savings,2019-05-16,Active
A0006866,C004852,Current,2023-07-26,Active
A0006867,C004853,Savings,2018-01-27,Active
A0006868,C004853,Savings,2018-01-27,Active
A0006869,C004854,Current,2023-01-10,Active
A0006870,C004855,Savings,2022-03-03,Active
A0006871,C004856,Current,2025-03-29,Active
A0006872,C004856,Current,2025-03-29,Active
A0006873,C004857,Credit Card,2022-01-19,Active
A0006874,C004858,Current,2020-03-10,Active
A0006875,C004859,Savings,2025-03-18,Active
A0006876,C004860,Current,2023-09-22,Dormant
A0006877,C004861,Credit Card,2022-11-22,Active
A0006878,C004861,Savings,2022-11-22,Active
A0006879,C004861,Savings,2022-11-22,Dormant
A0006880,C004862,Savings,2018-01-16,Active
A0006881,C004862,Current,2018-01-16,Active
A0006882,C004863,Current,2019-08-01,Active
A0006883,C004864,Savings,2024-05-10,Active
A0006884,C004865,Current,2019-09-22,Active
A0006885,C004866,Current,2018-02-13,Active
A0006886,C004866,Savings,2018-02-13,Active
A0006887,C004867,Current,2023-07-15,Active
A0006888,C004868,Current,2019-05-24,Dormant
A0006889,C004869,Current,2018-09-25,Active
A0006890,C004870,Savings,2021-05-06,Active
A0006891,C004871,Current,2024-06-06,Active
A0006892,C004871,Savings,2024-06-06,Active
A0006893,C004871,Current,2024-06-06,Active
A0006894,C004872,Savings,2022-02-07,Active
A0006895,C004872,Savings,2022-02-07,Dormant
A0006896,C004873,Savings,2018-08-10,Active
A0006897,C004874,Savings,2018-01-02,Active
A0006898,C004874,Current,2018-01-02,Active
A0006899,C004875,Savings,2019-08-08,Active
A0006900,C004876,Current,2024-02-17,Active
A0006901,C004877,Credit Card,2022-11-20,Active
A0006902,C004878,Credit Card,2021-04-19,Active
A0006903,C004879,Current,2023-05-25,Active
A0006904,C004880,Current,2022-01-16,Active
A0006905,C004881,Current,2025-04-11,Active
A0006906,C004882,Current,2019-04-16,Active
A0006907,C004882,Savings,2019-04-16,Active
A0006908,C004883,Current,2019-12-19,Active
A0006909,C004883,Savings,2019-12-19,Closed
A0006910,C004884,Current,2018-05-07,Active
A0006911,C004885,Current,2018-05-05,Active
A0006912,C004885,Current,2018-05-05,Active
A0006913,C004886,Current,2018-04-10,Dormant
A0006914,C004886,Current,2018-04-10,Active
A0006915,C004886,Credit Card,2018-04-10,Active
A0006916,C004887,Current,2022-04-30,Active
A0006917,C004888,Credit Card,2021-12-21,Active
A0006918,C004889,Savings,2024-08-15,Active
A0006919,C004890,Current,2018-02-07,Active
A0006920,C004890,Current,2018-02-07,Active
A0006921,C004891,Savings,2021-04-27,Active
A0006922,C004892,Current,2023-04-28,Active
A0006923,C004893,Current,2021-10-19,Active
A0006924,C004893,Current,2021-10-19,Active
A0006925,C004894,Current,2020-11-27,Active
A0006926,C004895,Savings,2023-04-30,Active
A0006927,C004895,Credit Card,2023-04-30,Active
A0006928,C004896,Current,2025-08-07,Active
A0006929,C004896,Current,2025-08-07,Active
A0006930,C004897,Credit Card,2022-08-20,Active
A0006931,C004898,Current,2021-03-24,Active
A0006932,C004899,Current,2019-06-25,Active
A0006933,C004899,Credit Card,2019-06-25,Active
A0006934,C004900,Current,2020-10-22,Active
A0006935,C004901,Current,2021-02-26,Active
A0006936,C004902,Current,2019-08-08,Active
A0006937,C004902,Current,2019-08-08,Active
A0006938,C004903,Current,2025-06-04,Active
A0006939,C004904,Current,2024-05-25,Active
A0006940,C004904,Current,2024-05-25,Active
A0006941,C004905,Current,2022-01-31,Active
A0006942,C004906,Credit Card,2020-10-12,Active
A0006943,C004906,Current,2020-10-12,Active
A0006944,C004907,Credit Card,2020-06-16,Active
A0006945,C004907,Current,2020-06-16,Active
A0006946,C004908,Current,2025-05-12,Dormant
A0006947,C004908,Current,2025-05-12,Dormant
A0006948,C004909,Savings,2020-02-27,Active
A0006949,C004909,Current,2020-02-27,Active
A0006950,C004910,Savings,2022-01-16,Active
A0006951,C004911,Current,2024-05-19,Active
A0006952,C004912,Current,2024-03-19,Active
A0006953,C004913,Savings,2024-10-07,Active
A0006954,C004914,Credit Card,2025-03-22,Active
A0006955,C004915,Current,2025-03-28,Active
A0006956,C004916,Current,2024-06-16,Active
A0006957,C004916,Savings,2024-06-16,Active
A0006958,C004917,Current,2024-06-09,Active
A0006959,C004917,Current,2024-06-09,Active
A0006960,C004917,Current,2024-06-09,Active
A0006961,C004918,Credit Card,2019-12-24,Active
A0006962,C004918,Savings,2019-12-24,Active
A0006963,C004919,Current,2020-07-15,Closed
A0006964,C004920,Current,2025-04-14,Active
A0006965,C004921,Savings,2022-03-17,Closed
A0006966,C004921,Current,2022-03-17,Active
A0006967,C004922,Current,2019-02-12,Active
A0006968,C004923,Savings,2020-01-19,Active
A0006969,C004923,Credit Card,2020-01-19,Active
A0006970,C004924,Current,2023-12-22,Active
A0006971,C004925,Current,2019-10-16,Active
A0006972,C004925,Current,2019-10-16,Active
A0006973,C004925,Savings,2019-10-16,Active
A0006974,C004926,Current,2018-09-08,Active
A0006975,C004927,Current,2018-04-17,Active
A0006976,C004928,Savings,2018-01-13,Active
A0006977,C004929,Savings,2021-04-03,Active
A0006978,C004930,Current,2022-04-23,Active
A0006979,C004931,Current,2023-01-22,Active
A0006980,C004932,Credit Card,2023-12-14,Active
A0006981,C004932,Current,2023-12-14,Active
A0006982,C004932,Savings,2023-12-14,Active
A0006983,C004933,Credit Card,2021-08-25,Active
A0006984,C004934,Current,2021-04-18,Active
A0006985,C004934,Current,2021-04-18,Active
A0006986,C004935,Savings,2020-11-10,Active
A0006987,C004936,Current,2024-06-04,Active
A0006988,C004936,Savings,2024-06-04,Active
A0006989,C004937,Current,2023-02-03,Active
A0006990,C004938,Savings,2022-04-01,Active
A0006991,C004939,Credit Card,2024-07-29,Active
A0006992,C004940,Savings,2023-04-20,Active
A0006993,C004941,Current,2020-08-25,Active
A0006994,C004942,Current,2020-06-13,Active
A0006995,C004943,Savings,2022-11-19,Active
A0006996,C004944,Current,2022-10-23,Active
A0006997,C004945,Current,2022-07-27,Active
A0006998,C004946,Current,2020-03-21,Active
A0006999,C004947,Current,2024-11-20,Active
A0007000,C004947,Savings,2024-11-20,Active
A0007001,C004947,Savings,2024-11-20,Active
A0007002,C004948,Current,2024-03-08,Closed
A0007003,C004949,Credit Card,2019-03-30,Active
A0007004,C004949,Current,2019-03-30,Dormant
A0007005,C004950,Current,2023-10-13,Active
A0007006,C004951,Current,2018-01-06,Active
A0007007,C004952,Current,2019-11-30,Active
A0007008,C004952,Current,2019-11-30,Active
A0007009,C004953,Current,2020-05-26,Active
A0007010,C004954,Savings,2023-02-20,Active
A0007011,C004955,Current,2021-02-26,Active
A0007012,C004956,Current,2022-01-08,Active
A0007013,C004957,Current,2022-08-19,Active
A0007014,C004958,Credit Card,2022-12-01,Active
A0007015,C004959,Current,2020-04-04,Active
A0007016,C004959,Current,2020-04-04,Active
A0007017,C004960,Savings,2025-08-20,Active
A0007018,C004961,Current,2018-11-29,Active
A0007019,C004961,Current,2018-11-29,Active
A0007020,C004961,Current,2018-11-29,Closed
A0007021,C004962,Current,2018-03-05,Active
A0007022,C004963,Savings,2021-05-10,Active
A0007023,C004964,Current,2022-04-27,Closed
A0007024,C004965,Savings,2018-02-24,Active
A0007025,C004966,Savings,2024-10-13,Active
A0007026,C004966,Savings,2024-10-13,Active
A0007027,C004967,Savings,2022-11-08,Active
A0007028,C004968,Savings,2018-10-10,Active
A0007029,C004968,Current,2018-10-10,Active
A0007030,C004969,Credit Card,2024-06-29,Active
A0007031,C004970,Current,2020-12-10,Active
A0007032,C004970,Current,2020-12-10,Active
A0007033,C004971,Savings,2023-09-19,Active
A0007034,C004971,Current,2023-09-19,Active
A0007035,C004972,Current,2023-09-05,Active
A0007036,C004972,Current,2023-09-05,Active
A0007037,C004973,Savings,2018-03-27,Active
A0007038,C004973,Savings,2018-03-27,Closed
A0007039,C004974,Current,2024-07-22,Active
A0007040,C004975,Current,2020-02-02,Active
A0007041,C004975,Current,2020-02-02,Active
A0007042,C004976,Current,2019-04-25,Active
A0007043,C004977,Savings,2022-07-23,Active
A0007044,C004977,Current,2022-07-23,Active
A0007045,C004978,Current,2023-12-06,Active
A0007046,C004978,Credit Card,2023-12-06,Active
A0007047,C004979,Savings,2018-10-13,Active
A0007048,C004980,Credit Card,2020-11-17,Active
A0007049,C004981,Savings,2023-05-10,Active
A0007050,C004981,Savings,2023-05-10,Active
A0007051,C004982,Current,2022-05-11,Active
A0007052,C004982,Savings,2022-05-11,Closed
A0007053,C004983,Current,2022-01-04,Active
A0007054,C004983,Current,2022-01-04,Active
A0007055,C004984,Savings,2025-03-18,Active
A0007056,C004985,Current,2023-04-06,Active
A0007057,C004985,Savings,2023-04-06,Active
A0007058,C004986,Current,2023-04-17,Active
A0007059,C004986,Credit Card,2023-04-17,Active
A0007060,C004987,Savings,2019-02-25,Active
A0007061,C004988,Current,2022-12-14,Active
A0007062,C004988,Credit Card,2022-12-14,Active
A0007063,C004989,Savings,2024-07-12,Active
A0007064,C004990,Current,2021-05-30,Active
A0007065,C004991,Current,2025-01-17,Active
A0007066,C004992,Credit Card,2018-11-24,Active
A0007067,C004993,Savings,2019-10-26,Active
A0007068,C004993,Current,2019-10-26,Active
A0007069,C004994,Current,2021-04-30,Closed
A0007070,C004995,Current,2020-12-02,Active
A0007071,C004995,Current,2020-12-02,Active
A0007072,C004996,Credit Card,2022-03-23,Active
A0007073,C004997,Savings,2023-10-02,Active
A0007074,C004997,Savings,2023-10-02,Active
A0007075,C004997,Savings,2023-10-02,Active
A0007076,C004998,Savings,2020-02-08,Active
A0007077,C004999,Current,2018-07-11,Active
A0007078,C005000,Savings,2025-02-16,Active
A0007079,C005000,Current,2025-02-16,Active
A0007080,C005000,Current,2025-02-16,Active
