customer_id,city,region,customer_segment,join_date,risk_band
C000001,Glasgow,Scotland,Business,2018-06-02,Low
C000002,Edinburgh,Scotland,Student,2023-03-01,Low
C000003,Edinburgh,Scotland,Mass,2024-02-10,High
C000004,Glasgow,Scotland,Mass,2022-06-21,Medium
C000005,Edinburgh,Scotland,Mass,2019-05-31,Low
C000006,Liverpool,North West,Mass,2018-06-30,Low
C000007,Liverpool,North West,Mass,2021-04-09,Low
C000008,London,South,Mass,2022-09-27,Low
C000009,Manchester,North,Mass,2019-02-23,Low
C000010,Liverpool,North West,Mass,2019-08-23,Medium
C000011,Liverpool,North West,Mass,2024-10-06,Low
C000012,Birmingham,Midlands,Student,2024-09-05,Low
C000013,Leeds,North,Mass,2020-01-30,Low
C000014,Edinburgh,Scotland,Mass,2019-09-11,High
C000015,Liverpool,North West,Mass,2024-04-06,Medium
C000016,London,South,Student,2018-11-15,Low
C000017,Leeds,North,Mass,2018-12-22,Low
C000018,Birmingham,Midlands,Mass,2025-03-28,Medium
C000019,Bristol,South West,Affluent,2021-01-10,Low
C000020,Edinburgh,Scotland,Student,2019-02-26,Low
C000021,Glasgow,Scotland,Mass,2024-03-18,Low
C000022,Manchester,North,Mass,2020-06-24,Medium
C000023,Bristol,South West,Mass,2021-01-09,Medium
C000024,Edinburgh,Scotland,Affluent,2023-09-30,Low
C000025,Liverpool,North West,Mass,2018-02-13,Medium
C000026,Manchester,North,Mass,2021-04-03,Medium
C000027,Birmingham,Midlands,Business,2020-09-09,Low
C000028,Glasgow,Scotland,Mass,2018-11-09,High
C000029,Birmingham,Midlands,Mass,2020-09-09,Medium
C000030,Bristol,South West,Mass,2024-11-15,Low
C000031,London,South,Student,2024-05-07,Medium
C000032,Manchester,North,Mass,2020-06-05,Low
C000033,Edinburgh,Scotland,Mass,2023-03-16,Low
C000034,Glasgow,Scotland,Affluent,2019-05-17,Low
C000035,London,South,Affluent,2022-02-16,Low
C000036,Edinburgh,Scotland,Affluent,2024-03-24,Low
C000037,London,South,Mass,2021-09-20,Low
C000038,Glasgow,Scotland,Mass,2021-06-13,Low
C000039,Glasgow,Scotland,Mass,2020-12-12,Low
C000040,Birmingham,Midlands,Mass,2019-05-01,Low
C000041,Edinburgh,Scotland,Mass,2021-11-21,Low
C000042,Edinburgh,Scotland,Affluent,2024-12-14,Low
C000043,Glasgow,Scotland,Mass,2018-07-25,Medium
C000044,Manchester,North,Mass,2019-02-02,Low
C000045,Edinburgh,Scotland,Mass,2023-06-10,Low
C000046,Edinburgh,Scotland,Mass,2018-05-20,Low
C000047,Leeds,North,Mass,2024-05-23,Low
C000048,Glasgow,Scotland,Mass,2022-02-20,Medium
C000049,Manchester,North,Student,2018-12-18,Medium
C000050,Edinburgh,Scotland,Affluent,2024-04-19,High
C000051,Liverpool,North West,Business,2022-05-15,Low
C000052,London,South,Mass,2021-05-30,Low
C000053,Birmingham,Midlands,Mass,2020-04-20,Medium
C000054,Glasgow,Scotland,Mass,2018-05-26,High
C000055,Birmingham,Midlands,Business,2021-09-15,Low
C000056,Glasgow,Scotland,Student,2025-05-17,Low
C000057,Leeds,North,Mass,2018-02-18,Low
C000058,Bristol,South West,Affluent,2022-10-02,Low
C000059,Bristol,South West,Mass,2019-02-06,Low
C000060,Glasgow,Scotland,Mass,2022-10-29,Low
C000061,Liverpool,North West,Mass,2024-12-20,Medium
C000062,Bristol,South West,Mass,2024-03-25,High
C000063,Manchester,North,Mass,2023-12-16,Medium
C000064,Bristol,South West,Mass,2020-05-17,Low
C000065,Birmingham,Midlands,Mass,2021-09-12,Low
C000066,Glasgow,Scotland,Business,2018-02-24,Low
C000067,Bristol,South West,Student,2019-06-21,Low
C000068,Edinburgh,Scotland,Student,2024-05-14,Low
C000069,Bristol,South West,Mass,2020-02-01,Low
C000070,Edinburgh,Scotland,Mass,2019-11-13,Low
C000071,Leeds,North,Mass,2019-08-31,Low
C000072,Birmingham,Midlands,Mass,2019-01-02,Low
C000073,Liverpool,North West,Student,2024-02-17,Low
C000074,Birmingham,Midlands,Mass,2023-10-13,Low
C000075,Leeds,North,Mass,2023-03-19,Low
C000076,Glasgow,Scotland,Mass,2018-01-07,Low
C000077,Manchester,North,Affluent,2020-05-13,Low
C000078,Glasgow,Scotland,Student,2020-03-27,Medium
C000079,Manchester,North,Mass,2023-11-19,Medium
C000080,Glasgow,Scotland,Mass,2019-09-09,Low
C000081,Glasgow,Scotland,Student,2020-11-04,Low
C000082,Edinburgh,Scotland,Affluent,2019-11-01,High
C000083,Liverpool,North West,Affluent,2025-07-16,Medium
C000084,Bristol,South West,Affluent,2023-12-25,Low
C000085,Liverpool,North West,Mass,2020-08-15,Low
C000086,Birmingham,Midlands,Mass,2022-06-03,Low
C000087,Manchester,North,Mass,2018-07-05,Low
C000088,Leeds,North,Mass,2022-01-28,High
C000089,Birmingham,Midlands,Mass,2020-11-28,Low
C000090,Leeds,North,Mass,2023-01-09,Low
C000091,London,South,Affluent,2022-08-13,Low
C000092,Bristol,South West,Business,2019-06-17,Low
C000093,Birmingham,Midlands,Mass,2024-02-07,Low
C000094,Liverpool,North West,Mass,2024-03-25,Low
C000095,Bristol,South West,Student,2025-04-08,Low
C000096,Bristol,South West,Mass,2023-07-16,High
C000097,Leeds,North,Mass,2018-08-02,Low
C000098,London,South,Mass,2018-07-27,Low
C000099,Glasgow,Scotland,Business,2018-11-04,Medium
C000100,Edinburgh,Scotland,Mass,2021-03-09,Low
C000101,Liverpool,North West,Mass,2019-08-04,Low
C000102,Leeds,North,Mass,2020-05-12,Low
C000103,Leeds,North,Affluent,2019-03-17,Low
C000104,Glasgow,Scotland,Business,2025-01-17,Low
C000105,Manchester,North,Mass,2019-04-16,Low
C000106,Liverpool,North West,Mass,2020-05-10,Medium
C000107,Birmingham,Midlands,Mass,2025-08-05,Low
C000108,Bristol,South West,Student,2018-11-28,Low
C000109,Liverpool,North West,Business,2024-11-25,Low
C000110,Liverpool,North West,Mass,2020-05-12,Low
C000111,London,South,Mass,2019-12-26,Low
C000112,Birmingham,Midlands,Mass,2021-01-21,Low
C000113,Leeds,North,Mass,2025-02-18,Low
C000114,Glasgow,Scotland,Mass,2025-01-27,Medium
C000115,Liverpool,North West,Business,2018-10-26,Low
C000116,Birmingham,Midlands,Mass,2023-09-03,Medium
C000117,Liverpool,North West,Affluent,2024-03-03,Low
C000118,Liverpool,North West,Mass,2025-06-20,Low
C000119,Birmingham,Midlands,Student,2024-03-01,Low
C000120,Liverpool,North West,Mass,2020-11-04,Medium
C000121,Birmingham,Midlands,Business,2018-12-30,Low
C000122,Glasgow,Scotland,Mass,2020-11-25,Medium
C000123,London,South,Mass,2022-12-22,Low
C000124,Leeds,North,Mass,2020-05-31,Medium
C000125,Bristol,South West,Business,2022-08-08,High
C000126,Manchester,North,Mass,2018-02-18,High
C000127,Bristol,South West,Student,2022-03-09,High
C000128,Bristol,South West,Student,2018-07-25,Medium
C000129,Edinburgh,Scotland,Mass,2021-10-13,Low
C000130,Liverpool,North West,Mass,2022-11-26,Low
C000131,Manchester,North,Mass,2025-08-22,Low
C000132,Birmingham,Midlands,Mass,2021-11-19,Low
C000133,Birmingham,Midlands,Mass,2021-09-14,Low
C000134,Edinburgh,Scotland,Business,2018-02-23,Low
C000135,Glasgow,Scotland,Mass,2020-10-05,Low
C000136,Edinburgh,Scotland,Student,2024-10-07,Low
C000137,Bristol,South West,Business,2018-12-23,Low
C000138,London,South,Mass,2022-03-31,Low
C000139,Birmingham,Midlands,Affluent,2018-12-20,Medium
C000140,London,South,Mass,2019-02-23,Low
C000141,Edinburgh,Scotland,Mass,2025-08-19,High
C000142,Birmingham,Midlands,Mass,2024-12-08,Low
C000143,Liverpool,North West,Affluent,2019-01-28,Low
C000144,London,South,Mass,2022-04-06,Low
C000145,Birmingham,Midlands,Mass,2020-01-15,Low
C000146,Bristol,South West,Student,2018-10-05,Low
C000147,Edinburgh,Scotland,Student,2019-10-26,Medium
C000148,London,South,Mass,2024-08-17,High
C000149,Edinburgh,Scotland,Mass,2020-05-20,Medium
C000150,Liverpool,North West,Business,2019-11-28,Low
C000151,Birmingham,Midlands,Mass,2020-05-21,Medium
C000152,Glasgow,Scotland,Mass,2020-03-04,Medium
C000153,Bristol,South West,Mass,2021-12-23,Low
C000154,Bristol,South West,Mass,2020-01-02,Low
C000155,Birmingham,Midlands,Student,2024-12-29,Low
C000156,Liverpool,North West,Mass,2023-01-12,Medium
C000157,Edinburgh,Scotland,Student,2023-08-28,Low
C000158,Leeds,North,Business,2024-04-01,Low
C000159,Bristol,South West,Business,2020-11-12,Low
C000160,Birmingham,Midlands,Mass,2018-06-19,Low
C000161,London,South,Mass,2022-07-13,Low
C000162,Edinburgh,Scotland,Affluent,2023-06-30,Low
C000163,Manchester,North,Mass,2022-09-14,Low
C000164,Birmingham,Midlands,Business,2018-08-31,Low
C000165,Manchester,North,Student,2018-03-07,Low
C000166,Birmingham,Midlands,Affluent,2023-10-19,Low
C000167,Leeds,North,Mass,2023-05-10,Low
C000168,Edinburgh,Scotland,Mass,2022-08-16,High
C000169,Edinburgh,Scotland,Mass,2024-09-03,Low
C000170,Liverpool,North West,Affluent,2022-04-10,Low
C000171,Liverpool,North West,Mass,2021-09-28,Medium
C000172,Bristol,South West,Mass,2020-08-27,Medium
C000173,Edinburgh,Scotland,Mass,2022-11-17,Low
C000174,London,South,Mass,2019-01-26,Low
C000175,Leeds,North,Mass,2024-05-30,Medium
C000176,Bristol,South West,Mass,2021-09-26,Medium
C000177,Glasgow,Scotland,Business,2019-02-27,Medium
C000178,Edinburgh,Scotland,Business,2022-07-05,Low
C000179,London,South,Student,2022-12-16,Low
C000180,Liverpool,North West,Mass,2022-05-27,Medium
C000181,Liverpool,North West,Business,2020-01-06,Medium
C000182,Edinburgh,Scotland,Student,2020-12-12,Low
C000183,Edinburgh,Scotland,Mass,2021-09-04,Low
C000184,Manchester,North,Student,2025-06-02,Low
C000185,Edinburgh,Scotland,Mass,2020-08-16,Low
C000186,Birmingham,Midlands,Student,2018-03-02,Medium
C000187,London,South,Mass,2021-01-15,Low
C000188,Edinburgh,Scotland,Mass,2022-02-11,Low
C000189,Liverpool,North West,Mass,2025-02-11,Low
C000190,Birmingham,Midlands,Student,2021-11-24,Low
C000191,Manchester,North,Affluent,2021-02-11,Low
C000192,Glasgow,Scotland,Mass,2021-10-29,Low
C000193,London,South,Business,2018-04-13,Low
C000194,Edinburgh,Scotland,Business,2020-07-02,Low
C000195,Birmingham,Midlands,Business,2025-06-30,Medium
C000196,Leeds,North,Student,2021-02-02,High
C000197,Birmingham,Midlands,Affluent,2023-07-05,Low
C000198,Edinburgh,Scotland,Mass,2023-04-19,Low
C000199,Manchester,North,Mass,2025-08-02,Low
C000200,Leeds,North,Affluent,2021-02-18,Low
C000201,Manchester,North,Mass,2020-11-07,Low
C000202,Glasgow,Scotland,Mass,2021-12-01,Low
C000203,London,South,Affluent,2021-01-06,Low
C000204,Edinburgh,Scotland,Mass,2023-10-04,Low
C000205,Liverpool,North West,Mass,2018-06-06,High
C000206,Edinburgh,Scotland,Student,2024-02-08,Medium
C000207,Birmingham,Midlands,Mass,2022-09-08,High
C000208,Liverpool,North West,Student,2022-01-25,Low
C000209,Edinburgh,Scotland,Mass,2025-01-23,Medium
C000210,Leeds,North,Mass,2020-02-28,Medium
C000211,Leeds,North,Affluent,2021-11-07,Low
C000212,London,South,Affluent,2022-10-13,Low
C000213,Bristol,South West,Student,2022-01-02,Low
C000214,Birmingham,Midlands,Affluent,2019-10-16,Low
C000215,Bristol,South West,Mass,2019-03-04,Low
C000216,Glasgow,Scotland,Business,2020-12-06,Medium
C000217,Leeds,North,Affluent,2020-02-04,Medium
C000218,Manchester,North,Affluent,2019-09-20,Low
C000219,Manchester,North,Mass,2020-08-09,Low
C000220,Glasgow,Scotland,Mass,2018-10-26,Low
C000221,Bristol,South West,Mass,2024-09-25,Low
C000222,Edinburgh,Scotland,Mass,2019-03-02,Low
C000223,Glasgow,Scotland,Student,2023-11-20,Low
C000224,Leeds,North,Mass,2019-11-21,Low
C000225,Bristol,South West,Mass,2022-06-26,Medium
C000226,Glasgow,Scotland,Mass,2018-08-21,Low
C000227,London,South,Student,2019-01-31,High
C000228,Leeds,North,Mass,2025-02-27,Low
C000229,Liverpool,North West,Mass,2018-02-16,Medium
C000230,Glasgow,Scotland,Mass,2025-03-21,Low
C000231,Glasgow,Scotland,Student,2025-04-27,Low
C000232,Liverpool,North West,Mass,2018-02-13,Medium
C000233,Liverpool,North West,Student,2021-07-17,Low
C000234,Birmingham,Midlands,Mass,2024-11-15,Low
C000235,London,South,Mass,2024-10-24,Low
C000236,Birmingham,Midlands,Affluent,2024-03-04,Medium
C000237,Manchester,North,Mass,2025-03-17,Low
C000238,Edinburgh,Scotland,Mass,2020-06-17,Low
C000239,Liverpool,North West,Mass,2024-11-08,Low
C000240,Edinburgh,Scotland,Mass,2024-05-16,Low
C000241,Birmingham,Midlands,Student,2024-05-19,Low
C000242,Bristol,South West,Mass,2019-05-13,Low
C000243,Glasgow,Scotland,Mass,2020-08-07,Low
C000244,Glasgow,Scotland,Student,2021-04-26,Low
C000245,Glasgow,Scotland,Mass,2018-11-18,Low
C000246,Edinburgh,Scotland,Mass,2021-05-01,Low
C000247,Liverpool,North West,Mass,2021-10-13,Low
C000248,Leeds,North,Mass,2018-09-25,High
C000249,Edinburgh,Scotland,Mass,2019-06-12,Low
C000250,London,South,Student,2020-05-07,Low
C000251,Leeds,North,Mass,2020-09-16,Low
C000252,Bristol,South West,Mass,2023-02-05,Low
C000253,London,South,Mass,2024-12-21,Low
C000254,Bristol,South West,Mass,2019-06-11,Medium
C000255,Manchester,North,Mass,2021-10-01,Low
C000256,Birmingham,Midlands,Mass,2024-04-17,Low
C000257,Manchester,North,Business,2018-10-02,Low
C000258,Liverpool,North West,Mass,2018-01-29,Medium
C000259,Manchester,North,Mass,2020-03-04,Low
C000260,Liverpool,North West,Mass,2021-11-10,High
C000261,Manchester,North,Mass,2022-03-29,Medium
C000262,Bristol,South West,Affluent,2025-08-29,Low
C000263,Leeds,North,Mass,2022-06-17,Low
C000264,Bristol,South West,Mass,2020-03-14,Low
C000265,Glasgow,Scotland,Mass,2022-08-05,Low
C000266,Leeds,North,Student,2024-04-29,Low
C000267,Birmingham,Midlands,Mass,2021-03-27,High
C000268,Manchester,North,Affluent,2024-10-15,Low
C000269,Liverpool,North West,Affluent,2018-11-13,Medium
C000270,Edinburgh,Scotland,Mass,2019-03-25,Medium
C000271,Liverpool,North West,Affluent,2018-04-16,Medium
C000272,Bristol,South West,Mass,2024-09-07,Low
C000273,Birmingham,Midlands,Mass,2022-04-18,Medium
C000274,London,South,Mass,2023-10-03,Low
C000275,London,South,Affluent,2022-06-22,Low
C000276,Glasgow,Scotland,Student,2020-04-14,Low
C000277,Birmingham,Midlands,Mass,2025-07-16,Low
C000278,Glasgow,Scotland,Mass,2021-12-26,Low
C000279,Edinburgh,Scotland,Mass,2019-08-01,Medium
C000280,London,South,Affluent,2023-05-23,Low
C000281,London,South,Mass,2022-02-09,Low
C000282,Glasgow,Scotland,Mass,2025-08-26,Low
C000283,Bristol,South West,Mass,2018-09-14,Low
C000284,Birmingham,Midlands,Mass,2024-07-23,Low
C000285,Glasgow,Scotland,Mass,2025-01-10,Low
C000286,London,South,Mass,2020-03-18,Low
C000287,Leeds,North,Business,2024-05-17,Medium
C000288,Edinburgh,Scotland,Affluent,2021-12-22,Medium
C000289,London,South,Mass,2023-06-11,Low
C000290,Leeds,North,Mass,2020-08-08,Low
C000291,Edinburgh,Scotland,Mass,2024-02-09,Medium
C000292,Edinburgh,Scotland,Mass,2023-12-18,Low
C000293,London,South,Mass,2023-08-23,Low
C000294,Glasgow,Scotland,Mass,2022-03-29,Low
C000295,Liverpool,North West,Mass,2025-03-07,Low
C000296,Edinburgh,Scotland,Affluent,2023-02-10,Low
C000297,London,South,Mass,2018-05-11,Low
C000298,London,South,Affluent,2024-08-03,Low
C000299,Birmingham,Midlands,Affluent,2021-05-01,Low
C000300,Edinburgh,Scotland,Mass,2021-09-03,Low
C000301,Liverpool,North West,Affluent,2021-05-21,Low
C000302,London,South,Mass,2021-07-31,Low
C000303,Liverpool,North West,Mass,2018-09-29,Low
C000304,London,South,Mass,2019-01-17,High
C000305,Birmingham,Midlands,Affluent,2019-10-22,Low
C000306,Edinburgh,Scotland,Mass,2022-10-28,Low
C000307,London,South,Mass,2024-09-09,Low
C000308,Edinburgh,Scotland,Student,2019-07-09,Low
C000309,Leeds,North,Mass,2019-06-15,Low
C000310,London,South,Mass,2023-05-12,Low
C000311,London,South,Business,2021-12-08,Medium
C000312,Glasgow,Scotland,Affluent,2018-01-02,Low
C000313,Birmingham,Midlands,Student,2025-01-09,Medium
C000314,Birmingham,Midlands,Mass,2025-05-07,Low
C000315,Birmingham,Midlands,Mass,2024-08-21,Medium
C000316,Birmingham,Midlands,Mass,2020-03-09,Medium
C000317,Manchester,North,Student,2022-01-10,Low
C000318,Birmingham,Midlands,Affluent,2019-12-05,Medium
C000319,Bristol,South West,Mass,2024-04-25,Low
C000320,Manchester,North,Affluent,2019-12-20,Low
C000321,London,South,Mass,2025-08-30,Medium
C000322,London,South,Mass,2019-07-22,Low
C000323,Liverpool,North West,Affluent,2025-03-20,Low
C000324,Bristol,South West,Mass,2019-04-14,Low
C000325,Leeds,North,Affluent,2023-02-03,Low
C000326,Leeds,North,Mass,2023-01-14,Low
C000327,Leeds,North,Student,2020-11-17,Low
C000328,Liverpool,North West,Mass,2025-05-19,Low
C000329,Glasgow,Scotland,Mass,2022-11-22,Medium
C000330,London,South,Affluent,2024-09-16,Low
C000331,Birmingham,Midlands,Mass,2022-11-09,Low
C000332,Bristol,South West,Mass,2022-02-07,Low
C000333,Glasgow,Scotland,Mass,2022-03-20,Low
C000334,Leeds,North,Mass,2019-08-31,Low
C000335,Edinburgh,Scotland,Affluent,2021-11-06,Low
C000336,Liverpool,North West,Mass,2024-08-19,Low
C000337,Edinburgh,Scotland,Affluent,2019-02-01,High
C000338,Glasgow,Scotland,Affluent,2018-01-23,Low
C000339,Liverpool,North West,Affluent,2025-04-09,High
C000340,Birmingham,Midlands,Affluent,2022-06-16,Medium
C000341,Manchester,North,Mass,2025-01-29,Low
C000342,Liverpool,North West,Mass,2024-09-28,Medium
C000343,London,South,Mass,2019-01-26,Medium
C000344,Edinburgh,Scotland,Student,2018-03-03,Low
C000345,Leeds,North,Mass,2023-03-05,Low
C000346,Bristol,South West,Student,2018-11-03,High
C000347,Liverpool,North West,Student,2023-01-09,Low
C000348,Liverpool,North West,Mass,2024-09-12,Medium
C000349,Bristol,South West,Affluent,2024-01-19,Medium
C000350,Bristol,South West,Mass,2024-01-27,Low
C000351,Edinburgh,Scotland,Mass,2025-04-16,Low
C000352,Bristol,South West,Mass,2019-10-17,Low
C000353,Liverpool,North West,Mass,2025-08-17,High
C000354,Birmingham,Midlands,Mass,2019-06-13,Low
C000355,Bristol,South West,Mass,2024-01-09,Low
C000356,Manchester,North,Mass,2020-09-16,Medium
C000357,Liverpool,North West,Affluent,2025-03-23,Low
C000358,Birmingham,Midlands,Mass,2023-10-24,Medium
C000359,London,South,Mass,2021-02-21,Low
C000360,Birmingham,Midlands,Affluent,2022-01-11,Low
C000361,Manchester,North,Student,2024-10-25,Medium
C000362,Manchester,North,Business,2022-11-07,Medium
C000363,Edinburgh,Scotland,Student,2019-08-03,Low
C000364,Birmingham,Midlands,Mass,2021-01-11,Low
C000365,Birmingham,Midlands,Mass,2018-01-26,Low
C000366,Bristol,South West,Mass,2018-12-24,Low
C000367,Glasgow,Scotland,Mass,2023-10-10,Medium
C000368,Manchester,North,Mass,2019-07-01,Low
C000369,Manchester,North,Affluent,2022-09-14,Low
C000370,London,South,Business,2025-01-17,Low
C000371,Liverpool,North West,Mass,2025-05-14,Low
C000372,Birmingham,Midlands,Business,2023-08-25,Low
C000373,London,South,Affluent,2018-10-10,Low
C000374,Manchester,North,Mass,2018-04-07,Medium
C000375,Liverpool,North West,Mass,2021-04-14,Medium
C000376,Liverpool,North West,Mass,2023-03-23,Low
C000377,Liverpool,North West,Mass,2021-09-08,Low
C000378,Manchester,North,Mass,2022-10-22,Medium
C000379,Birmingham,Midlands,Business,2020-04-05,Medium
C000380,London,South,Mass,2020-05-20,Medium
C000381,Edinburgh,Scotland,Mass,2020-04-16,Medium
C000382,Glasgow,Scotland,Mass,2022-11-12,Low
C000383,Manchester,North,Mass,2023-11-02,Medium
C000384,Edinburgh,Scotland,Mass,2025-06-06,Low
C000385,Glasgow,Scotland,Mass,2018-01-18,High
C000386,Bristol,South West,Mass,2022-08-10,Low
C000387,Edinburgh,Scotland,Mass,2020-07-12,Low
C000388,Manchester,North,Affluent,2023-09-04,Low
C000389,Birmingham,Midlands,Mass,2023-12-13,Medium
C000390,Glasgow,Scotland,Mass,2024-06-16,Low
C000391,Birmingham,Midlands,Mass,2018-10-22,Low
C000392,Manchester,North,Mass,2019-12-02,Medium
C000393,Liverpool,North West,Mass,2019-05-11,Low
C000394,Edinburgh,Scotland,Business,2023-10-19,Low
C000395,Liverpool,North West,Mass,2025-01-26,Medium
C000396,Bristol,South West,Affluent,2021-11-26,Low
C000397,Birmingham,Midlands,Mass,2022-09-05,Low
C000398,Manchester,North,Mass,2019-12-31,Low
C000399,Manchester,North,Mass,2021-11-24,Low
C000400,Glasgow,Scotland,Mass,2018-07-04,Medium
C000401,Liverpool,North West,Mass,2025-04-17,Low
C000402,London,South,Affluent,2018-03-04,Low
C000403,London,South,Mass,2022-05-15,Low
C000404,Leeds,North,Mass,2022-07-12,Medium
C000405,Leeds,North,Mass,2024-09-17,Low
C000406,Manchester,North,Mass,2018-12-06,Low
C000407,Birmingham,Midlands,Mass,2019-01-10,High
C000408,Liverpool,North West,Business,2021-12-20,Medium
C000409,Leeds,North,Business,2024-02-11,Low
C000410,Bristol,South West,Affluent,2024-03-22,Medium
C000411,Birmingham,Midlands,Affluent,2020-06-17,Low
C000412,Manchester,North,Mass,2020-08-23,Low
C000413,Edinburgh,Scotland,Mass,2022-10-31,Low
C000414,Glasgow,Scotland,Mass,2019-12-12,Low
C000415,London,South,Mass,2025-01-27,Medium
C000416,Liverpool,North West,Affluent,2021-11-03,Low
C000417,Edinburgh,Scotland,Mass,2024-02-10,Medium
C000418,Bristol,South West,Mass,2022-12-06,Low
C000419,Glasgow,Scotland,Mass,2025-08-16,Medium
C000420,Manchester,North,Mass,2023-01-15,Low
C000421,Liverpool,North West,Mass,2020-04-25,Low
C000422,Glasgow,Scotland,Affluent,2020-11-03,Low
C000423,Bristol,South West,Affluent,2023-06-07,Low
C000424,Glasgow,Scotland,Affluent,2019-12-02,Low
C000425,London,South,Mass,2020-05-03,Low
C000426,Glasgow,Scotland,Mass,2021-02-10,Low
C000427,Manchester,North,Mass,2021-07-05,Low
C000428,Leeds,North,Mass,2025-04-24,Low
C000429,Leeds,North,Student,2022-01-13,Low
C000430,Edinburgh,Scotland,Mass,2024-04-23,Low
C000431,Manchester,North,Mass,2024-04-28,Medium
C000432,Manchester,North,Affluent,2020-12-06,Low
C000433,Glasgow,Scotland,Mass,2020-11-09,Low
C000434,Liverpool,North West,Student,2024-10-11,Low
C000435,Birmingham,Midlands,Business,2020-09-18,Low
C000436,London,South,Mass,2021-01-19,Low
C000437,Birmingham,Midlands,Mass,2021-05-18,Low
C000438,Leeds,North,Affluent,2024-08-07,Low
C000439,Manchester,North,Business,2025-04-03,Low
C000440,Leeds,North,Affluent,2022-12-25,Medium
C000441,Birmingham,Midlands,Affluent,2020-10-01,Low
C000442,Bristol,South West,Mass,2018-03-22,Low
C000443,Birmingham,Midlands,Affluent,2021-02-20,Low
C000444,Liverpool,North West,Mass,2024-09-01,Low
C000445,London,South,Mass,2022-02-23,Low
C000446,London,South,Student,2018-04-14,Low
C000447,Glasgow,Scotland,Mass,2024-10-12,Low
C000448,Bristol,South West,Mass,2022-08-18,Medium
C000449,Manchester,North,Affluent,2022-04-09,Medium
C000450,Leeds,North,Mass,2024-02-27,Low
C000451,Bristol,South West,Affluent,2020-01-09,Low
C000452,Liverpool,North West,Mass,2024-08-22,Low
C000453,Liverpool,North West,Affluent,2024-04-03,Low
C000454,Leeds,North,Business,2022-10-27,Low
C000455,London,South,Mass,2018-12-04,Low
C000456,Liverpool,North West,Mass,2022-09-21,Low
C000457,Bristol,South West,Mass,2021-04-16,High
C000458,Glasgow,Scotland,Mass,2024-06-01,Low
C000459,Birmingham,Midlands,Business,2018-04-08,Low
C000460,Glasgow,Scotland,Affluent,2020-09-24,Low
C000461,Manchester,North,Mass,2023-11-03,High
C000462,Bristol,South West,Student,2020-06-26,High
C000463,London,South,Student,2020-11-02,Low
C000464,London,South,Mass,2022-08-02,Medium
C000465,Liverpool,North West,Mass,2023-07-10,Medium
C000466,Leeds,North,Mass,2023-11-03,Medium
C000467,Bristol,South West,Mass,2024-12-08,Low
C000468,London,South,Affluent,2022-01-08,Medium
C000469,Bristol,South West,Mass,2021-01-14,Low
C000470,Bristol,South West,Mass,2019-04-21,Low
C000471,Birmingham,Midlands,Mass,2021-11-25,Low
C000472,Manchester,North,Mass,2023-06-25,Low
C000473,Leeds,North,Student,2019-05-12,Low
C000474,London,South,Business,2020-08-30,Low
C000475,Edinburgh,Scotland,Affluent,2021-04-28,Low
C000476,Leeds,North,Mass,2019-01-04,Low
C000477,Leeds,North,Affluent,2024-09-21,Medium
C000478,Leeds,North,Mass,2020-07-13,Medium
C000479,Edinburgh,Scotland,Affluent,2021-09-01,High
C000480,Manchester,North,Mass,2024-09-19,Low
C000481,Liverpool,North West,Business,2024-01-22,High
C000482,Glasgow,Scotland,Business,2024-05-08,Low
C000483,Leeds,North,Business,2022-09-21,Low
C000484,Edinburgh,Scotland,Student,2020-02-29,Low
C000485,Glasgow,Scotland,Mass,2022-07-29,Low
C000486,Leeds,North,Mass,2020-02-11,Low
C000487,Leeds,North,Mass,2019-07-18,Medium
C000488,Leeds,North,Affluent,2021-05-21,Low
C000489,Bristol,South West,Mass,2021-02-13,Low
C000490,London,South,Mass,2021-08-24,Low
C000491,Edinburgh,Scotland,Business,2020-06-19,Medium
C000492,Edinburgh,Scotland,Student,2021-07-14,High
C000493,Glasgow,Scotland,Mass,2019-09-04,Low
C000494,Liverpool,North West,Business,2021-08-22,Medium
C000495,Birmingham,Midlands,Mass,2023-03-16,Low
C000496,London,South,Business,2023-04-11,Low
C000497,Birmingham,Midlands,Business,2019-02-08,Medium
C000498,Liverpool,North West,Business,2020-10-29,Low
C000499,Leeds,North,Mass,2019-07-05,Medium
C000500,Bristol,South West,Mass,2019-11-05,Low
C000501,Glasgow,Scotland,Business,2018-10-07,Low
C000502,Birmingham,Midlands,Student,2024-01-15,Medium
C000503,Glasgow,Scotland,Mass,2022-08-07,Low
C000504,London,South,Mass,2020-03-25,Medium
C000505,Liverpool,North West,Business,2024-05-13,Low
C000506,Glasgow,Scotland,Mass,2019-12-28,Medium
C000507,Manchester,North,Mass,2023-10-17,Low
C000508,Leeds,North,Mass,2020-07-07,Low
C000509,Leeds,North,Mass,2018-09-04,Low
C000510,Glasgow,Scotland,Mass,2018-03-12,Low
C000511,Liverpool,North West,Mass,2018-01-15,Low
C000512,Manchester,North,Mass,2019-08-23,Low
C000513,Bristol,South West,Student,2019-06-25,Low
C000514,Leeds,North,Mass,2021-01-11,Low
C000515,London,South,Mass,2023-02-25,Low
C000516,Leeds,North,Mass,2020-09-01,Low
C000517,Leeds,North,Business,2023-07-04,Low
C000518,Glasgow,Scotland,Mass,2021-01-23,Low
C000519,Birmingham,Midlands,Student,2023-09-24,Low
C000520,Glasgow,Scotland,Mass,2024-09-27,Low
C000521,Birmingham,Midlands,Student,2020-06-05,Low
C000522,Liverpool,North West,Mass,2020-05-03,Low
C000523,Manchester,North,Affluent,2022-12-04,Low
C000524,Glasgow,Scotland,Mass,2020-05-31,Low
C000525,Edinburgh,Scotland,Student,2018-08-08,Medium
C000526,Liverpool,North West,Student,2021-05-01,Low
C000527,Manchester,North,Mass,2021-11-18,Low
C000528,Birmingham,Midlands,Mass,2021-05-08,Low
C000529,Glasgow,Scotland,Mass,2022-02-10,Low
C000530,Liverpool,North West,Mass,2024-05-23,Low
C000531,Glasgow,Scotland,Mass,2022-10-13,Low
C000532,Glasgow,Scotland,Mass,2024-11-09,Medium
C000533,Edinburgh,Scotland,Mass,2018-09-15,Low
C000534,Liverpool,North West,Mass,2018-10-25,Low
C000535,Bristol,South West,Affluent,2024-11-25,Medium
C000536,Liverpool,North West,Mass,2024-10-24,Medium
C000537,Edinburgh,Scotland,Affluent,2019-08-11,Medium
C000538,Edinburgh,Scotland,Mass,2021-05-27,Low
C000539,Manchester,North,Mass,2021-01-10,Low
C000540,Edinburgh,Scotland,Mass,2025-05-02,Low
C000541,Leeds,North,Mass,2022-04-30,Low
C000542,London,South,Affluent,2018-11-28,Medium
C000543,Leeds,North,Mass,2021-10-26,Low
C000544,Manchester,North,Mass,2025-04-08,Low
C000545,Edinburgh,Scotland,Mass,2023-01-13,Medium
C000546,Manchester,North,Student,2022-03-06,Low
C000547,Glasgow,Scotland,Mass,2018-10-24,Medium
C000548,Edinburgh,Scotland,Mass,2022-09-20,Low
C000549,Liverpool,North West,Mass,2023-07-08,Low
C000550,Birmingham,Midlands,Mass,2019-01-09,Low
C000551,Leeds,North,Mass,2020-04-22,Low
C000552,Edinburgh,Scotland,Mass,2022-06-05,Low
C000553,Leeds,North,Mass,2020-04-25,Medium
C000554,London,South,Affluent,2020-01-02,Low
C000555,London,South,Business,2022-10-13,Low
C000556,Birmingham,Midlands,Business,2022-02-28,Low
C000557,Birmingham,Midlands,Mass,2021-06-28,Low
C000558,Bristol,South West,Affluent,2023-07-20,Medium
C000559,Glasgow,Scotland,Mass,2019-09-12,Medium
C000560,Leeds,North,Mass,2018-11-02,Low
C000561,Liverpool,North West,Affluent,2018-01-15,High
C000562,Leeds,North,Mass,2021-11-10,Low
C000563,Edinburgh,Scotland,Affluent,2019-10-23,Low
C000564,Manchester,North,Mass,2025-07-22,Low
C000565,Edinburgh,Scotland,Student,2024-06-05,Low
C000566,Glasgow,Scotland,Mass,2018-08-02,Low
C000567,Leeds,North,Mass,2020-05-25,Low
C000568,Glasgow,Scotland,Affluent,2020-12-09,Medium
C000569,Liverpool,North West,Business,2022-12-06,Low
C000570,Leeds,North,Mass,2018-11-26,High
C000571,Bristol,South West,Affluent,2023-09-19,Low
C000572,Liverpool,North West,Mass,2023-06-28,Low
C000573,Birmingham,Midlands,Affluent,2023-02-24,Medium
C000574,Leeds,North,Mass,2022-03-04,Low
C000575,Edinburgh,Scotland,Business,2021-12-30,Low
C000576,Edinburgh,Scotland,Mass,2022-02-08,Low
C000577,Glasgow,Scotland,Mass,2022-04-03,Low
C000578,London,South,Mass,2021-08-26,Medium
C000579,Manchester,North,Affluent,2022-03-19,Low
C000580,Manchester,North,Mass,2024-01-09,Low
C000581,Manchester,North,Mass,2022-04-22,Low
C000582,Liverpool,North West,Student,2018-09-19,Low
C000583,Glasgow,Scotland,Mass,2020-10-05,Low
C000584,Manchester,North,Affluent,2018-05-06,Low
C000585,London,South,Mass,2019-04-12,Low
C000586,Leeds,North,Mass,2024-08-20,Low
C000587,London,South,Business,2025-01-30,Medium
C000588,Glasgow,Scotland,Business,2024-08-05,Low
C000589,Glasgow,Scotland,Mass,2018-02-03,Low
C000590,Leeds,North,Mass,2020-06-08,Low
C000591,London,South,Mass,2024-09-27,Low
C000592,Edinburgh,Scotland,Mass,2019-12-06,Low
C000593,Bristol,South West,Student,2025-06-08,Medium
C000594,Liverpool,North West,Affluent,2025-07-02,Medium
C000595,Manchester,North,Mass,2020-11-19,Medium
C000596,Manchester,North,Mass,2019-05-29,Medium
C000597,Edinburgh,Scotland,Mass,2021-11-14,Low
C000598,Liverpool,North West,Affluent,2021-02-23,Medium
C000599,Manchester,North,Student,2021-04-25,Medium
C000600,Glasgow,Scotland,Business,2018-03-17,Medium
C000601,Bristol,South West,Business,2025-07-15,Low
C000602,Glasgow,Scotland,Affluent,2022-09-16,Low
C000603,London,South,Student,2024-09-12,Medium
C000604,Birmingham,Midlands,Affluent,2018-09-07,Low
C000605,Leeds,North,Business,2019-11-19,Low
C000606,Leeds,North,Mass,2025-08-24,Low
C000607,Bristol,South West,Mass,2021-07-17,Low
C000608,Liverpool,North West,Mass,2022-07-03,Low
C000609,Edinburgh,Scotland,Mass,2019-10-20,Low
C000610,Bristol,South West,Affluent,2021-06-25,Low
C000611,Liverpool,North West,Mass,2019-06-28,High
C000612,Liverpool,North West,Affluent,2021-07-13,Low
C000613,Bristol,South West,Mass,2024-12-11,Low
C000614,Birmingham,Midlands,Mass,2022-10-13,Medium
C000615,Liverpool,North West,Business,2022-02-08,Low
C000616,Glasgow,Scotland,Affluent,2019-05-01,Low
C000617,London,South,Business,2022-08-16,Low
C000618,Bristol,South West,Business,2020-01-10,Low
C000619,Edinburgh,Scotland,Mass,2020-12-24,Low
C000620,Leeds,North,Mass,2022-06-14,Low
C000621,Bristol,South West,Mass,2018-01-02,Low
C000622,London,South,Mass,2024-12-30,Medium
C000623,Leeds,North,Affluent,2024-03-26,Low
C000624,Leeds,North,Mass,2025-02-12,Low
C000625,London,South,Mass,2024-08-12,Low
C000626,Bristol,South West,Business,2023-03-10,Low
C000627,London,South,Affluent,2020-04-17,Low
C000628,Birmingham,Midlands,Mass,2025-04-19,Low
C000629,London,South,Mass,2025-02-22,Low
C000630,London,South,Mass,2022-09-19,Low
C000631,Edinburgh,Scotland,Student,2024-04-30,Low
C000632,Edinburgh,Scotland,Affluent,2019-10-23,Low
C000633,Glasgow,Scotland,Affluent,2025-03-20,Medium
C000634,London,South,Student,2024-03-14,Low
C000635,Liverpool,North West,Mass,2022-05-29,Low
C000636,Glasgow,Scotland,Mass,2021-07-11,Medium
C000637,Bristol,South West,Student,2021-07-14,Low
C000638,Edinburgh,Scotland,Affluent,2023-02-02,Medium
C000639,Leeds,North,Affluent,2023-09-01,Low
C000640,Birmingham,Midlands,Mass,2023-10-29,Low
C000641,London,South,Student,2019-10-17,Medium
C000642,Edinburgh,Scotland,Mass,2022-10-17,Low
C000643,Bristol,South West,Affluent,2020-11-16,Medium
C000644,Birmingham,Midlands,Mass,2019-08-29,Medium
C000645,Glasgow,Scotland,Mass,2025-01-14,Low
C000646,Bristol,South West,Mass,2021-09-04,Low
C000647,Bristol,South West,Mass,2021-04-01,Low
C000648,Leeds,North,Mass,2024-02-20,Low
C000649,London,South,Business,2020-08-12,Medium
C000650,Manchester,North,Student,2019-07-07,Low
C000651,Leeds,North,Mass,2025-08-22,Low
C000652,Bristol,South West,Student,2024-09-28,Low
C000653,London,South,Mass,2025-08-02,Medium
C000654,Glasgow,Scotland,Student,2020-10-21,Low
C000655,Leeds,North,Mass,2019-11-11,Low
C000656,Bristol,South West,Mass,2024-05-04,Medium
C000657,Bristol,South West,Mass,2024-06-26,Medium
C000658,Bristol,South West,Mass,2019-04-20,Low
C000659,Leeds,North,Mass,2021-07-12,Low
C000660,Birmingham,Midlands,Mass,2019-06-05,Medium
C000661,London,South,Mass,2022-10-01,Low
C000662,Glasgow,Scotland,Mass,2018-12-31,Low
C000663,Glasgow,Scotland,Mass,2024-09-23,Low
C000664,Leeds,North,Mass,2025-05-01,Low
C000665,Liverpool,North West,Business,2021-08-10,Low
C000666,Manchester,North,Mass,2021-11-24,Low
C000667,Glasgow,Scotland,Affluent,2022-09-26,Medium
C000668,Liverpool,North West,Mass,2025-05-09,Medium
C000669,London,South,Mass,2023-02-02,Low
C000670,Glasgow,Scotland,Mass,2023-07-26,Medium
C000671,Leeds,North,Mass,2020-10-24,Low
C000672,Edinburgh,Scotland,Business,2019-08-15,Medium
C000673,Edinburgh,Scotland,Affluent,2018-02-07,Low
C000674,Bristol,South West,Business,2019-05-14,Low
C000675,Glasgow,Scotland,Mass,2021-06-28,Medium
C000676,Manchester,North,Mass,2018-08-07,Low
C000677,Leeds,North,Mass,2019-04-22,Low
C000678,London,South,Affluent,2018-05-26,Low
C000679,Edinburgh,Scotland,Mass,2021-01-28,Medium
C000680,Manchester,North,Mass,2021-01-22,Low
C000681,Leeds,North,Mass,2021-10-23,Low
C000682,Leeds,North,Mass,2020-08-26,Low
C000683,Bristol,South West,Affluent,2023-12-20,Low
C000684,London,South,Mass,2022-11-23,Medium
C000685,Leeds,North,Business,2019-12-06,Low
C000686,London,South,Mass,2022-03-05,Low
C000687,Bristol,South West,Mass,2021-04-18,Low
C000688,Bristol,South West,Mass,2020-06-20,Medium
C000689,London,South,Mass,2019-04-26,Low
C000690,Bristol,South West,Affluent,2021-03-13,Medium
C000691,Glasgow,Scotland,Mass,2019-05-31,Medium
C000692,Birmingham,Midlands,Mass,2021-05-10,Low
C000693,Liverpool,North West,Mass,2022-11-11,High
C000694,London,South,Student,2021-01-15,Low
C000695,Liverpool,North West,Mass,2022-04-04,Medium
C000696,Edinburgh,Scotland,Mass,2021-12-24,High
C000697,Leeds,North,Mass,2018-01-27,Low
C000698,Manchester,North,Student,2025-07-08,Low
C000699,Bristol,South West,Student,2022-02-05,Low
C000700,Bristol,South West,Business,2024-01-08,Low
C000701,Manchester,North,Mass,2023-03-25,Low
C000702,London,South,Mass,2019-10-04,Low
C000703,Glasgow,Scotland,Mass,2023-03-01,Low
C000704,London,South,Mass,2023-12-25,Low
C000705,Manchester,North,Student,2019-05-20,Medium
C000706,Glasgow,Scotland,Business,2018-12-14,Medium
C000707,Leeds,North,Mass,2025-03-30,High
C000708,Edinburgh,Scotland,Mass,2022-10-08,High
C000709,Manchester,North,Affluent,2019-10-14,Low
C000710,Edinburgh,Scotland,Mass,2024-11-12,Low
C000711,Manchester,North,Business,2018-12-18,Medium
C000712,London,South,Mass,2023-05-29,Medium
C000713,Manchester,North,Business,2022-06-23,Low
C000714,Bristol,South West,Mass,2021-05-04,Medium
C000715,Bristol,South West,Mass,2021-04-17,Medium
C000716,London,South,Mass,2021-09-19,High
C000717,Birmingham,Midlands,Mass,2021-12-21,Low
C000718,Edinburgh,Scotland,Student,2022-02-21,Medium
C000719,Liverpool,North West,Affluent,2024-04-03,High
C000720,London,South,Mass,2023-10-20,Low
C000721,London,South,Mass,2021-07-03,Low
C000722,London,South,Student,2018-11-02,Low
C000723,Manchester,North,Mass,2018-07-11,Low
C000724,Bristol,South West,Student,2021-10-26,Low
C000725,Bristol,South West,Business,2022-09-14,Low
C000726,Liverpool,North West,Affluent,2024-12-20,Low
C000727,Glasgow,Scotland,Mass,2021-11-07,Low
C000728,Liverpool,North West,Mass,2021-03-04,Low
C000729,Birmingham,Midlands,Affluent,2018-12-01,Low
C000730,Leeds,North,Student,2022-10-18,Medium
C000731,Edinburgh,Scotland,Affluent,2024-07-17,Low
C000732,Manchester,North,Mass,2023-01-15,Low
C000733,Edinburgh,Scotland,Mass,2022-06-25,Medium
C000734,Liverpool,North West,Affluent,2021-05-12,Low
C000735,Edinburgh,Scotland,Mass,2021-07-31,Low
C000736,Glasgow,Scotland,Mass,2024-10-13,Low
C000737,Edinburgh,Scotland,Mass,2018-12-03,Medium
C000738,Leeds,North,Affluent,2022-03-12,Medium
C000739,Birmingham,Midlands,Mass,2023-12-20,Low
C000740,Edinburgh,Scotland,Affluent,2021-09-16,Low
C000741,Liverpool,North West,Mass,2018-02-13,Low
C000742,Manchester,North,Mass,2019-04-22,Low
C000743,Leeds,North,Mass,2020-12-01,Low
C000744,Manchester,North,Affluent,2025-07-03,Low
C000745,Glasgow,Scotland,Mass,2024-09-02,Low
C000746,Bristol,South West,Mass,2024-10-29,Low
C000747,Liverpool,North West,Business,2018-11-01,Low
C000748,Manchester,North,Mass,2020-05-16,Low
C000749,Liverpool,North West,Affluent,2018-05-08,Low
C000750,Glasgow,Scotland,Student,2021-07-25,Medium
C000751,London,South,Affluent,2021-03-10,Low
C000752,Bristol,South West,Mass,2021-10-12,High
C000753,Bristol,South West,Student,2019-05-18,Low
C000754,Edinburgh,Scotland,Mass,2022-08-07,Medium
C000755,Edinburgh,Scotland,Business,2022-05-07,Low
C000756,Leeds,North,Mass,2024-09-19,Low
C000757,Manchester,North,Mass,2019-04-27,Medium
C000758,London,South,Student,2023-08-15,Low
C000759,Edinburgh,Scotland,Mass,2021-09-30,Low
C000760,Bristol,South West,Mass,2023-10-26,Low
C000761,Manchester,North,Mass,2018-10-09,High
C000762,London,South,Mass,2025-06-20,Medium
C000763,Liverpool,North West,Affluent,2024-01-05,Low
C000764,Liverpool,North West,Student,2022-01-11,Low
C000765,Manchester,North,Mass,2022-12-27,Low
C000766,Bristol,South West,Mass,2023-03-11,Medium
C000767,Leeds,North,Mass,2020-04-01,Low
C000768,Edinburgh,Scotland,Mass,2022-05-05,Low
C000769,Bristol,South West,Mass,2020-02-27,Low
C000770,Liverpool,North West,Mass,2021-01-08,Medium
C000771,Bristol,South West,Mass,2022-02-13,Medium
C000772,Liverpool,North West,Mass,2023-07-28,Low
C000773,London,South,Mass,2018-07-12,Low
C000774,Leeds,North,Mass,2020-10-02,High
C000775,Leeds,North,Affluent,2024-02-17,Low
C000776,Birmingham,Midlands,Mass,2020-06-18,Low
C000777,Leeds,North,Affluent,2024-03-25,Medium
C000778,Glasgow,Scotland,Mass,2022-08-18,Low
C000779,London,South,Mass,2023-01-26,Low
C000780,Manchester,North,Student,2019-01-28,Medium
C000781,Leeds,North,Student,2023-04-26,Low
C000782,Bristol,South West,Mass,2024-06-06,High
C000783,Leeds,North,Mass,2019-12-04,Low
C000784,Glasgow,Scotland,Mass,2020-02-21,Low
C000785,Birmingham,Midlands,Mass,2022-10-31,Low
C000786,Liverpool,North West,Mass,2020-01-02,Low
C000787,Liverpool,North West,Mass,2021-05-13,Low
C000788,Glasgow,Scotland,Business,2018-02-20,Low
C000789,Manchester,North,Mass,2021-05-06,Low
C000790,London,South,Mass,2024-11-08,Low
C000791,Edinburgh,Scotland,Mass,2025-01-10,Low
C000792,Leeds,North,Mass,2024-04-21,Medium
C000793,Birmingham,Midlands,Student,2021-08-09,Low
C000794,Leeds,North,Affluent,2019-11-27,Medium
C000795,Glasgow,Scotland,Mass,2022-12-19,Low
C000796,Manchester,North,Mass,2020-05-24,Low
C000797,Liverpool,North West,Affluent,2019-10-03,Medium
C000798,Manchester,North,Affluent,2022-09-26,Low
C000799,Birmingham,Midlands,Affluent,2022-07-31,Medium
C000800,Edinburgh,Scotland,Student,2024-09-11,High
C000801,Manchester,North,Mass,2023-05-16,Low
C000802,London,South,Mass,2019-09-27,Low
C000803,Manchester,North,Affluent,2024-03-15,Low
C000804,Birmingham,Midlands,Affluent,2021-12-21,Low
C000805,Glasgow,Scotland,Affluent,2023-02-03,Medium
C000806,London,South,Affluent,2018-06-09,Medium
C000807,Manchester,North,Mass,2018-02-24,Low
C000808,Leeds,North,Business,2021-09-26,Medium
C000809,Liverpool,North West,Mass,2022-01-22,Medium
C000810,Edinburgh,Scotland,Affluent,2024-12-20,High
C000811,Bristol,South West,Affluent,2020-10-14,Medium
C000812,Glasgow,Scotland,Mass,2019-06-04,Medium
C000813,Glasgow,Scotland,Affluent,2023-08-18,Medium
C000814,Birmingham,Midlands,Student,2022-04-27,Low
C000815,Manchester,North,Mass,2020-07-06,Low
C000816,Edinburgh,Scotland,Mass,2021-04-27,Low
C000817,Liverpool,North West,Mass,2022-10-03,Low
C000818,Manchester,North,Mass,2022-11-16,Low
C000819,Leeds,North,Mass,2022-03-29,High
C000820,London,South,Mass,2021-10-02,Low
C000821,Liverpool,North West,Affluent,2021-08-31,Low
C000822,London,South,Student,2025-01-20,Low
C000823,Liverpool,North West,Mass,2021-05-31,Low
C000824,Manchester,North,Affluent,2018-10-25,Low
C000825,Glasgow,Scotland,Student,2024-08-25,Low
C000826,Edinburgh,Scotland,Mass,2019-10-31,Low
C000827,Liverpool,North West,Business,2021-10-23,Low
C000828,Manchester,North,Mass,2019-07-25,Low
C000829,Edinburgh,Scotland,Student,2022-05-20,Low
C000830,London,South,Affluent,2019-07-15,Low
C000831,London,South,Student,2018-04-14,Low
C000832,London,South,Mass,2020-01-03,Low
C000833,Leeds,North,Mass,2022-11-16,Low
C000834,Liverpool,North West,Mass,2024-02-26,Low
C000835,London,South,Mass,2022-03-14,High
C000836,Bristol,South West,Affluent,2021-10-02,Low
C000837,Leeds,North,Mass,2020-04-04,Low
C000838,Manchester,North,Student,2021-10-06,Low
C000839,Bristol,South West,Mass,2022-12-18,Low
C000840,Liverpool,North West,Business,2021-09-05,Medium
C000841,Manchester,North,Mass,2019-02-14,Low
C000842,Birmingham,Midlands,Mass,2022-07-17,Medium
C000843,London,South,Mass,2021-03-20,Low
C000844,Bristol,South West,Mass,2022-12-30,High
C000845,Manchester,North,Mass,2019-03-28,Low
C000846,Glasgow,Scotland,Mass,2024-11-10,Low
C000847,London,South,Student,2022-01-14,Low
C000848,Manchester,North,Mass,2024-02-10,Low
C000849,Edinburgh,Scotland,Mass,2021-05-24,Medium
C000850,Manchester,North,Mass,2018-06-17,Medium
C000851,Glasgow,Scotland,Mass,2021-09-23,Low
C000852,Liverpool,North West,Mass,2019-12-25,High
C000853,Birmingham,Midlands,Affluent,2024-11-14,Low
C000854,Glasgow,Scotland,Affluent,2023-10-05,Medium
C000855,Manchester,North,Student,2021-10-27,Low
C000856,Edinburgh,Scotland,Mass,2024-02-26,Low
C000857,London,South,Mass,2023-05-07,Low
C000858,London,South,Student,2018-07-04,Low
C000859,Glasgow,Scotland,Student,2020-10-30,Low
C000860,Leeds,North,Affluent,2021-09-02,Low
C000861,Edinburgh,Scotland,Mass,2023-09-12,Low
C000862,London,South,Affluent,2025-07-19,Low
C000863,Glasgow,Scotland,Mass,2018-12-06,High
C000864,Glasgow,Scotland,Mass,2018-01-17,Low
C000865,Edinburgh,Scotland,Business,2021-07-31,Low
C000866,Leeds,North,Mass,2025-03-05,Low
C000867,Leeds,North,Mass,2018-09-15,Medium
C000868,Liverpool,North West,Student,2022-07-01,Low
C000869,Leeds,North,Affluent,2020-03-26,Low
C000870,Birmingham,Midlands,Mass,2022-12-03,Medium
C000871,Birmingham,Midlands,Business,2018-06-07,Medium
C000872,Glasgow,Scotland,Mass,2021-10-30,Low
C000873,Liverpool,North West,Mass,2019-10-25,Low
C000874,Manchester,North,Business,2024-04-08,Low
C000875,Manchester,North,Student,2019-03-01,Low
C000876,Liverpool,North West,Mass,2022-07-15,Low
C000877,London,South,Mass,2021-09-27,Low
C000878,London,South,Mass,2018-11-03,Low
C000879,Manchester,North,Mass,2019-07-05,Medium
C000880,Manchester,North,Mass,2020-09-01,Low
C000881,Manchester,North,Student,2019-09-01,Low
C000882,Manchester,North,Mass,2024-09-23,Low
C000883,Birmingham,Midlands,Mass,2019-09-20,Low
C000884,Edinburgh,Scotland,Student,2019-09-27,Medium
C000885,Bristol,South West,Student,2020-07-25,Low
C000886,Manchester,North,Affluent,2023-10-18,Medium
C000887,Bristol,South West,Business,2023-07-31,Medium
C000888,Birmingham,Midlands,Mass,2022-09-03,Low
C000889,Bristol,South West,Business,2020-03-16,High
C000890,Manchester,North,Affluent,2023-11-09,Low
C000891,London,South,Mass,2024-11-26,Medium
C000892,Manchester,North,Mass,2021-03-21,Medium
C000893,Glasgow,Scotland,Mass,2018-06-06,Medium
C000894,Bristol,South West,Business,2018-01-07,Low
C000895,Leeds,North,Mass,2019-02-06,Low
C000896,Birmingham,Midlands,Mass,2022-02-27,Low
C000897,Liverpool,North West,Mass,2024-03-12,Medium
C000898,London,South,Mass,2019-03-30,Low
C000899,Birmingham,Midlands,Mass,2021-05-05,Low
C000900,Birmingham,Midlands,Affluent,2023-04-04,Medium
C000901,Bristol,South West,Mass,2020-10-03,Low
C000902,Glasgow,Scotland,Mass,2019-09-07,Low
C000903,Bristol,South West,Affluent,2021-02-11,Medium
C000904,Edinburgh,Scotland,Affluent,2021-10-29,Medium
C000905,London,South,Mass,2020-01-31,Low
C000906,Edinburgh,Scotland,Affluent,2023-05-09,Medium
C000907,Edinburgh,Scotland,Mass,2024-11-09,Low
C000908,Birmingham,Midlands,Affluent,2018-01-09,Low
C000909,Edinburgh,Scotland,Mass,2024-11-11,Low
C000910,Bristol,South West,Mass,2023-02-21,High
C000911,Birmingham,Midlands,Mass,2022-04-21,Medium
C000912,London,South,Mass,2021-11-15,Low
C000913,Leeds,North,Affluent,2022-02-18,Low
C000914,Glasgow,Scotland,Affluent,2022-06-04,Low
C000915,Leeds,North,Mass,2021-08-11,Low
C000916,London,South,Business,2021-02-17,Low
C000917,London,South,Business,2022-02-28,Low
C000918,Glasgow,Scotland,Affluent,2019-11-04,Medium
C000919,Glasgow,Scotland,Mass,2022-06-17,Medium
C000920,Leeds,North,Affluent,2023-01-23,Low
C000921,Bristol,South West,Business,2021-02-01,Medium
C000922,Glasgow,Scotland,Affluent,2023-10-26,Low
C000923,Edinburgh,Scotland,Student,2024-07-26,Low
C000924,Leeds,North,Business,2021-01-18,Low
C000925,Leeds,North,Affluent,2021-06-13,Medium
C000926,Edinburgh,Scotland,Mass,2021-11-28,Medium
C000927,Glasgow,Scotland,Mass,2021-12-07,Low
C000928,Leeds,North,Mass,2018-07-01,Low
C000929,Bristol,South West,Student,2023-01-22,Low
C000930,Glasgow,Scotland,Mass,2025-02-27,Low
C000931,Manchester,North,Business,2018-07-14,Low
C000932,Glasgow,Scotland,Mass,2023-05-18,Low
C000933,London,South,Mass,2023-09-10,High
C000934,Birmingham,Midlands,Student,2023-05-10,Low
C000935,Glasgow,Scotland,Mass,2022-07-08,Low
C000936,Glasgow,Scotland,Mass,2019-01-02,Medium
C000937,London,South,Mass,2025-08-07,Low
C000938,Edinburgh,Scotland,Business,2024-12-21,High
C000939,Edinburgh,Scotland,Business,2025-07-20,Low
C000940,Glasgow,Scotland,Mass,2022-10-15,Low
C000941,Liverpool,North West,Mass,2022-06-04,Medium
C000942,Liverpool,North West,Mass,2019-10-27,Medium
C000943,Leeds,North,Affluent,2020-02-11,Low
C000944,Edinburgh,Scotland,Mass,2020-04-20,High
C000945,Glasgow,Scotland,Affluent,2018-05-11,Low
C000946,Glasgow,Scotland,Mass,2019-10-14,Low
C000947,Glasgow,Scotland,Mass,2018-02-07,Low
C000948,Birmingham,Midlands,Mass,2024-03-05,Low
C000949,Birmingham,Midlands,Affluent,2022-12-25,Low
C000950,Bristol,South West,Affluent,2025-07-29,Low
C000951,Edinburgh,Scotland,Affluent,2023-12-13,Low
C000952,Glasgow,Scotland,Student,2023-10-15,Medium
C000953,Edinburgh,Scotland,Mass,2018-09-17,Medium
C000954,Glasgow,Scotland,Mass,2018-01-30,Low
C000955,Glasgow,Scotland,Mass,2018-02-10,High
C000956,Birmingham,Midlands,Student,2019-12-07,Low
C000957,Bristol,South West,Business,2018-10-25,Low
C000958,Edinburgh,Scotland,Mass,2022-03-16,Low
C000959,Edinburgh,Scotland,Affluent,2018-06-26,Low
C000960,Glasgow,Scotland,Mass,2024-12-22,Low
C000961,Liverpool,North West,Mass,2024-03-25,Medium
C000962,Liverpool,North West,Mass,2023-03-12,Medium
C000963,Glasgow,Scotland,Mass,2019-02-17,High
C000964,Glasgow,Scotland,Business,2020-08-26,Low
C000965,Manchester,North,Student,2019-09-13,Low
C000966,Liverpool,North West,Mass,2018-05-08,Low
C000967,Manchester,North,Mass,2019-06-25,Low
C000968,London,South,Student,2023-11-09,Low
C000969,Liverpool,North West,Affluent,2018-06-23,Low
C000970,London,South,Mass,2023-09-12,Medium
C000971,Birmingham,Midlands,Mass,2025-02-15,Medium
C000972,Leeds,North,Affluent,2024-08-06,High
C000973,Bristol,South West,Student,2022-11-11,Low
C000974,Manchester,North,Mass,2024-08-18,Low
C000975,Edinburgh,Scotland,Mass,2023-04-22,Medium
C000976,Liverpool,North West,Mass,2025-03-13,Medium
C000977,London,South,Business,2020-08-07,Medium
C000978,Manchester,North,Mass,2025-06-13,Low
C000979,Liverpool,North West,Student,2025-06-19,Medium
C000980,Birmingham,Midlands,Affluent,2024-05-15,Low
C000981,Edinburgh,Scotland,Mass,2023-08-11,Medium
C000982,Manchester,North,Mass,2018-10-24,Low
C000983,Bristol,South West,Mass,2020-12-22,Low
C000984,London,South,Mass,2024-02-25,Low
C000985,Birmingham,Midlands,Mass,2019-03-01,Medium
C000986,Edinburgh,Scotland,Mass,2020-10-19,Low
C000987,Bristol,South West,Mass,2022-04-02,Low
C000988,Leeds,North,Mass,2021-02-02,Low
C000989,Glasgow,Scotland,Mass,2023-02-02,Low
C000990,Bristol,South West,Mass,2024-01-26,Medium
C000991,Glasgow,Scotland,Affluent,2024-10-20,Low
C000992,Edinburgh,Scotland,Mass,2021-08-07,Low
C000993,Liverpool,North West,Mass,2022-06-24,Medium
C000994,Birmingham,Midlands,Mass,2023-10-08,Low
C000995,London,South,Mass,2022-12-05,Medium
C000996,Birmingham,Midlands,Affluent,2019-07-14,High
C000997,Edinburgh,Scotland,Mass,2024-07-24,Low
C000998,Birmingham,Midlands,Student,2021-12-28,Low
C000999,Bristol,South West,Mass,2020-12-29,Low
C001000,Bristol,South West,Mass,2020-06-29,Medium
C001001,Manchester,North,Mass,2021-04-17,Low
C001002,Liverpool,North West,Affluent,2025-03-27,Low
C001003,Bristol,South West,Affluent,2023-06-23,Low
C001004,Birmingham,Midlands,Business,2022-09-02,Low
C001005,Birmingham,Midlands,Mass,2022-04-15,High
C001006,Glasgow,Scotland,Mass,2022-06-16,Low
C001007,Birmingham,Midlands,Mass,2022-06-16,Medium
C001008,Birmingham,Midlands,Mass,2020-05-19,Low
C001009,Manchester,North,Mass,2022-07-06,High
C001010,Birmingham,Midlands,Mass,2020-06-24,Low
C001011,Bristol,South West,Mass,2025-07-17,Medium
C001012,Leeds,North,Affluent,2018-03-06,Low
C001013,Leeds,North,Business,2024-10-04,Low
C001014,London,South,Mass,2022-01-17,Low
C001015,Liverpool,North West,Student,2022-10-21,Low
C001016,Bristol,South West,Mass,2021-11-08,Low
C001017,Bristol,South West,Mass,2024-04-23,Low
C001018,Manchester,North,Business,2022-02-03,Medium
C001019,Bristol,South West,Mass,2022-01-12,Low
C001020,Leeds,North,Mass,2020-11-08,Low
C001021,Birmingham,Midlands,Mass,2021-09-17,Low
C001022,Liverpool,North West,Business,2020-04-05,Low
C001023,Glasgow,Scotland,Mass,2024-06-30,Low
C001024,Glasgow,Scotland,Business,2018-09-03,Medium
C001025,Manchester,North,Student,2019-12-02,Low
C001026,London,South,Mass,2022-04-14,High
C001027,Edinburgh,Scotland,Mass,2024-01-15,Medium
C001028,Liverpool,North West,Affluent,2025-06-10,Low
C001029,Bristol,South West,Mass,2021-01-21,Low
C001030,Liverpool,North West,Mass,2018-12-10,Low
C001031,London,South,Mass,2019-03-14,Low
C001032,Manchester,North,Mass,2018-09-04,Low
C001033,Bristol,South West,Mass,2021-10-15,Low
C001034,Edinburgh,Scotland,Mass,2020-09-06,Medium
C001035,Bristol,South West,Mass,2019-04-11,Low
C001036,Edinburgh,Scotland,Mass,2021-02-27,Low
C001037,Glasgow,Scotland,Mass,2021-08-16,High
C001038,Edinburgh,Scotland,Mass,2020-02-24,Medium
C001039,Liverpool,North West,Mass,2022-01-26,Low
C001040,London,South,Mass,2019-03-27,Medium
C001041,London,South,Mass,2019-04-27,Low
C001042,Glasgow,Scotland,Mass,2018-01-03,Medium
C001043,Leeds,North,Mass,2021-05-16,Low
C001044,Manchester,North,Mass,2023-02-13,Low
C001045,Edinburgh,Scotland,Mass,2023-09-14,Low
C001046,Liverpool,North West,Mass,2025-04-20,Low
C001047,London,South,Affluent,2019-04-16,Low
C001048,Glasgow,Scotland,Mass,2018-11-08,Low
C001049,Bristol,South West,Affluent,2018-08-26,High
C001050,Manchester,North,Affluent,2022-04-07,Low
C001051,Manchester,North,Mass,2022-09-10,Low
C001052,Manchester,North,Affluent,2019-02-11,Low
C001053,Manchester,North,Affluent,2018-07-26,Low
C001054,Birmingham,Midlands,Affluent,2020-10-16,Low
C001055,Birmingham,Midlands,Mass,2020-11-09,Low
C001056,Glasgow,Scotland,Mass,2019-04-23,Low
C001057,Birmingham,Midlands,Mass,2021-04-30,Medium
C001058,Liverpool,North West,Mass,2022-04-23,Medium
C001059,Liverpool,North West,Mass,2019-06-12,Low
C001060,Glasgow,Scotland,Student,2022-12-03,Low
C001061,Leeds,North,Business,2022-01-20,Low
C001062,Leeds,North,Student,2024-01-25,Medium
C001063,Leeds,North,Mass,2022-06-29,Low
C001064,Leeds,North,Mass,2020-05-02,High
C001065,Birmingham,Midlands,Mass,2021-11-06,Low
C001066,Edinburgh,Scotland,Affluent,2018-05-08,Low
C001067,Edinburgh,Scotland,Mass,2018-02-15,Low
C001068,Birmingham,Midlands,Mass,2021-05-21,Medium
C001069,Glasgow,Scotland,Mass,2019-07-04,Low
C001070,Edinburgh,Scotland,Mass,2019-11-07,Low
C001071,Leeds,North,Mass,2020-12-16,Medium
C001072,Bristol,South West,Mass,2018-11-04,Low
C001073,Glasgow,Scotland,Mass,2020-06-20,Low
C001074,Birmingham,Midlands,Affluent,2019-07-10,Low
C001075,London,South,Mass,2019-04-03,Low
C001076,Bristol,South West,Mass,2019-08-21,Low
C001077,Birmingham,Midlands,Mass,2018-03-28,Low
C001078,Manchester,North,Mass,2023-11-20,Low
C001079,Edinburgh,Scotland,Mass,2020-03-17,Low
C001080,Bristol,South West,Mass,2025-01-23,Low
C001081,Glasgow,Scotland,Student,2020-04-02,Low
C001082,Bristol,South West,Affluent,2024-05-03,Medium
C001083,Birmingham,Midlands,Business,2022-07-31,High
C001084,Glasgow,Scotland,Business,2025-04-07,Low
C001085,London,South,Mass,2019-07-28,Low
C001086,London,South,Affluent,2020-01-14,Low
C001087,Liverpool,North West,Affluent,2020-10-16,Medium
C001088,Birmingham,Midlands,Business,2025-01-30,High
C001089,Bristol,South West,Business,2024-10-08,Low
C001090,Glasgow,Scotland,Mass,2024-05-17,Medium
C001091,Glasgow,Scotland,Mass,2020-05-11,Low
C001092,Glasgow,Scotland,Business,2021-04-15,Low
C001093,Edinburgh,Scotland,Mass,2024-01-09,Low
C001094,Manchester,North,Affluent,2024-09-12,Medium
C001095,Liverpool,North West,Student,2018-01-19,Medium
C001096,Edinburgh,Scotland,Mass,2021-07-15,Low
C001097,Leeds,North,Affluent,2023-05-27,Low
C001098,Edinburgh,Scotland,Mass,2019-07-13,Medium
C001099,Bristol,South West,Business,2025-04-03,Low
C001100,Bristol,South West,Mass,2020-12-09,Low
C001101,Edinburgh,Scotland,Mass,2018-03-25,Low
C001102,Bristol,South West,Student,2024-09-02,Medium
C001103,Glasgow,Scotland,Mass,2019-04-16,Low
C001104,Liverpool,North West,Mass,2019-08-26,Low
C001105,Birmingham,Midlands,Student,2025-01-18,Low
C001106,Manchester,North,Mass,2018-08-28,Low
C001107,Manchester,North,Mass,2023-04-07,Medium
C001108,Birmingham,Midlands,Affluent,2021-06-30,Medium
C001109,Leeds,North,Mass,2019-09-02,Low
C001110,Birmingham,Midlands,Mass,2020-02-08,Low
C001111,Glasgow,Scotland,Affluent,2022-11-27,High
C001112,Birmingham,Midlands,Student,2020-01-17,Medium
C001113,Edinburgh,Scotland,Student,2021-07-29,Low
C001114,Glasgow,Scotland,Student,2018-04-18,Low
C001115,Liverpool,North West,Mass,2025-05-31,Low
C001116,Manchester,North,Business,2024-05-07,Low
C001117,Birmingham,Midlands,Affluent,2022-02-06,Low
C001118,Manchester,North,Mass,2019-09-25,Low
C001119,Bristol,South West,Mass,2020-04-24,Medium
C001120,Birmingham,Midlands,Mass,2018-07-31,Medium
C001121,Bristol,South West,Mass,2022-04-17,Low
C001122,Glasgow,Scotland,Mass,2023-05-07,Low
C001123,Liverpool,North West,Business,2022-07-06,Low
C001124,Liverpool,North West,Mass,2019-09-15,High
C001125,Glasgow,Scotland,Business,2020-02-27,Low
C001126,Edinburgh,Scotland,Mass,2021-11-24,Low
C001127,Edinburgh,Scotland,Mass,2021-09-06,Low
C001128,Edinburgh,Scotland,Mass,2021-12-14,Medium
C001129,Manchester,North,Affluent,2022-05-07,Low
C001130,Edinburgh,Scotland,Student,2019-04-07,Low
C001131,Leeds,North,Affluent,2020-08-15,Low
C001132,Glasgow,Scotland,Mass,2024-05-07,High
C001133,Edinburgh,Scotland,Student,2019-09-20,Medium
C001134,Glasgow,Scotland,Mass,2023-12-17,Medium
C001135,Birmingham,Midlands,Mass,2025-06-20,Medium
C001136,Bristol,South West,Mass,2019-10-08,Low
C001137,Manchester,North,Student,2024-03-30,Low
C001138,Glasgow,Scotland,Business,2023-06-12,Medium
C001139,Bristol,South West,Mass,2025-04-04,Low
C001140,Manchester,North,Business,2019-08-27,Medium
C001141,Liverpool,North West,Mass,2018-09-27,Low
C001142,Birmingham,Midlands,Mass,2024-04-22,Low
C001143,Leeds,North,Mass,2020-02-27,Low
C001144,Glasgow,Scotland,Student,2021-11-20,Low
C001145,Birmingham,Midlands,Mass,2018-10-14,Medium
C001146,Birmingham,Midlands,Mass,2018-06-07,Medium
C001147,Glasgow,Scotland,Mass,2022-02-25,Low
C001148,Bristol,South West,Mass,2023-04-20,Medium
C001149,Manchester,North,Student,2022-12-16,Low
C001150,Liverpool,North West,Affluent,2023-06-11,Low
C001151,Bristol,South West,Student,2023-08-06,Low
C001152,Bristol,South West,Mass,2019-05-22,Low
C001153,Liverpool,North West,Mass,2021-08-16,Medium
C001154,London,South,Mass,2022-07-21,Low
C001155,Glasgow,Scotland,Mass,2020-09-15,Medium
C001156,London,South,Affluent,2023-08-03,Low
C001157,London,South,Affluent,2020-08-16,Medium
C001158,Liverpool,North West,Mass,2023-10-06,Low
C001159,Liverpool,North West,Mass,2025-08-03,Low
C001160,Manchester,North,Student,2018-08-06,Medium
C001161,Birmingham,Midlands,Affluent,2024-06-23,Low
C001162,Manchester,North,Student,2021-03-18,Medium
C001163,Liverpool,North West,Mass,2019-04-25,Low
C001164,London,South,Business,2022-12-15,Low
C001165,Leeds,North,Mass,2018-08-22,Low
C001166,Manchester,North,Mass,2021-12-17,Medium
C001167,Edinburgh,Scotland,Mass,2023-04-20,Low
C001168,Leeds,North,Affluent,2018-09-04,Medium
C001169,London,South,Mass,2019-12-22,Low
C001170,Manchester,North,Mass,2020-09-26,Low
C001171,Edinburgh,Scotland,Affluent,2019-03-10,Low
C001172,Leeds,North,Business,2022-08-02,Low
C001173,Manchester,North,Student,2022-06-01,High
C001174,Glasgow,Scotland,Student,2023-09-12,Medium
C001175,Bristol,South West,Student,2022-10-10,Low
C001176,London,South,Mass,2024-01-12,High
C001177,Glasgow,Scotland,Mass,2021-10-30,Low
C001178,Manchester,North,Mass,2023-12-01,Low
C001179,London,South,Mass,2019-03-14,Low
C001180,Liverpool,North West,Student,2023-06-20,High
C001181,Birmingham,Midlands,Mass,2024-02-26,Medium
C001182,Bristol,South West,Student,2023-03-18,Medium
C001183,Liverpool,North West,Mass,2023-05-29,Medium
C001184,Glasgow,Scotland,Affluent,2025-03-20,Low
C001185,Bristol,South West,Mass,2023-06-30,High
C001186,Edinburgh,Scotland,Affluent,2024-12-01,Medium
C001187,Manchester,North,Affluent,2019-04-25,Low
C001188,Manchester,North,Affluent,2019-05-21,Low
C001189,Glasgow,Scotland,Mass,2018-02-08,Low
C001190,Edinburgh,Scotland,Affluent,2018-08-12,High
C001191,London,South,Mass,2023-02-24,Low
C001192,Glasgow,Scotland,Business,2019-01-16,Low
C001193,Birmingham,Midlands,Business,2020-06-05,Low
C001194,Birmingham,Midlands,Affluent,2023-04-27,Medium
C001195,Leeds,North,Student,2020-11-02,Low
C001196,Glasgow,Scotland,Mass,2021-03-18,Medium
C001197,Liverpool,North West,Mass,2019-06-30,Low
C001198,Glasgow,Scotland,Affluent,2020-10-22,Low
C001199,Birmingham,Midlands,Mass,2020-11-11,Medium
C001200,Birmingham,Midlands,Mass,2019-09-08,Low
C001201,Birmingham,Midlands,Business,2021-09-11,Low
C001202,London,South,Mass,2022-09-08,Medium
C001203,Manchester,North,Mass,2023-03-05,Medium
C001204,Liverpool,North West,Affluent,2020-10-06,Low
C001205,Birmingham,Midlands,Affluent,2020-06-05,Low
C001206,London,South,Mass,2020-12-25,Low
C001207,Edinburgh,Scotland,Affluent,2018-10-10,Low
C001208,Leeds,North,Mass,2019-02-22,Low
C001209,Manchester,North,Mass,2021-05-08,Low
C001210,Glasgow,Scotland,Mass,2020-05-02,Low
C001211,Glasgow,Scotland,Mass,2020-03-07,Low
C001212,Leeds,North,Mass,2022-03-01,Low
C001213,Glasgow,Scotland,Mass,2023-12-09,Low
C001214,London,South,Business,2021-08-18,Low
C001215,Liverpool,North West,Mass,2022-09-02,Medium
C001216,Edinburgh,Scotland,Student,2024-05-03,Low
C001217,Bristol,South West,Student,2024-03-21,Low
C001218,Birmingham,Midlands,Mass,2025-04-14,High
C001219,London,South,Affluent,2024-01-27,Medium
C001220,Glasgow,Scotland,Mass,2022-12-04,Low
C001221,Liverpool,North West,Mass,2025-03-28,Low
C001222,Glasgow,Scotland,Mass,2024-11-08,Low
C001223,Edinburgh,Scotland,Mass,2018-12-14,Low
C001224,Bristol,South West,Mass,2021-09-14,Medium
C001225,Edinburgh,Scotland,Affluent,2018-12-04,Medium
C001226,London,South,Mass,2020-12-01,Low
C001227,Edinburgh,Scotland,Mass,2023-03-06,Medium
C001228,Edinburgh,Scotland,Business,2020-05-29,Low
C001229,Liverpool,North West,Student,2022-06-20,Low
C001230,Liverpool,North West,Affluent,2025-02-23,Medium
C001231,London,South,Student,2023-01-19,Low
C001232,London,South,Mass,2020-08-18,Medium
C001233,London,South,Mass,2023-03-27,Low
C001234,Leeds,North,Business,2024-01-06,Low
C001235,Glasgow,Scotland,Mass,2025-08-06,Low
C001236,Bristol,South West,Mass,2021-08-02,Medium
C001237,Manchester,North,Affluent,2025-06-26,Low
C001238,Edinburgh,Scotland,Affluent,2024-11-17,Low
C001239,Leeds,North,Mass,2018-12-02,Medium
C001240,Manchester,North,Mass,2022-05-18,Medium
C001241,Edinburgh,Scotland,Mass,2025-02-21,Medium
C001242,Glasgow,Scotland,Mass,2019-05-09,Low
C001243,Bristol,South West,Student,2019-05-24,Medium
C001244,Manchester,North,Mass,2025-08-31,Low
C001245,Birmingham,Midlands,Mass,2019-03-26,Low
C001246,Bristol,South West,Mass,2024-08-26,Low
C001247,Leeds,North,Mass,2022-06-22,Medium
C001248,Leeds,North,Business,2023-11-24,Medium
C001249,Manchester,North,Mass,2025-02-05,Low
C001250,Manchester,North,Mass,2024-09-29,Low
C001251,Manchester,North,Student,2021-06-03,Medium
C001252,London,South,Student,2021-10-16,Low
C001253,Manchester,North,Mass,2024-04-19,Low
C001254,Glasgow,Scotland,Business,2018-11-16,Medium
C001255,Liverpool,North West,Mass,2018-03-06,Low
C001256,Birmingham,Midlands,Student,2022-05-19,Low
C001257,London,South,Mass,2023-03-14,Low
C001258,Manchester,North,Mass,2023-03-22,Medium
C001259,Manchester,North,Mass,2024-01-19,Low
C001260,Liverpool,North West,Mass,2025-03-25,Low
C001261,Leeds,North,Affluent,2021-11-17,Low
C001262,Manchester,North,Mass,2019-08-14,Medium
C001263,Liverpool,North West,Business,2020-01-07,Low
C001264,Glasgow,Scotland,Mass,2018-04-16,Medium
C001265,Liverpool,North West,Mass,2022-01-04,Low
C001266,Bristol,South West,Mass,2024-11-03,Low
C001267,Manchester,North,Mass,2018-10-10,Low
C001268,Manchester,North,Business,2020-10-10,Medium
C001269,Liverpool,North West,Mass,2025-07-06,Medium
C001270,Edinburgh,Scotland,Affluent,2022-03-16,Low
C001271,Birmingham,Midlands,Mass,2023-12-18,Low
C001272,Liverpool,North West,Business,2018-01-30,Low
C001273,Leeds,North,Affluent,2018-02-02,Low
C001274,Liverpool,North West,Mass,2024-07-12,Low
C001275,London,South,Affluent,2019-09-25,Low
C001276,Manchester,North,Mass,2018-09-03,Low
C001277,Edinburgh,Scotland,Mass,2023-09-03,Medium
C001278,Edinburgh,Scotland,Mass,2022-07-15,Low
C001279,London,South,Mass,2020-08-02,Low
C001280,London,South,Mass,2020-07-13,High
C001281,Leeds,North,Business,2023-09-04,Low
C001282,Birmingham,Midlands,Student,2019-01-22,Low
C001283,Leeds,North,Affluent,2020-07-10,Low
C001284,Liverpool,North West,Mass,2025-03-10,Low
C001285,Glasgow,Scotland,Mass,2019-04-01,Low
C001286,Leeds,North,Mass,2018-06-25,Low
C001287,Leeds,North,Mass,2021-01-06,High
C001288,Liverpool,North West,Mass,2023-10-03,Medium
C001289,Liverpool,North West,Affluent,2023-09-01,Low
C001290,Liverpool,North West,Student,2022-06-16,Low
C001291,Leeds,North,Mass,2019-02-20,Low
C001292,Manchester,North,Affluent,2025-05-06,Low
C001293,Edinburgh,Scotland,Affluent,2019-03-04,Low
C001294,Birmingham,Midlands,Mass,2022-01-15,Low
C001295,Edinburgh,Scotland,Affluent,2025-01-11,Medium
C001296,Birmingham,Midlands,Mass,2024-06-05,Low
C001297,Leeds,North,Mass,2018-05-18,Medium
C001298,Leeds,North,Mass,2024-05-07,Low
C001299,Liverpool,North West,Mass,2020-06-06,Low
C001300,Liverpool,North West,Mass,2024-04-21,Low
C001301,Manchester,North,Mass,2024-08-26,Low
C001302,London,South,Mass,2019-05-03,Low
C001303,Glasgow,Scotland,Mass,2024-09-14,Low
C001304,Leeds,North,Mass,2022-01-29,Low
C001305,Manchester,North,Affluent,2025-06-04,Medium
C001306,London,South,Affluent,2024-03-09,Low
C001307,Glasgow,Scotland,Student,2023-11-16,Low
C001308,Edinburgh,Scotland,Mass,2022-12-21,Low
C001309,Birmingham,Midlands,Mass,2021-11-08,Low
C001310,Edinburgh,Scotland,Mass,2022-10-20,Low
C001311,Edinburgh,Scotland,Affluent,2021-08-09,Medium
C001312,Bristol,South West,Mass,2024-01-29,Low
C001313,London,South,Affluent,2022-03-26,Low
C001314,Bristol,South West,Mass,2025-06-28,Low
C001315,Leeds,North,Mass,2020-08-05,Medium
C001316,Manchester,North,Business,2020-10-24,Low
C001317,Edinburgh,Scotland,Affluent,2021-12-04,Medium
C001318,Edinburgh,Scotland,Mass,2019-03-14,Low
C001319,Glasgow,Scotland,Mass,2021-12-26,Medium
C001320,Birmingham,Midlands,Mass,2018-12-11,Low
C001321,Manchester,North,Business,2021-01-02,Low
C001322,Glasgow,Scotland,Mass,2018-10-07,Low
C001323,Edinburgh,Scotland,Mass,2024-12-31,Low
C001324,London,South,Student,2023-06-04,Low
C001325,London,South,Affluent,2023-05-23,Low
C001326,Edinburgh,Scotland,Mass,2018-05-17,Medium
C001327,London,South,Mass,2023-07-29,Medium
C001328,Manchester,North,Mass,2022-12-29,Low
C001329,London,South,Student,2020-02-06,Low
C001330,Birmingham,Midlands,Mass,2020-11-14,Low
C001331,Edinburgh,Scotland,Mass,2020-10-16,Low
C001332,Glasgow,Scotland,Affluent,2018-12-08,High
C001333,Leeds,North,Affluent,2021-09-09,Low
C001334,Birmingham,Midlands,Business,2024-02-15,Low
C001335,Leeds,North,Mass,2020-11-28,Low
C001336,Bristol,South West,Mass,2022-01-17,Low
C001337,Birmingham,Midlands,Mass,2018-02-18,Low
C001338,Liverpool,North West,Student,2024-03-17,Low
C001339,Glasgow,Scotland,Mass,2023-06-22,Medium
C001340,Edinburgh,Scotland,Mass,2021-11-13,Medium
C001341,Birmingham,Midlands,Mass,2025-08-22,Low
C001342,Glasgow,Scotland,Mass,2022-12-27,Low
C001343,Edinburgh,Scotland,Mass,2023-08-15,Low
C001344,Glasgow,Scotland,Mass,2022-06-11,Medium
C001345,Leeds,North,Mass,2025-06-05,Low
C001346,Leeds,North,Student,2018-10-29,Low
C001347,Glasgow,Scotland,Mass,2022-03-05,Low
C001348,Edinburgh,Scotland,Student,2020-08-27,Low
C001349,Birmingham,Midlands,Affluent,2020-01-28,Low
C001350,Birmingham,Midlands,Mass,2021-04-03,Low
C001351,Glasgow,Scotland,Mass,2020-11-09,Medium
C001352,Leeds,North,Mass,2018-09-21,Low
C001353,Manchester,North,Mass,2023-06-01,Medium
C001354,Liverpool,North West,Business,2019-12-05,Low
C001355,Edinburgh,Scotland,Mass,2023-07-11,Medium
C001356,Edinburgh,Scotland,Business,2019-08-04,Low
C001357,Manchester,North,Mass,2022-08-10,Low
C001358,Bristol,South West,Mass,2022-03-10,Low
C001359,Birmingham,Midlands,Affluent,2020-12-08,Low
C001360,Leeds,North,Mass,2022-10-19,Low
C001361,Glasgow,Scotland,Mass,2019-10-03,Low
C001362,Edinburgh,Scotland,Affluent,2023-07-25,Low
C001363,Bristol,South West,Affluent,2025-06-19,Low
C001364,Edinburgh,Scotland,Mass,2018-03-13,Low
C001365,Edinburgh,Scotland,Mass,2020-06-19,Medium
C001366,Manchester,North,Mass,2019-10-16,Low
C001367,London,South,Mass,2024-04-07,Medium
C001368,Manchester,North,Mass,2020-03-04,Low
C001369,Leeds,North,Student,2024-04-28,Medium
C001370,Manchester,North,Mass,2025-07-27,Medium
C001371,Manchester,North,Mass,2021-04-03,Low
C001372,Leeds,North,Business,2024-12-28,Medium
C001373,Liverpool,North West,Business,2021-04-07,High
C001374,Birmingham,Midlands,Mass,2024-04-28,Low
C001375,Birmingham,Midlands,Mass,2021-06-27,Low
C001376,Edinburgh,Scotland,Affluent,2024-01-09,Low
C001377,Birmingham,Midlands,Affluent,2020-03-05,Medium
C001378,Liverpool,North West,Business,2022-12-06,Low
C001379,Manchester,North,Affluent,2022-09-03,Medium
C001380,Glasgow,Scotland,Mass,2022-06-21,Low
C001381,Liverpool,North West,Mass,2019-10-15,Low
C001382,Bristol,South West,Mass,2025-04-22,Medium
C001383,Manchester,North,Mass,2020-08-01,Low
C001384,Bristol,South West,Student,2024-06-24,Low
C001385,London,South,Affluent,2019-01-18,Low
C001386,Leeds,North,Business,2022-06-19,Low
C001387,Manchester,North,Mass,2022-10-24,Low
C001388,Liverpool,North West,Mass,2024-09-21,High
C001389,Edinburgh,Scotland,Student,2023-02-28,Low
C001390,London,South,Mass,2023-11-25,Low
C001391,Glasgow,Scotland,Affluent,2022-04-21,Low
C001392,Leeds,North,Business,2018-06-15,Low
C001393,Birmingham,Midlands,Affluent,2023-06-25,Low
C001394,Liverpool,North West,Business,2018-06-09,Medium
C001395,Manchester,North,Mass,2019-05-04,Low
C001396,Leeds,North,Affluent,2022-03-25,Low
C001397,Liverpool,North West,Mass,2018-12-24,Medium
C001398,Birmingham,Midlands,Mass,2022-08-01,Low
C001399,Leeds,North,Student,2021-04-29,Low
C001400,Leeds,North,Affluent,2021-11-13,Low
C001401,Edinburgh,Scotland,Mass,2020-07-05,Low
C001402,Bristol,South West,Business,2024-05-19,Low
C001403,Leeds,North,Student,2025-04-03,Low
C001404,Glasgow,Scotland,Business,2021-08-11,Low
C001405,Edinburgh,Scotland,Mass,2019-10-01,Medium
C001406,Glasgow,Scotland,Affluent,2021-07-05,Low
C001407,Bristol,South West,Mass,2024-10-24,Low
C001408,Manchester,North,Mass,2020-09-05,Low
C001409,Manchester,North,Mass,2024-12-30,Low
C001410,Edinburgh,Scotland,Mass,2020-02-17,Medium
C001411,Liverpool,North West,Student,2018-11-20,Low
C001412,London,South,Mass,2023-04-29,Medium
C001413,Edinburgh,Scotland,Mass,2019-02-28,Low
C001414,Leeds,North,Mass,2021-08-03,Low
C001415,Leeds,North,Student,2021-04-13,Low
C001416,Glasgow,Scotland,Mass,2020-12-08,Low
C001417,Glasgow,Scotland,Affluent,2024-02-03,Low
C001418,Edinburgh,Scotland,Mass,2019-06-03,Low
C001419,Liverpool,North West,Mass,2022-12-29,Low
C001420,Edinburgh,Scotland,Affluent,2021-11-05,High
C001421,London,South,Business,2021-09-09,Low
C001422,Birmingham,Midlands,Business,2019-11-23,Low
C001423,Edinburgh,Scotland,Mass,2024-12-19,Low
C001424,Manchester,North,Affluent,2023-02-07,Medium
C001425,Manchester,North,Mass,2025-08-18,Low
C001426,London,South,Mass,2023-04-24,Low
C001427,Bristol,South West,Mass,2023-01-16,Low
C001428,Manchester,North,Mass,2021-10-29,Low
C001429,Liverpool,North West,Business,2022-07-12,Low
C001430,Glasgow,Scotland,Student,2018-05-30,Low
C001431,Edinburgh,Scotland,Mass,2024-04-25,Low
C001432,Bristol,South West,Mass,2025-08-03,Low
C001433,Bristol,South West,Affluent,2023-09-14,Medium
C001434,Liverpool,North West,Mass,2021-12-15,Medium
C001435,Birmingham,Midlands,Mass,2021-02-15,Low
C001436,Liverpool,North West,Business,2020-11-12,Low
C001437,Manchester,North,Mass,2022-01-15,Medium
C001438,London,South,Student,2024-03-18,Low
C001439,London,South,Mass,2022-04-30,Medium
C001440,Birmingham,Midlands,Mass,2021-06-19,Medium
C001441,Liverpool,North West,Mass,2023-07-15,Low
C001442,Birmingham,Midlands,Mass,2025-03-07,Low
C001443,Leeds,North,Business,2021-02-27,Medium
C001444,Bristol,South West,Mass,2023-11-13,Low
C001445,Bristol,South West,Mass,2020-03-16,Low
C001446,Birmingham,Midlands,Mass,2023-04-29,High
C001447,Leeds,North,Mass,2019-04-17,Low
C001448,Birmingham,Midlands,Student,2023-06-23,Low
C001449,Liverpool,North West,Business,2019-11-27,High
C001450,Glasgow,Scotland,Mass,2022-02-28,Low
C001451,Birmingham,Midlands,Mass,2025-08-17,Low
C001452,Birmingham,Midlands,Mass,2021-01-12,Low
C001453,Birmingham,Midlands,Business,2024-04-19,Low
C001454,London,South,Mass,2020-11-08,Low
C001455,Liverpool,North West,Affluent,2020-05-11,Low
C001456,London,South,Affluent,2020-06-19,Low
C001457,London,South,Mass,2021-03-28,Low
C001458,Edinburgh,Scotland,Business,2024-11-07,Medium
C001459,Glasgow,Scotland,Mass,2022-05-16,Low
C001460,Birmingham,Midlands,Mass,2025-01-19,High
C001461,Edinburgh,Scotland,Affluent,2021-09-25,Low
C001462,Birmingham,Midlands,Mass,2019-04-10,Low
C001463,Leeds,North,Mass,2025-07-28,Low
C001464,Glasgow,Scotland,Student,2024-09-28,Low
C001465,London,South,Mass,2019-11-10,Medium
C001466,Birmingham,Midlands,Student,2020-02-29,Low
C001467,London,South,Affluent,2020-05-19,Low
C001468,Birmingham,Midlands,Mass,2024-03-14,Low
C001469,Leeds,North,Mass,2025-08-28,Medium
C001470,Glasgow,Scotland,Mass,2023-07-01,Low
C001471,Liverpool,North West,Mass,2020-12-28,Medium
C001472,Leeds,North,Business,2023-02-05,Medium
C001473,Glasgow,Scotland,Business,2022-08-27,Medium
C001474,Liverpool,North West,Mass,2022-08-31,High
C001475,Birmingham,Midlands,Business,2023-02-25,Medium
C001476,Birmingham,Midlands,Mass,2021-02-23,Low
C001477,Birmingham,Midlands,Mass,2018-08-08,Low
C001478,Liverpool,North West,Mass,2019-02-19,Medium
C001479,Birmingham,Midlands,Mass,2019-01-01,High
C001480,London,South,Mass,2024-08-30,Low
C001481,Manchester,North,Mass,2024-10-15,Medium
C001482,Glasgow,Scotland,Mass,2023-12-22,Medium
C001483,Manchester,North,Mass,2021-01-19,Medium
C001484,Birmingham,Midlands,Mass,2024-02-02,Medium
C001485,Birmingham,Midlands,Business,2019-03-20,Low
C001486,Edinburgh,Scotland,Mass,2019-02-16,Low
C001487,Glasgow,Scotland,Mass,2024-01-29,Medium
C001488,Edinburgh,Scotland,Mass,2022-12-30,Low
C001489,London,South,Student,2021-12-28,Low
C001490,Birmingham,Midlands,Mass,2019-01-17,Low
C001491,Leeds,North,Mass,2018-07-01,Low
C001492,Birmingham,Midlands,Mass,2019-12-24,Low
C001493,Leeds,North,Mass,2021-04-24,Low
C001494,London,South,Mass,2020-02-08,Low
C001495,Bristol,South West,Business,2022-06-26,Low
C001496,Birmingham,Midlands,Mass,2025-07-25,Low
C001497,Manchester,North,Mass,2023-08-03,Low
C001498,Edinburgh,Scotland,Mass,2021-01-02,Low
C001499,Leeds,North,Student,2018-11-09,Low
C001500,Bristol,South West,Mass,2025-01-08,Low
C001501,Manchester,North,Mass,2019-01-29,Low
C001502,Leeds,North,Mass,2018-06-16,Low
C001503,Birmingham,Midlands,Mass,2022-05-16,Low
C001504,Leeds,North,Mass,2022-08-24,Low
C001505,Edinburgh,Scotland,Mass,2020-01-07,Low
C001506,Glasgow,Scotland,Mass,2020-06-09,Low
C001507,Leeds,North,Business,2025-07-05,Low
C001508,Leeds,North,Student,2019-03-24,Low
C001509,Birmingham,Midlands,Affluent,2023-07-01,Low
C001510,Leeds,North,Mass,2020-01-02,High
C001511,Bristol,South West,Mass,2020-03-03,Low
C001512,Liverpool,North West,Mass,2021-03-31,Low
C001513,Liverpool,North West,Mass,2023-11-30,Low
C001514,Glasgow,Scotland,Business,2022-12-22,Low
C001515,Edinburgh,Scotland,Business,2022-06-14,Low
C001516,Leeds,North,Mass,2025-01-14,Low
C001517,Glasgow,Scotland,Mass,2018-04-25,Low
C001518,London,South,Affluent,2021-12-16,Medium
C001519,Manchester,North,Student,2024-05-11,Low
C001520,Glasgow,Scotland,Affluent,2023-09-04,Low
C001521,London,South,Affluent,2023-07-30,Medium
C001522,Glasgow,Scotland,Mass,2022-04-02,Low
C001523,Manchester,North,Mass,2020-10-21,High
C001524,Manchester,North,Mass,2018-10-21,Low
C001525,Birmingham,Midlands,Mass,2024-07-07,Medium
C001526,Leeds,North,Affluent,2024-11-11,Medium
C001527,London,South,Affluent,2022-09-30,Low
C001528,Manchester,North,Mass,2023-02-26,Low
C001529,Liverpool,North West,Student,2022-12-06,Medium
C001530,Birmingham,Midlands,Mass,2018-08-10,Medium
C001531,Glasgow,Scotland,Affluent,2021-09-10,High
C001532,Birmingham,Midlands,Affluent,2021-01-21,Medium
C001533,Edinburgh,Scotland,Mass,2022-09-12,Low
C001534,Glasgow,Scotland,Student,2021-03-06,Low
C001535,Leeds,North,Student,2020-11-12,Low
C001536,Glasgow,Scotland,Affluent,2021-11-01,Low
C001537,London,South,Mass,2022-12-07,Low
C001538,Leeds,North,Mass,2024-10-25,Medium
C001539,Leeds,North,Mass,2018-11-30,Medium
C001540,Leeds,North,Student,2025-07-23,Low
C001541,Liverpool,North West,Mass,2018-01-23,Low
C001542,London,South,Mass,2020-07-11,Low
C001543,Liverpool,North West,Affluent,2023-01-12,Low
C001544,Edinburgh,Scotland,Mass,2021-02-17,Low
C001545,Edinburgh,Scotland,Student,2022-03-12,Low
C001546,Edinburgh,Scotland,Business,2020-05-03,Low
C001547,London,South,Student,2019-11-16,Medium
C001548,Manchester,North,Mass,2019-06-15,Medium
C001549,Glasgow,Scotland,Mass,2020-05-14,Low
C001550,Edinburgh,Scotland,Mass,2022-06-27,Low
C001551,Birmingham,Midlands,Mass,2020-03-31,Medium
C001552,Bristol,South West,Affluent,2022-04-12,Low
C001553,Edinburgh,Scotland,Mass,2019-04-09,Low
C001554,Bristol,South West,Mass,2018-07-21,Medium
C001555,London,South,Mass,2022-12-17,Low
C001556,London,South,Mass,2019-11-11,High
C001557,Bristol,South West,Mass,2020-03-01,Low
C001558,Leeds,North,Mass,2021-09-29,Low
C001559,Manchester,North,Mass,2020-04-28,Low
C001560,Leeds,North,Student,2021-10-18,Low
C001561,Edinburgh,Scotland,Mass,2019-10-16,Low
C001562,London,South,Mass,2020-08-02,Medium
C001563,Glasgow,Scotland,Mass,2018-05-04,Low
C001564,Glasgow,Scotland,Mass,2018-06-05,High
C001565,London,South,Affluent,2018-12-08,Low
C001566,Edinburgh,Scotland,Affluent,2019-05-20,Medium
C001567,Glasgow,Scotland,Business,2020-04-22,Low
C001568,London,South,Affluent,2020-08-13,Low
C001569,Glasgow,Scotland,Mass,2023-12-15,Low
C001570,London,South,Mass,2024-10-30,Low
C001571,Edinburgh,Scotland,Student,2021-04-30,Low
C001572,Birmingham,Midlands,Mass,2019-04-30,Low
C001573,Leeds,North,Business,2023-09-08,Low
C001574,Leeds,North,Mass,2024-12-15,Low
C001575,Birmingham,Midlands,Mass,2020-09-25,Medium
C001576,Glasgow,Scotland,Mass,2019-04-17,Low
C001577,Bristol,South West,Mass,2023-06-04,Low
C001578,Birmingham,Midlands,Affluent,2018-08-06,Low
C001579,London,South,Mass,2019-02-21,Medium
C001580,Edinburgh,Scotland,Mass,2018-12-26,Low
C001581,Birmingham,Midlands,Mass,2019-03-26,Medium
C001582,London,South,Mass,2020-08-08,Low
C001583,Liverpool,North West,Student,2025-03-06,Low
C001584,Birmingham,Midlands,Mass,2023-12-21,Low
C001585,Bristol,South West,Mass,2025-03-21,Medium
C001586,Leeds,North,Business,2020-05-29,Low
C001587,Birmingham,Midlands,Mass,2020-11-10,Low
C001588,Glasgow,Scotland,Student,2022-09-05,Medium
C001589,Birmingham,Midlands,Mass,2020-04-24,Low
C001590,Birmingham,Midlands,Mass,2021-02-16,Low
C001591,Leeds,North,Mass,2019-04-09,Low
C001592,London,South,Mass,2018-12-24,Low
C001593,Glasgow,Scotland,Mass,2020-12-19,Medium
C001594,Leeds,North,Mass,2024-01-31,Low
C001595,Glasgow,Scotland,Student,2019-12-27,Low
C001596,Liverpool,North West,Mass,2018-08-18,Low
C001597,Liverpool,North West,Mass,2022-09-06,Low
C001598,Edinburgh,Scotland,Mass,2024-03-30,Low
C001599,Manchester,North,Student,2022-01-03,Medium
C001600,Glasgow,Scotland,Mass,2019-07-12,High
C001601,Manchester,North,Mass,2024-08-18,Medium
C001602,London,South,Mass,2018-10-31,Medium
C001603,Birmingham,Midlands,Student,2019-10-08,Low
C001604,Liverpool,North West,Mass,2019-11-21,Low
C001605,Leeds,North,Student,2021-01-21,High
C001606,Liverpool,North West,Affluent,2025-08-13,Low
C001607,Birmingham,Midlands,Mass,2020-08-02,Low
C001608,Bristol,South West,Student,2023-09-13,Low
C001609,Birmingham,Midlands,Mass,2024-09-30,Low
C001610,London,South,Business,2024-09-26,Low
C001611,Edinburgh,Scotland,Student,2019-05-01,Low
C001612,Bristol,South West,Mass,2020-07-03,Low
C001613,Edinburgh,Scotland,Student,2021-04-04,Low
C001614,London,South,Mass,2022-10-09,Low
C001615,Bristol,South West,Mass,2025-06-27,Low
C001616,London,South,Affluent,2020-04-14,Low
C001617,Edinburgh,Scotland,Mass,2018-02-25,Medium
C001618,Liverpool,North West,Mass,2023-12-01,Low
C001619,Bristol,South West,Business,2019-06-12,Low
C001620,Liverpool,North West,Mass,2019-06-28,High
C001621,Bristol,South West,Mass,2018-07-30,Low
C001622,Glasgow,Scotland,Mass,2025-01-04,Medium
C001623,Manchester,North,Mass,2019-04-24,Low
C001624,Glasgow,Scotland,Business,2021-04-06,Low
C001625,Glasgow,Scotland,Business,2025-08-12,Low
C001626,Glasgow,Scotland,Mass,2020-05-29,Low
C001627,London,South,Mass,2021-03-23,Low
C001628,London,South,Mass,2022-04-21,Low
C001629,Birmingham,Midlands,Affluent,2020-06-05,Low
C001630,Leeds,North,Mass,2023-12-04,Low
C001631,Birmingham,Midlands,Business,2018-05-25,Low
C001632,Manchester,North,Affluent,2019-04-11,Low
C001633,Manchester,North,Affluent,2024-01-11,Low
C001634,Edinburgh,Scotland,Mass,2023-10-01,Medium
C001635,Bristol,South West,Mass,2023-10-14,Low
C001636,Glasgow,Scotland,Business,2023-04-23,Low
C001637,London,South,Mass,2020-09-14,Low
C001638,Glasgow,Scotland,Mass,2019-05-05,High
C001639,London,South,Mass,2021-11-30,Low
C001640,London,South,Mass,2020-02-18,Low
C001641,Glasgow,Scotland,Mass,2020-04-17,Low
C001642,Glasgow,Scotland,Mass,2024-12-19,Low
C001643,Birmingham,Midlands,Affluent,2025-03-31,Low
C001644,London,South,Student,2018-10-25,Low
C001645,Birmingham,Midlands,Student,2018-04-03,Low
C001646,Glasgow,Scotland,Mass,2024-10-23,Low
C001647,Bristol,South West,Mass,2018-10-22,Low
C001648,Glasgow,Scotland,Affluent,2024-11-08,Low
C001649,Edinburgh,Scotland,Mass,2023-09-02,Low
C001650,Leeds,North,Student,2022-10-05,Low
C001651,Bristol,South West,Affluent,2019-01-03,Low
C001652,Edinburgh,Scotland,Mass,2021-11-28,Low
C001653,Bristol,South West,Student,2020-10-02,Low
C001654,Leeds,North,Student,2022-03-03,Low
C001655,Liverpool,North West,Mass,2022-05-14,Low
C001656,Glasgow,Scotland,Mass,2019-11-25,Medium
C001657,Leeds,North,Mass,2020-05-23,Low
C001658,Leeds,North,Mass,2020-06-08,High
C001659,Bristol,South West,Student,2019-09-07,Low
C001660,Glasgow,Scotland,Affluent,2024-09-03,Medium
C001661,Birmingham,Midlands,Mass,2024-05-03,Low
C001662,Manchester,North,Mass,2024-06-25,Medium
C001663,London,South,Mass,2019-07-11,Medium
C001664,Leeds,North,Mass,2023-08-08,Low
C001665,London,South,Business,2021-08-21,Medium
C001666,Leeds,North,Mass,2022-10-20,Low
C001667,Manchester,North,Mass,2021-12-21,Low
C001668,London,South,Mass,2018-04-30,Low
C001669,Liverpool,North West,Mass,2020-05-29,Low
C001670,Bristol,South West,Mass,2024-02-08,Low
C001671,London,South,Mass,2024-11-11,Low
C001672,Manchester,North,Mass,2024-08-22,Low
C001673,Manchester,North,Mass,2018-05-23,Low
C001674,Glasgow,Scotland,Mass,2024-06-28,Low
C001675,Bristol,South West,Student,2021-06-09,Low
C001676,London,South,Mass,2025-07-07,Low
C001677,Leeds,North,Student,2019-01-13,Low
C001678,Leeds,North,Mass,2023-02-04,Low
C001679,Birmingham,Midlands,Business,2018-12-10,Medium
C001680,Glasgow,Scotland,Mass,2025-05-08,Medium
C001681,Birmingham,Midlands,Affluent,2023-08-27,Low
C001682,Birmingham,Midlands,Student,2019-02-02,Low
C001683,Leeds,North,Mass,2018-05-31,Low
C001684,Glasgow,Scotland,Mass,2021-09-08,Medium
C001685,Birmingham,Midlands,Student,2018-10-31,Low
C001686,Birmingham,Midlands,Mass,2020-03-11,Low
C001687,Glasgow,Scotland,Mass,2019-10-29,Medium
C001688,Birmingham,Midlands,Business,2020-12-12,Low
C001689,Leeds,North,Mass,2023-04-22,Medium
C001690,Bristol,South West,Mass,2024-04-19,Low
C001691,London,South,Affluent,2023-02-05,Low
C001692,Glasgow,Scotland,Mass,2019-03-07,Low
C001693,Bristol,South West,Mass,2024-11-09,Medium
C001694,Leeds,North,Business,2022-11-07,Low
C001695,Bristol,South West,Mass,2021-10-07,Low
C001696,Birmingham,Midlands,Mass,2021-09-20,Low
C001697,Edinburgh,Scotland,Mass,2018-10-21,Low
C001698,Leeds,North,Mass,2023-08-20,Low
C001699,Glasgow,Scotland,Business,2019-04-26,Low
C001700,Bristol,South West,Student,2021-09-11,Medium
C001701,Manchester,North,Mass,2020-02-07,High
C001702,Birmingham,Midlands,Business,2019-07-17,Medium
C001703,Bristol,South West,Mass,2024-12-18,Low
C001704,London,South,Business,2021-12-14,Low
C001705,Bristol,South West,Affluent,2023-11-26,Low
C001706,Bristol,South West,Mass,2018-04-17,Low
C001707,Leeds,North,Student,2024-10-04,Low
C001708,Birmingham,Midlands,Mass,2020-03-27,Low
C001709,Bristol,South West,Business,2022-07-18,Low
C001710,Edinburgh,Scotland,Mass,2022-08-18,Medium
C001711,Leeds,North,Mass,2020-02-22,Low
C001712,London,South,Mass,2022-12-31,Low
C001713,Bristol,South West,Mass,2022-04-11,Low
C001714,Liverpool,North West,Mass,2019-01-31,Medium
C001715,Liverpool,North West,Mass,2018-12-10,Medium
C001716,Liverpool,North West,Mass,2019-09-04,Low
C001717,Bristol,South West,Mass,2023-03-12,Low
C001718,Birmingham,Midlands,Mass,2024-03-13,Low
C001719,Leeds,North,Mass,2023-04-22,Low
C001720,Bristol,South West,Mass,2020-03-11,Low
C001721,Birmingham,Midlands,Mass,2025-06-10,Low
C001722,Glasgow,Scotland,Mass,2025-05-28,Low
C001723,Liverpool,North West,Affluent,2019-03-30,Low
C001724,Manchester,North,Affluent,2019-07-17,Low
C001725,Bristol,South West,Mass,2022-04-26,Low
C001726,Leeds,North,Affluent,2018-07-17,Low
C001727,Leeds,North,Mass,2021-08-07,Low
C001728,Birmingham,Midlands,Affluent,2023-06-01,Medium
C001729,Bristol,South West,Mass,2021-07-12,Medium
C001730,London,South,Mass,2022-10-20,Low
C001731,Glasgow,Scotland,Mass,2025-07-21,Low
C001732,Bristol,South West,Student,2024-03-23,Medium
C001733,Edinburgh,Scotland,Affluent,2025-04-17,High
C001734,London,South,Business,2023-05-30,Low
C001735,Birmingham,Midlands,Affluent,2018-12-07,Low
C001736,Glasgow,Scotland,Mass,2023-07-22,Medium
C001737,Edinburgh,Scotland,Mass,2018-05-22,Low
C001738,Bristol,South West,Business,2022-12-17,Low
C001739,Glasgow,Scotland,Mass,2020-07-25,Low
C001740,London,South,Mass,2018-10-21,Low
C001741,Bristol,South West,Mass,2025-05-13,Low
C001742,Glasgow,Scotland,Mass,2024-10-25,Low
C001743,Manchester,North,Student,2023-04-28,Low
C001744,Birmingham,Midlands,Mass,2024-12-20,Medium
C001745,Bristol,South West,Mass,2022-05-03,Medium
C001746,Manchester,North,Mass,2024-08-31,Medium
C001747,London,South,Business,2019-10-09,Low
C001748,Liverpool,North West,Affluent,2025-03-08,Low
C001749,Bristol,South West,Mass,2019-10-25,Low
C001750,London,South,Student,2024-02-07,High
C001751,Glasgow,Scotland,Mass,2018-06-04,Medium
C001752,Manchester,North,Mass,2019-11-26,Low
C001753,Liverpool,North West,Mass,2023-07-05,Low
C001754,Edinburgh,Scotland,Mass,2019-12-19,Low
C001755,Edinburgh,Scotland,Mass,2023-07-03,Medium
C001756,Birmingham,Midlands,Student,2021-11-25,Medium
C001757,Edinburgh,Scotland,Student,2018-07-05,Low
C001758,Manchester,North,Student,2024-07-12,Low
C001759,Birmingham,Midlands,Affluent,2024-08-15,Medium
C001760,Birmingham,Midlands,Business,2021-10-07,Low
C001761,Liverpool,North West,Business,2024-08-11,Low
C001762,Bristol,South West,Business,2018-08-28,Low
C001763,Birmingham,Midlands,Business,2018-08-02,Low
C001764,Birmingham,Midlands,Business,2020-09-06,Low
C001765,Glasgow,Scotland,Mass,2023-02-03,High
C001766,Bristol,South West,Mass,2018-02-07,Low
C001767,Birmingham,Midlands,Mass,2022-04-17,Low
C001768,Edinburgh,Scotland,Student,2023-10-15,Low
C001769,Edinburgh,Scotland,Mass,2021-05-05,Low
C001770,Bristol,South West,Business,2024-04-24,Low
C001771,Leeds,North,Mass,2023-08-11,Medium
C001772,Manchester,North,Mass,2022-11-15,Low
C001773,Edinburgh,Scotland,Mass,2025-05-03,Low
C001774,Manchester,North,Mass,2025-02-10,Low
C001775,Liverpool,North West,Affluent,2018-04-04,Low
C001776,Manchester,North,Mass,2022-05-06,Low
C001777,London,South,Mass,2020-07-22,Low
C001778,Manchester,North,Mass,2025-01-09,Medium
C001779,Bristol,South West,Mass,2023-10-03,Low
C001780,Leeds,North,Mass,2018-01-29,Low
C001781,Bristol,South West,Mass,2019-01-19,High
C001782,Bristol,South West,Mass,2022-10-11,Low
C001783,Bristol,South West,Mass,2022-04-12,Low
C001784,Birmingham,Midlands,Business,2019-01-25,Medium
C001785,Liverpool,North West,Affluent,2018-03-01,Low
C001786,Liverpool,North West,Affluent,2024-11-05,Low
C001787,London,South,Mass,2021-04-03,Low
C001788,London,South,Affluent,2023-07-30,Low
C001789,Glasgow,Scotland,Mass,2021-12-18,Low
C001790,Bristol,South West,Affluent,2025-05-12,Low
C001791,Birmingham,Midlands,Mass,2024-01-01,High
C001792,Bristol,South West,Mass,2022-06-04,Low
C001793,Birmingham,Midlands,Affluent,2023-05-27,Medium
C001794,Liverpool,North West,Mass,2022-09-06,Low
C001795,Glasgow,Scotland,Mass,2023-11-02,Low
C001796,London,South,Mass,2018-04-16,Medium
C001797,Manchester,North,Mass,2022-05-20,High
C001798,Glasgow,Scotland,Mass,2025-07-16,Low
C001799,Bristol,South West,Mass,2019-03-14,Medium
C001800,London,South,Mass,2018-12-27,Low
C001801,Liverpool,North West,Affluent,2022-02-12,Low
C001802,Birmingham,Midlands,Affluent,2025-04-27,Low
C001803,Glasgow,Scotland,Mass,2025-04-16,High
C001804,Manchester,North,Mass,2023-09-30,Low
C001805,Manchester,North,Student,2023-07-27,Low
C001806,Leeds,North,Mass,2021-09-13,Low
C001807,London,South,Mass,2022-09-15,Medium
C001808,Leeds,North,Mass,2018-09-10,Low
C001809,Birmingham,Midlands,Mass,2019-04-28,Medium
C001810,Glasgow,Scotland,Mass,2018-08-13,Low
C001811,Bristol,South West,Affluent,2020-06-20,Low
C001812,Liverpool,North West,Student,2018-04-22,Low
C001813,Leeds,North,Mass,2023-10-09,Low
C001814,Liverpool,North West,Mass,2020-10-27,Low
C001815,London,South,Mass,2020-12-06,Medium
C001816,Liverpool,North West,Mass,2020-07-12,Medium
C001817,Edinburgh,Scotland,Affluent,2018-08-19,High
C001818,London,South,Mass,2025-08-19,Low
C001819,London,South,Affluent,2025-04-18,Medium
C001820,Birmingham,Midlands,Affluent,2020-09-20,Low
C001821,Glasgow,Scotland,Mass,2020-07-16,Low
C001822,Glasgow,Scotland,Mass,2019-06-16,Medium
C001823,Liverpool,North West,Affluent,2023-11-20,Low
C001824,Bristol,South West,Affluent,2021-02-10,Medium
C001825,Glasgow,Scotland,Mass,2019-07-15,Medium
C001826,Liverpool,North West,Affluent,2019-05-18,Low
C001827,London,South,Mass,2019-01-01,Low
C001828,Glasgow,Scotland,Mass,2024-04-17,Low
C001829,Edinburgh,Scotland,Business,2020-09-02,Low
C001830,Birmingham,Midlands,Affluent,2021-08-26,Medium
C001831,London,South,Mass,2025-05-10,Low
C001832,Manchester,North,Affluent,2021-01-22,Medium
C001833,Liverpool,North West,Mass,2022-02-07,Low
C001834,Manchester,North,Student,2023-10-02,Low
C001835,Liverpool,North West,Business,2024-04-10,Low
C001836,London,South,Mass,2021-04-03,Low
C001837,Bristol,South West,Affluent,2019-12-15,Medium
C001838,Liverpool,North West,Mass,2023-10-03,Medium
C001839,Manchester,North,Mass,2025-05-08,Low
C001840,Bristol,South West,Mass,2020-09-22,Low
C001841,Birmingham,Midlands,Mass,2023-08-12,Low
C001842,Bristol,South West,Affluent,2023-07-08,Medium
C001843,London,South,Mass,2024-07-05,Low
C001844,Edinburgh,Scotland,Mass,2025-02-07,High
C001845,Leeds,North,Mass,2021-11-22,Low
C001846,Manchester,North,Mass,2021-12-07,Low
C001847,Birmingham,Midlands,Mass,2025-04-18,Low
C001848,Leeds,North,Mass,2018-09-05,Low
C001849,Birmingham,Midlands,Mass,2019-12-26,High
C001850,Manchester,North,Business,2025-06-27,Low
C001851,Edinburgh,Scotland,Mass,2024-05-18,Low
C001852,Bristol,South West,Mass,2019-06-27,Medium
C001853,Bristol,South West,Mass,2022-09-05,Low
C001854,Manchester,North,Affluent,2018-08-26,Medium
C001855,Birmingham,Midlands,Business,2018-05-10,Low
C001856,Bristol,South West,Mass,2022-10-30,Low
C001857,Edinburgh,Scotland,Mass,2023-07-25,Medium
C001858,Liverpool,North West,Mass,2024-12-16,Low
C001859,Birmingham,Midlands,Mass,2024-05-19,Medium
C001860,Birmingham,Midlands,Mass,2020-10-31,Low
C001861,Manchester,North,Mass,2020-04-01,Low
C001862,Edinburgh,Scotland,Mass,2024-04-17,Low
C001863,Glasgow,Scotland,Mass,2019-08-07,Low
C001864,London,South,Student,2023-06-28,Low
C001865,Bristol,South West,Affluent,2018-12-19,Low
C001866,Edinburgh,Scotland,Mass,2019-12-08,Low
C001867,Edinburgh,Scotland,Mass,2019-08-09,Low
C001868,Birmingham,Midlands,Mass,2020-12-08,Low
C001869,Glasgow,Scotland,Mass,2019-01-20,Low
C001870,Liverpool,North West,Mass,2022-03-11,Medium
C001871,Glasgow,Scotland,Mass,2023-07-16,Low
C001872,Manchester,North,Mass,2025-06-27,Low
C001873,Glasgow,Scotland,Affluent,2019-03-02,Low
C001874,Glasgow,Scotland,Mass,2019-05-24,Low
C001875,Birmingham,Midlands,Student,2019-07-25,Low
C001876,London,South,Mass,2021-02-13,Low
C001877,Manchester,North,Mass,2018-01-28,Low
C001878,London,South,Mass,2018-12-30,Low
C001879,Edinburgh,Scotland,Mass,2024-09-16,Low
C001880,London,South,Mass,2022-08-22,Low
C001881,Liverpool,North West,Mass,2025-01-13,Low
C001882,Manchester,North,Mass,2025-03-17,Low
C001883,Glasgow,Scotland,Mass,2019-07-04,Low
C001884,London,South,Mass,2019-08-07,Low
C001885,Edinburgh,Scotland,Mass,2018-07-13,Low
C001886,Leeds,North,Mass,2021-02-04,Medium
C001887,Leeds,North,Mass,2018-03-25,Low
C001888,London,South,Mass,2019-02-02,Medium
C001889,Liverpool,North West,Business,2019-07-16,Low
C001890,Edinburgh,Scotland,Business,2021-09-22,Medium
C001891,Liverpool,North West,Business,2024-11-29,Low
C001892,Glasgow,Scotland,Affluent,2018-03-04,Medium
C001893,Birmingham,Midlands,Business,2020-06-11,Low
C001894,London,South,Mass,2020-11-19,Low
C001895,Liverpool,North West,Business,2018-07-09,Medium
C001896,Birmingham,Midlands,Affluent,2019-10-21,Medium
C001897,Edinburgh,Scotland,Mass,2022-06-22,Low
C001898,Manchester,North,Student,2021-06-18,Low
C001899,London,South,Mass,2020-03-20,Medium
C001900,London,South,Mass,2020-10-22,Medium
C001901,Liverpool,North West,Mass,2023-11-09,Low
C001902,Birmingham,Midlands,Student,2019-09-06,Low
C001903,Liverpool,North West,Mass,2025-03-31,Medium
C001904,Manchester,North,Student,2023-03-23,Low
C001905,London,South,Business,2024-03-01,Low
C001906,Liverpool,North West,Mass,2025-01-04,Medium
C001907,Glasgow,Scotland,Mass,2021-05-03,High
C001908,Birmingham,Midlands,Affluent,2022-08-16,Low
C001909,Bristol,South West,Mass,2022-11-17,Low
C001910,Liverpool,North West,Mass,2023-06-10,Medium
C001911,Bristol,South West,Mass,2021-05-03,Low
C001912,Birmingham,Midlands,Student,2023-01-28,Low
C001913,Glasgow,Scotland,Affluent,2023-12-31,High
C001914,London,South,Mass,2025-06-29,Low
C001915,Bristol,South West,Student,2020-12-29,Medium
C001916,Birmingham,Midlands,Business,2023-05-29,Low
C001917,Birmingham,Midlands,Business,2020-02-12,Medium
C001918,Bristol,South West,Student,2020-10-11,Low
C001919,London,South,Mass,2023-02-01,Low
C001920,London,South,Mass,2024-04-24,Low
C001921,Liverpool,North West,Mass,2022-08-19,Low
C001922,London,South,Mass,2019-10-16,Low
C001923,London,South,Mass,2024-10-08,Low
C001924,Edinburgh,Scotland,Mass,2022-01-07,Low
C001925,Manchester,North,Mass,2024-10-15,Low
C001926,London,South,Mass,2024-01-15,High
C001927,Glasgow,Scotland,Mass,2022-09-24,Low
C001928,Glasgow,Scotland,Mass,2019-10-15,Low
C001929,Birmingham,Midlands,Mass,2019-09-07,Low
C001930,Bristol,South West,Student,2024-03-28,Low
C001931,Liverpool,North West,Mass,2018-11-08,Medium
C001932,Edinburgh,Scotland,Student,2020-09-28,Low
C001933,Bristol,South West,Mass,2023-02-05,Low
C001934,Liverpool,North West,Mass,2022-03-22,Low
C001935,Liverpool,North West,Mass,2024-01-15,Low
C001936,Edinburgh,Scotland,Business,2018-10-19,Low
C001937,Glasgow,Scotland,Mass,2020-06-28,Low
C001938,Glasgow,Scotland,Business,2025-05-10,Low
C001939,Birmingham,Midlands,Affluent,2025-04-28,Low
C001940,Bristol,South West,Mass,2019-05-25,Low
C001941,Edinburgh,Scotland,Mass,2024-12-15,Low
C001942,Leeds,North,Business,2018-05-20,Low
C001943,Manchester,North,Mass,2022-10-01,Low
C001944,Edinburgh,Scotland,Mass,2018-02-01,Low
C001945,Manchester,North,Affluent,2018-11-03,Low
C001946,Leeds,North,Mass,2020-03-05,Low
C001947,Birmingham,Midlands,Mass,2022-04-22,Low
C001948,London,South,Mass,2025-03-25,Low
C001949,Glasgow,Scotland,Mass,2023-08-26,Low
C001950,Manchester,North,Mass,2018-11-14,Low
C001951,Manchester,North,Mass,2020-07-25,High
C001952,Edinburgh,Scotland,Mass,2024-10-15,Low
C001953,Liverpool,North West,Business,2022-05-06,Low
C001954,Manchester,North,Mass,2021-11-08,Low
C001955,Leeds,North,Student,2019-05-13,Low
C001956,Leeds,North,Mass,2021-03-01,Low
C001957,Edinburgh,Scotland,Mass,2024-12-17,High
C001958,Glasgow,Scotland,Mass,2020-05-18,Medium
C001959,Liverpool,North West,Student,2024-03-07,Low
C001960,Liverpool,North West,Mass,2018-12-29,Medium
C001961,Edinburgh,Scotland,Mass,2024-08-03,Low
C001962,Glasgow,Scotland,Mass,2021-10-02,Low
C001963,Glasgow,Scotland,Mass,2022-11-04,Medium
C001964,Liverpool,North West,Mass,2024-07-23,Low
C001965,Glasgow,Scotland,Mass,2018-12-31,Medium
C001966,Glasgow,Scotland,Mass,2024-02-04,Low
C001967,Glasgow,Scotland,Mass,2019-05-17,Low
C001968,Glasgow,Scotland,Mass,2024-10-16,Low
C001969,Liverpool,North West,Mass,2018-04-03,Low
C001970,Glasgow,Scotland,Mass,2024-06-06,Low
C001971,Birmingham,Midlands,Affluent,2021-08-05,Low
C001972,Edinburgh,Scotland,Mass,2022-05-18,Low
C001973,Glasgow,Scotland,Mass,2024-09-02,Low
C001974,London,South,Student,2025-03-10,Low
C001975,Glasgow,Scotland,Mass,2025-03-01,Low
C001976,Leeds,North,Affluent,2021-05-30,Medium
C001977,Edinburgh,Scotland,Mass,2023-01-10,High
C001978,Birmingham,Midlands,Mass,2022-01-24,Low
C001979,Bristol,South West,Student,2018-05-02,Medium
C001980,Leeds,North,Mass,2023-07-16,Low
C001981,London,South,Mass,2021-11-18,Low
C001982,London,South,Affluent,2021-10-31,Low
C001983,Bristol,South West,Mass,2022-01-28,Low
C001984,Glasgow,Scotland,Affluent,2022-10-14,Low
C001985,Leeds,North,Mass,2025-04-14,Low
C001986,Edinburgh,Scotland,Affluent,2020-03-12,Low
C001987,Edinburgh,Scotland,Student,2021-05-15,Medium
C001988,Edinburgh,Scotland,Mass,2020-08-30,Low
C001989,Manchester,North,Mass,2018-06-12,Low
C001990,Birmingham,Midlands,Mass,2021-03-04,Low
C001991,Liverpool,North West,Student,2019-01-12,Low
C001992,Edinburgh,Scotland,Mass,2022-12-13,Medium
C001993,Birmingham,Midlands,Student,2024-11-01,High
C001994,London,South,Affluent,2020-03-05,Medium
C001995,London,South,Mass,2018-08-25,Low
C001996,London,South,Affluent,2024-12-26,Medium
C001997,Glasgow,Scotland,Mass,2024-04-24,Low
C001998,Leeds,North,Mass,2021-04-20,Low
C001999,Manchester,North,Mass,2025-05-22,Low
C002000,Leeds,North,Affluent,2025-07-22,Low
C002001,Birmingham,Midlands,Mass,2021-05-12,Medium
C002002,London,South,Mass,2022-08-10,Low
C002003,Edinburgh,Scotland,Business,2024-01-12,Low
C002004,Liverpool,North West,Affluent,2022-12-09,Medium
C002005,Glasgow,Scotland,Business,2020-12-21,Low
C002006,Glasgow,Scotland,Mass,2023-07-03,Low
C002007,Bristol,South West,Mass,2019-01-17,Medium
C002008,Leeds,North,Mass,2021-04-26,Low
C002009,Birmingham,Midlands,Business,2024-06-17,Low
C002010,Manchester,North,Mass,2025-05-17,Low
C002011,Liverpool,North West,Mass,2024-05-11,Low
C002012,London,South,Student,2023-07-15,Low
C002013,Leeds,North,Mass,2022-01-04,Medium
C002014,Leeds,North,Mass,2024-09-05,Low
C002015,Bristol,South West,Mass,2018-07-05,Low
C002016,Leeds,North,Mass,2020-09-01,Medium
C002017,Edinburgh,Scotland,Mass,2020-05-12,Medium
C002018,Manchester,North,Mass,2023-12-21,Low
C002019,Liverpool,North West,Mass,2022-07-14,Low
C002020,Leeds,North,Mass,2023-01-20,Low
C002021,London,South,Affluent,2022-06-08,Low
C002022,London,South,Mass,2021-10-05,Low
C002023,Manchester,North,Affluent,2024-03-09,Medium
C002024,Edinburgh,Scotland,Mass,2020-11-30,Low
C002025,Manchester,North,Affluent,2022-04-05,Low
C002026,Bristol,South West,Student,2024-06-01,Low
C002027,Manchester,North,Mass,2023-11-17,Low
C002028,Birmingham,Midlands,Affluent,2022-01-12,Low
C002029,Birmingham,Midlands,Mass,2021-05-06,Medium
C002030,Glasgow,Scotland,Mass,2019-02-23,High
C002031,Edinburgh,Scotland,Mass,2021-08-07,Medium
C002032,Birmingham,Midlands,Mass,2023-06-27,Low
C002033,Bristol,South West,Student,2024-03-09,Medium
C002034,Liverpool,North West,Student,2022-09-02,Low
C002035,Leeds,North,Mass,2023-09-17,Low
C002036,Edinburgh,Scotland,Mass,2018-12-14,Low
C002037,Birmingham,Midlands,Mass,2018-12-16,Low
C002038,Edinburgh,Scotland,Mass,2019-04-18,Low
C002039,Edinburgh,Scotland,Mass,2024-07-14,High
C002040,London,South,Mass,2021-12-29,Medium
C002041,Glasgow,Scotland,Business,2022-03-30,Low
C002042,Glasgow,Scotland,Mass,2018-11-06,Medium
C002043,Edinburgh,Scotland,Business,2023-04-19,Low
C002044,Leeds,North,Mass,2022-07-02,Low
C002045,Birmingham,Midlands,Mass,2021-05-31,Medium
C002046,Edinburgh,Scotland,Mass,2018-03-24,Low
C002047,Liverpool,North West,Student,2023-05-30,Low
C002048,Edinburgh,Scotland,Affluent,2025-01-30,Low
C002049,Edinburgh,Scotland,Mass,2024-09-24,Low
C002050,London,South,Mass,2023-12-09,Medium
C002051,Bristol,South West,Mass,2022-11-14,Low
C002052,Manchester,North,Student,2019-03-03,High
C002053,Glasgow,Scotland,Mass,2024-02-01,Low
C002054,Liverpool,North West,Affluent,2018-07-04,Low
C002055,London,South,Student,2022-07-20,Low
C002056,Liverpool,North West,Mass,2023-06-14,High
C002057,London,South,Mass,2023-05-15,Low
C002058,Liverpool,North West,Mass,2020-11-19,Medium
C002059,Manchester,North,Affluent,2018-05-01,High
C002060,Glasgow,Scotland,Mass,2020-10-31,Low
C002061,Leeds,North,Mass,2018-08-26,Medium
C002062,Edinburgh,Scotland,Affluent,2022-12-13,Low
C002063,Liverpool,North West,Affluent,2018-08-02,High
C002064,Edinburgh,Scotland,Mass,2025-02-27,Low
C002065,Bristol,South West,Mass,2018-11-21,High
C002066,Edinburgh,Scotland,Mass,2022-08-08,Low
C002067,Manchester,North,Mass,2018-11-26,High
C002068,Edinburgh,Scotland,Student,2024-01-02,Low
C002069,Leeds,North,Mass,2021-08-28,Low
C002070,London,South,Mass,2019-08-07,Low
C002071,Manchester,North,Mass,2020-08-19,Low
C002072,Liverpool,North West,Mass,2021-03-26,Low
C002073,Edinburgh,Scotland,Mass,2021-08-25,Low
C002074,Glasgow,Scotland,Mass,2019-01-12,Low
C002075,Leeds,North,Mass,2018-09-12,Low
C002076,Birmingham,Midlands,Business,2018-05-07,Medium
C002077,London,South,Mass,2019-01-31,Low
C002078,Liverpool,North West,Mass,2021-01-24,Low
C002079,Manchester,North,Mass,2022-01-27,Low
C002080,Edinburgh,Scotland,Mass,2019-12-23,Low
C002081,Leeds,North,Affluent,2019-07-20,Low
C002082,London,South,Affluent,2022-07-17,Medium
C002083,Birmingham,Midlands,Mass,2024-03-14,Low
C002084,Liverpool,North West,Mass,2025-05-30,Low
C002085,Glasgow,Scotland,Mass,2021-02-19,Low
C002086,London,South,Affluent,2025-01-07,Low
C002087,London,South,Mass,2018-07-08,Low
C002088,Birmingham,Midlands,Mass,2021-10-13,Low
C002089,Birmingham,Midlands,Mass,2021-11-07,Low
C002090,London,South,Mass,2022-08-31,Medium
C002091,Manchester,North,Affluent,2023-05-28,Medium
C002092,Glasgow,Scotland,Mass,2023-08-21,Low
C002093,Birmingham,Midlands,Mass,2019-03-13,Medium
C002094,Glasgow,Scotland,Student,2023-06-30,High
C002095,Bristol,South West,Business,2020-05-19,Medium
C002096,Manchester,North,Mass,2021-03-24,Low
C002097,London,South,Student,2023-04-19,Medium
C002098,London,South,Student,2020-07-09,High
C002099,Glasgow,Scotland,Mass,2022-09-14,Low
C002100,Edinburgh,Scotland,Business,2018-03-20,Medium
C002101,Edinburgh,Scotland,Affluent,2024-06-09,Low
C002102,Glasgow,Scotland,Affluent,2025-05-21,Low
C002103,London,South,Mass,2021-12-23,Low
C002104,Manchester,North,Mass,2018-04-30,Medium
C002105,Glasgow,Scotland,Affluent,2020-09-16,Low
C002106,Liverpool,North West,Mass,2025-04-05,Low
C002107,Glasgow,Scotland,Student,2024-05-05,Low
C002108,London,South,Mass,2019-05-26,Low
C002109,Liverpool,North West,Mass,2019-03-02,Low
C002110,Leeds,North,Affluent,2020-07-01,Low
C002111,Liverpool,North West,Student,2019-01-22,Low
C002112,Liverpool,North West,Mass,2018-02-20,Low
C002113,Edinburgh,Scotland,Affluent,2019-12-11,Low
C002114,Leeds,North,Student,2022-09-22,Low
C002115,Birmingham,Midlands,Affluent,2019-12-11,Low
C002116,Manchester,North,Mass,2019-12-15,Low
C002117,Birmingham,Midlands,Business,2019-04-25,Low
C002118,Birmingham,Midlands,Mass,2024-07-21,High
C002119,Bristol,South West,Affluent,2019-05-07,Low
C002120,Manchester,North,Mass,2025-08-31,Low
C002121,Bristol,South West,Mass,2018-07-14,Low
C002122,Birmingham,Midlands,Affluent,2020-05-13,Low
C002123,London,South,Mass,2024-10-23,Medium
C002124,Liverpool,North West,Business,2024-02-29,Low
C002125,Glasgow,Scotland,Student,2022-08-07,Low
C002126,Edinburgh,Scotland,Mass,2023-09-02,Low
C002127,London,South,Student,2023-10-12,Low
C002128,Edinburgh,Scotland,Business,2024-12-02,Low
C002129,Manchester,North,Student,2024-10-03,Low
C002130,Leeds,North,Student,2022-09-13,Medium
C002131,Glasgow,Scotland,Mass,2021-11-03,Medium
C002132,Liverpool,North West,Affluent,2025-01-07,Low
C002133,Glasgow,Scotland,Affluent,2025-07-15,Low
C002134,Bristol,South West,Student,2022-04-02,Low
C002135,Liverpool,North West,Mass,2020-08-23,Low
C002136,Birmingham,Midlands,Mass,2019-11-23,Low
C002137,Edinburgh,Scotland,Mass,2025-05-02,Low
C002138,Birmingham,Midlands,Mass,2021-01-17,High
C002139,Manchester,North,Business,2023-05-18,Low
C002140,Birmingham,Midlands,Student,2018-01-02,Low
C002141,Liverpool,North West,Mass,2019-03-06,Low
C002142,Glasgow,Scotland,Student,2021-03-01,Medium
C002143,Birmingham,Midlands,Affluent,2024-08-08,Low
C002144,Leeds,North,Mass,2025-06-11,Low
C002145,Manchester,North,Student,2024-06-25,Low
C002146,Glasgow,Scotland,Mass,2019-03-08,Low
C002147,Liverpool,North West,Mass,2025-08-01,Low
C002148,Glasgow,Scotland,Mass,2018-12-21,Low
C002149,Edinburgh,Scotland,Mass,2024-11-19,Medium
C002150,Glasgow,Scotland,Student,2023-02-20,Low
C002151,Liverpool,North West,Mass,2020-12-26,Low
C002152,Glasgow,Scotland,Mass,2020-06-26,Low
C002153,London,South,Business,2022-10-25,Low
C002154,Liverpool,North West,Affluent,2020-10-16,High
C002155,Manchester,North,Affluent,2023-01-22,Low
C002156,Glasgow,Scotland,Mass,2022-05-16,Low
C002157,Leeds,North,Mass,2025-05-18,Low
C002158,Glasgow,Scotland,Student,2024-03-29,Low
C002159,Edinburgh,Scotland,Mass,2018-02-03,Low
C002160,Bristol,South West,Student,2019-10-03,Medium
C002161,Liverpool,North West,Student,2018-08-26,Medium
C002162,Glasgow,Scotland,Mass,2025-05-29,Low
C002163,Leeds,North,Mass,2020-04-18,Low
C002164,Liverpool,North West,Business,2025-02-26,Low
C002165,Leeds,North,Student,2021-03-03,Low
C002166,London,South,Mass,2021-03-19,Low
C002167,Glasgow,Scotland,Mass,2019-08-15,Low
C002168,Bristol,South West,Mass,2024-12-28,Low
C002169,London,South,Student,2020-05-30,Low
C002170,Bristol,South West,Mass,2023-12-06,Medium
C002171,Bristol,South West,Mass,2021-12-13,Low
C002172,Bristol,South West,Affluent,2025-05-28,Low
C002173,Manchester,North,Mass,2023-01-13,Low
C002174,Birmingham,Midlands,Business,2025-03-25,Medium
C002175,Bristol,South West,Mass,2021-03-27,Low
C002176,Bristol,South West,Mass,2018-05-21,Low
C002177,Leeds,North,Mass,2021-06-28,High
C002178,London,South,Mass,2021-02-05,Low
C002179,Leeds,North,Affluent,2024-04-05,Low
C002180,Birmingham,Midlands,Business,2025-01-20,Low
C002181,London,South,Business,2025-04-05,Medium
C002182,London,South,Affluent,2024-07-20,Low
C002183,Glasgow,Scotland,Student,2019-04-12,Low
C002184,Edinburgh,Scotland,Mass,2018-05-27,High
C002185,Bristol,South West,Business,2021-12-26,High
C002186,Edinburgh,Scotland,Mass,2018-12-01,Low
C002187,Manchester,North,Business,2018-01-13,Low
C002188,Liverpool,North West,Student,2021-04-29,Low
C002189,Manchester,North,Mass,2018-09-26,Low
C002190,Manchester,North,Mass,2019-08-24,Low
C002191,Bristol,South West,Mass,2018-03-20,Low
C002192,Bristol,South West,Affluent,2020-12-30,Low
C002193,Manchester,North,Business,2019-08-15,Medium
C002194,Edinburgh,Scotland,Mass,2022-04-02,Low
C002195,Manchester,North,Mass,2019-07-12,Low
C002196,Liverpool,North West,Business,2018-10-15,Medium
C002197,Edinburgh,Scotland,Mass,2023-05-04,Low
C002198,Glasgow,Scotland,Business,2025-03-07,Low
C002199,Edinburgh,Scotland,Mass,2023-12-12,Low
C002200,Leeds,North,Mass,2018-01-09,Low
C002201,Liverpool,North West,Mass,2025-01-03,Low
C002202,Manchester,North,Business,2018-01-20,Low
C002203,Birmingham,Midlands,Mass,2025-04-09,Low
C002204,Glasgow,Scotland,Mass,2024-05-20,Low
C002205,Birmingham,Midlands,Affluent,2021-01-19,Medium
C002206,Birmingham,Midlands,Student,2021-12-24,Low
C002207,Edinburgh,Scotland,Student,2023-01-03,Medium
C002208,Birmingham,Midlands,Mass,2021-03-21,Low
C002209,Glasgow,Scotland,Mass,2024-08-14,Low
C002210,Manchester,North,Mass,2024-05-20,Low
C002211,Bristol,South West,Student,2023-03-30,Low
C002212,Glasgow,Scotland,Mass,2023-12-30,Medium
C002213,Edinburgh,Scotland,Mass,2024-08-04,Low
C002214,Bristol,South West,Business,2024-09-19,Low
C002215,Leeds,North,Mass,2019-03-12,Medium
C002216,London,South,Mass,2020-08-03,Low
C002217,Edinburgh,Scotland,Mass,2022-11-24,Low
C002218,Glasgow,Scotland,Mass,2025-06-06,Low
C002219,Edinburgh,Scotland,Student,2025-01-06,Medium
C002220,Bristol,South West,Student,2024-02-08,Low
C002221,Edinburgh,Scotland,Affluent,2024-08-23,Medium
C002222,Liverpool,North West,Mass,2021-11-30,Low
C002223,Manchester,North,Mass,2018-06-15,Low
C002224,Glasgow,Scotland,Mass,2022-09-21,Low
C002225,Leeds,North,Mass,2019-09-26,Low
C002226,Edinburgh,Scotland,Affluent,2018-03-30,Low
C002227,Liverpool,North West,Mass,2024-05-07,Low
C002228,Manchester,North,Student,2023-12-17,Low
C002229,Bristol,South West,Student,2025-07-12,Low
C002230,Liverpool,North West,Mass,2023-10-04,Low
C002231,Leeds,North,Mass,2019-06-20,Low
C002232,London,South,Mass,2020-03-13,Low
C002233,Manchester,North,Business,2025-05-19,Low
C002234,London,South,Mass,2020-08-24,Medium
C002235,Edinburgh,Scotland,Mass,2020-12-17,Medium
C002236,Liverpool,North West,Mass,2023-09-04,Low
C002237,Leeds,North,Mass,2018-08-10,Low
C002238,Manchester,North,Mass,2020-01-01,Low
C002239,Leeds,North,Mass,2022-01-19,Low
C002240,Birmingham,Midlands,Mass,2025-04-01,Low
C002241,Liverpool,North West,Mass,2019-09-05,Low
C002242,London,South,Mass,2023-10-06,Low
C002243,Manchester,North,Affluent,2018-08-27,Medium
C002244,Liverpool,North West,Mass,2020-08-18,Medium
C002245,London,South,Affluent,2020-10-02,High
C002246,Leeds,North,Mass,2019-05-07,Medium
C002247,London,South,Mass,2024-12-10,Low
C002248,Leeds,North,Student,2020-01-06,Low
C002249,Bristol,South West,Mass,2018-02-09,Low
C002250,Liverpool,North West,Affluent,2024-01-03,Medium
C002251,Manchester,North,Mass,2021-10-04,Low
C002252,London,South,Mass,2022-04-04,Low
C002253,Glasgow,Scotland,Mass,2020-08-28,Medium
C002254,London,South,Mass,2021-03-28,Low
C002255,Leeds,North,Mass,2020-03-31,Low
C002256,Birmingham,Midlands,Affluent,2023-07-22,Low
C002257,Birmingham,Midlands,Mass,2020-03-30,Medium
C002258,London,South,Student,2018-08-14,Low
C002259,Glasgow,Scotland,Affluent,2023-08-19,Low
C002260,Birmingham,Midlands,Mass,2023-06-10,Medium
C002261,Bristol,South West,Mass,2022-10-31,Medium
C002262,Glasgow,Scotland,Mass,2022-02-13,Medium
C002263,Liverpool,North West,Affluent,2018-08-14,Low
C002264,Bristol,South West,Mass,2022-12-28,Medium
C002265,Edinburgh,Scotland,Affluent,2018-04-23,Medium
C002266,Glasgow,Scotland,Student,2019-12-27,Low
C002267,Manchester,North,Student,2020-10-27,Low
C002268,Bristol,South West,Mass,2022-11-12,Low
C002269,Glasgow,Scotland,Mass,2023-05-29,Medium
C002270,Glasgow,Scotland,Mass,2021-03-29,Low
C002271,Leeds,North,Mass,2023-04-03,Low
C002272,Birmingham,Midlands,Student,2023-11-24,Medium
C002273,Edinburgh,Scotland,Mass,2018-11-18,Low
C002274,Manchester,North,Business,2018-01-29,Medium
C002275,Glasgow,Scotland,Mass,2018-09-25,Low
C002276,Manchester,North,Affluent,2020-10-11,Medium
C002277,Liverpool,North West,Mass,2018-02-18,Low
C002278,Manchester,North,Affluent,2020-12-29,Medium
C002279,Birmingham,Midlands,Mass,2024-02-05,Medium
C002280,London,South,Student,2023-10-24,Low
C002281,Bristol,South West,Affluent,2019-02-15,Low
C002282,Bristol,South West,Mass,2022-02-19,Low
C002283,Edinburgh,Scotland,Mass,2018-02-27,Medium
C002284,Bristol,South West,Student,2022-12-15,Low
C002285,Edinburgh,Scotland,Student,2018-06-09,Low
C002286,Manchester,North,Mass,2020-06-11,Medium
C002287,Birmingham,Midlands,Mass,2022-11-05,Low
C002288,Edinburgh,Scotland,Mass,2018-11-10,Low
C002289,Manchester,North,Mass,2022-03-15,Medium
C002290,Bristol,South West,Affluent,2023-03-24,Low
C002291,Manchester,North,Affluent,2023-05-16,Low
C002292,Birmingham,Midlands,Mass,2022-06-10,Low
C002293,Bristol,South West,Mass,2023-10-12,Low
C002294,Liverpool,North West,Student,2018-02-25,Low
C002295,Birmingham,Midlands,Student,2023-12-03,Low
C002296,London,South,Affluent,2022-07-06,Low
C002297,Liverpool,North West,Mass,2019-12-24,Low
C002298,Manchester,North,Mass,2025-08-08,Medium
C002299,London,South,Mass,2020-08-31,Medium
C002300,Birmingham,Midlands,Mass,2020-11-17,Medium
C002301,Edinburgh,Scotland,Mass,2022-10-30,Low
C002302,Liverpool,North West,Mass,2024-02-16,Low
C002303,Birmingham,Midlands,Mass,2019-02-17,Low
C002304,Manchester,North,Mass,2025-01-15,Low
C002305,Liverpool,North West,Mass,2018-04-11,Medium
C002306,Manchester,North,Student,2023-10-28,Medium
C002307,Leeds,North,Mass,2022-03-29,Low
C002308,Leeds,North,Business,2025-01-22,Low
C002309,Manchester,North,Mass,2022-03-12,Medium
C002310,Leeds,North,Mass,2019-08-21,Medium
C002311,Liverpool,North West,Mass,2021-11-29,Medium
C002312,Bristol,South West,Mass,2024-12-20,Low
C002313,Liverpool,North West,Mass,2018-01-15,Medium
C002314,Manchester,North,Student,2021-09-16,Low
C002315,Leeds,North,Mass,2019-05-31,Low
C002316,Leeds,North,Mass,2018-03-03,Low
C002317,Birmingham,Midlands,Mass,2024-04-25,High
C002318,Edinburgh,Scotland,Affluent,2021-01-14,Low
C002319,Edinburgh,Scotland,Affluent,2020-11-03,Low
C002320,Manchester,North,Mass,2025-03-24,Low
C002321,Leeds,North,Mass,2020-04-14,Low
C002322,Manchester,North,Mass,2024-06-24,Low
C002323,Manchester,North,Affluent,2024-09-16,Medium
C002324,Leeds,North,Student,2023-12-25,Low
C002325,Manchester,North,Mass,2025-03-19,Medium
C002326,Liverpool,North West,Affluent,2020-04-25,Low
C002327,Leeds,North,Mass,2018-09-23,Low
C002328,Birmingham,Midlands,Mass,2025-08-21,Low
C002329,Leeds,North,Mass,2022-07-28,Low
C002330,Edinburgh,Scotland,Student,2018-08-17,Low
C002331,Edinburgh,Scotland,Mass,2025-06-15,Low
C002332,Glasgow,Scotland,Mass,2023-07-01,Low
C002333,Glasgow,Scotland,Mass,2018-11-22,Low
C002334,Birmingham,Midlands,Mass,2024-05-01,Low
C002335,Edinburgh,Scotland,Student,2021-05-12,Low
C002336,Leeds,North,Mass,2018-08-28,Low
C002337,Glasgow,Scotland,Business,2024-06-30,Low
C002338,Leeds,North,Mass,2022-03-29,Low
C002339,Glasgow,Scotland,Mass,2019-02-05,Low
C002340,Edinburgh,Scotland,Mass,2018-08-14,Low
C002341,Liverpool,North West,Business,2021-07-04,Low
C002342,Glasgow,Scotland,Mass,2019-08-24,Medium
C002343,Bristol,South West,Affluent,2023-07-04,Low
C002344,Bristol,South West,Mass,2025-05-31,Low
C002345,Birmingham,Midlands,Mass,2025-06-03,Low
C002346,Liverpool,North West,Mass,2021-09-06,Low
C002347,Leeds,North,Mass,2024-12-07,Low
C002348,London,South,Mass,2018-03-13,Low
C002349,Edinburgh,Scotland,Mass,2021-05-13,Medium
C002350,Edinburgh,Scotland,Mass,2021-04-26,Low
C002351,Liverpool,North West,Mass,2019-05-08,Low
C002352,Liverpool,North West,Student,2025-02-05,Low
C002353,Glasgow,Scotland,Mass,2024-03-23,Low
C002354,Glasgow,Scotland,Mass,2021-02-11,Medium
C002355,London,South,Student,2021-03-13,Low
C002356,Glasgow,Scotland,Mass,2022-02-12,Low
C002357,Manchester,North,Mass,2023-03-25,Medium
C002358,Liverpool,North West,Student,2022-09-26,Low
C002359,Bristol,South West,Student,2022-09-09,Low
C002360,Edinburgh,Scotland,Mass,2021-06-25,Low
C002361,Edinburgh,Scotland,Mass,2023-07-27,Low
C002362,Birmingham,Midlands,Business,2024-12-18,Low
C002363,London,South,Affluent,2022-01-09,Medium
C002364,Edinburgh,Scotland,Student,2024-09-25,Low
C002365,Manchester,North,Mass,2025-08-28,Medium
C002366,Edinburgh,Scotland,Mass,2022-11-20,Low
C002367,Bristol,South West,Mass,2023-07-23,Low
C002368,Manchester,North,Mass,2020-05-24,Low
C002369,Glasgow,Scotland,Mass,2023-01-20,Low
C002370,Leeds,North,Mass,2022-06-10,High
C002371,Bristol,South West,Mass,2024-07-22,Low
C002372,Leeds,North,Mass,2024-12-05,Low
C002373,Liverpool,North West,Mass,2022-10-10,Low
C002374,Birmingham,Midlands,Student,2019-08-18,Low
C002375,Manchester,North,Affluent,2024-07-24,High
C002376,Birmingham,Midlands,Mass,2019-11-25,Low
C002377,Edinburgh,Scotland,Student,2021-10-08,Low
C002378,London,South,Mass,2018-02-12,Low
C002379,Liverpool,North West,Affluent,2021-01-08,Medium
C002380,Manchester,North,Mass,2018-03-08,Low
C002381,Leeds,North,Mass,2019-06-20,Low
C002382,Edinburgh,Scotland,Student,2024-01-06,Low
C002383,Manchester,North,Mass,2024-03-26,Low
C002384,Leeds,North,Affluent,2020-10-08,Low
C002385,London,South,Mass,2021-01-02,Low
C002386,Bristol,South West,Mass,2025-08-31,Medium
C002387,London,South,Affluent,2018-06-12,Low
C002388,Leeds,North,Business,2024-02-22,Low
C002389,Leeds,North,Mass,2022-05-02,Medium
C002390,Edinburgh,Scotland,Mass,2023-12-30,High
C002391,Bristol,South West,Mass,2020-09-25,Low
C002392,Edinburgh,Scotland,Affluent,2019-01-08,Low
C002393,London,South,Affluent,2022-09-08,Low
C002394,Bristol,South West,Mass,2019-12-18,Low
C002395,London,South,Student,2023-09-02,Low
C002396,Birmingham,Midlands,Student,2020-11-30,Low
C002397,Leeds,North,Mass,2022-01-02,Low
C002398,Manchester,North,Mass,2018-12-16,Low
C002399,Glasgow,Scotland,Mass,2023-09-28,Low
C002400,Leeds,North,Mass,2024-12-27,Low
C002401,Leeds,North,Student,2019-06-10,Low
C002402,London,South,Mass,2018-10-09,Medium
C002403,Edinburgh,Scotland,Business,2020-02-20,Low
C002404,Edinburgh,Scotland,Affluent,2025-08-13,Low
C002405,Liverpool,North West,Student,2019-09-12,Low
C002406,Bristol,South West,Business,2025-01-11,Low
C002407,Leeds,North,Mass,2019-08-13,Medium
C002408,Liverpool,North West,Affluent,2021-08-25,Low
C002409,Glasgow,Scotland,Mass,2019-09-24,Low
C002410,Manchester,North,Mass,2025-08-10,Low
C002411,Edinburgh,Scotland,Business,2020-03-04,Medium
C002412,Leeds,North,Affluent,2020-06-08,Low
C002413,Bristol,South West,Mass,2019-10-02,Low
C002414,London,South,Mass,2024-06-28,Low
C002415,Manchester,North,Mass,2024-07-20,Low
C002416,London,South,Affluent,2025-02-17,Low
C002417,Bristol,South West,Mass,2019-05-26,Low
C002418,Edinburgh,Scotland,Affluent,2020-11-26,Low
C002419,Bristol,South West,Affluent,2020-08-28,Low
C002420,Glasgow,Scotland,Mass,2022-10-22,Low
C002421,Glasgow,Scotland,Mass,2022-03-19,Low
C002422,Glasgow,Scotland,Affluent,2021-01-24,Low
C002423,Liverpool,North West,Business,2023-03-10,Medium
C002424,Birmingham,Midlands,Business,2022-11-18,Low
C002425,Edinburgh,Scotland,Mass,2020-11-05,Low
C002426,Glasgow,Scotland,Mass,2022-12-11,Low
C002427,Liverpool,North West,Mass,2021-11-11,Low
C002428,Edinburgh,Scotland,Student,2020-02-07,Low
C002429,Liverpool,North West,Affluent,2020-03-08,Low
C002430,Liverpool,North West,Mass,2025-05-25,Low
C002431,Manchester,North,Mass,2022-08-31,Medium
C002432,London,South,Mass,2020-12-06,Low
C002433,Leeds,North,Affluent,2021-11-10,Low
C002434,Birmingham,Midlands,Business,2023-12-04,Low
C002435,Birmingham,Midlands,Student,2024-06-18,Low
C002436,Bristol,South West,Business,2020-12-11,Low
C002437,Birmingham,Midlands,Mass,2023-06-13,Low
C002438,Leeds,North,Mass,2018-12-02,Medium
C002439,Leeds,North,Business,2020-01-14,Low
C002440,Liverpool,North West,Mass,2019-05-12,Low
C002441,Edinburgh,Scotland,Mass,2021-04-13,Low
C002442,London,South,Affluent,2022-12-18,Low
C002443,Glasgow,Scotland,Affluent,2019-11-01,Low
C002444,Liverpool,North West,Mass,2023-10-21,Low
C002445,Manchester,North,Student,2019-12-11,Medium
C002446,London,South,Affluent,2025-07-22,Low
C002447,London,South,Mass,2020-11-14,Low
C002448,Birmingham,Midlands,Mass,2021-01-08,Low
C002449,Bristol,South West,Mass,2019-04-28,Medium
C002450,Leeds,North,Mass,2018-07-22,Low
C002451,Manchester,North,Business,2020-06-13,Low
C002452,Edinburgh,Scotland,Mass,2022-04-09,Low
C002453,Edinburgh,Scotland,Affluent,2024-08-28,Low
C002454,Glasgow,Scotland,Affluent,2021-06-19,Low
C002455,Liverpool,North West,Mass,2023-02-12,Low
C002456,Bristol,South West,Mass,2019-07-08,Low
C002457,Birmingham,Midlands,Mass,2022-08-01,Low
C002458,Leeds,North,Mass,2025-05-09,Low
C002459,Manchester,North,Business,2022-07-14,Low
C002460,Leeds,North,Affluent,2018-07-12,Low
C002461,Bristol,South West,Affluent,2022-11-22,Low
C002462,Edinburgh,Scotland,Mass,2021-02-02,Medium
C002463,Glasgow,Scotland,Student,2025-04-26,Low
C002464,Leeds,North,Affluent,2019-04-18,Low
C002465,Birmingham,Midlands,Mass,2022-01-19,Low
C002466,Leeds,North,Mass,2021-12-30,Medium
C002467,Manchester,North,Affluent,2020-04-21,Low
C002468,Liverpool,North West,Affluent,2023-01-11,Low
C002469,London,South,Affluent,2021-06-16,Low
C002470,Birmingham,Midlands,Student,2021-11-06,Low
C002471,Birmingham,Midlands,Student,2025-03-19,Low
C002472,Leeds,North,Student,2025-03-16,Low
C002473,London,South,Mass,2023-11-07,Low
C002474,Bristol,South West,Mass,2018-09-06,Low
C002475,Edinburgh,Scotland,Mass,2020-02-29,Low
C002476,Glasgow,Scotland,Mass,2019-11-24,Low
C002477,Glasgow,Scotland,Affluent,2022-08-09,Low
C002478,Edinburgh,Scotland,Mass,2024-09-22,Medium
C002479,Glasgow,Scotland,Business,2019-11-15,Low
C002480,Edinburgh,Scotland,Student,2021-09-28,Medium
C002481,Edinburgh,Scotland,Mass,2018-02-07,Low
C002482,Glasgow,Scotland,Mass,2020-09-14,Medium
C002483,Leeds,North,Mass,2024-05-20,Low
C002484,Leeds,North,Mass,2024-04-01,Low
C002485,London,South,Business,2022-05-25,Low
C002486,Manchester,North,Mass,2019-11-02,Medium
C002487,Birmingham,Midlands,Mass,2022-05-20,High
C002488,Edinburgh,Scotland,Affluent,2018-09-08,Medium
C002489,Edinburgh,Scotland,Mass,2020-11-13,Low
C002490,London,South,Mass,2020-11-30,Medium
C002491,Birmingham,Midlands,Mass,2020-01-28,Medium
C002492,Liverpool,North West,Mass,2020-04-26,Medium
C002493,Edinburgh,Scotland,Mass,2018-11-24,Medium
C002494,Birmingham,Midlands,Mass,2018-11-28,Low
C002495,Edinburgh,Scotland,Mass,2020-06-15,Low
C002496,London,South,Mass,2019-07-06,Low
C002497,Birmingham,Midlands,Business,2023-01-20,Low
C002498,Bristol,South West,Mass,2025-04-13,Medium
C002499,Edinburgh,Scotland,Mass,2018-06-22,Low
C002500,Liverpool,North West,Mass,2018-10-25,Low
C002501,Bristol,South West,Business,2020-02-19,Low
C002502,Birmingham,Midlands,Affluent,2018-04-14,Low
C002503,Leeds,North,Affluent,2022-02-14,Low
C002504,Edinburgh,Scotland,Mass,2018-01-11,Low
C002505,Leeds,North,Mass,2019-05-27,Low
C002506,Glasgow,Scotland,Student,2021-10-18,Low
C002507,London,South,Mass,2022-06-09,Low
C002508,Edinburgh,Scotland,Mass,2018-09-16,Low
C002509,Birmingham,Midlands,Affluent,2021-08-22,Medium
C002510,Birmingham,Midlands,Affluent,2022-05-21,Low
C002511,Bristol,South West,Affluent,2022-02-16,Low
C002512,Leeds,North,Business,2019-04-29,Low
C002513,Edinburgh,Scotland,Mass,2023-12-02,Low
C002514,Liverpool,North West,Business,2022-12-05,Low
C002515,Edinburgh,Scotland,Mass,2020-11-03,Low
C002516,London,South,Mass,2022-05-12,Medium
C002517,Liverpool,North West,Mass,2019-02-05,Low
C002518,Liverpool,North West,Business,2020-01-04,Low
C002519,Birmingham,Midlands,Student,2023-06-27,Low
C002520,Edinburgh,Scotland,Mass,2021-10-20,Low
C002521,Bristol,South West,Mass,2024-01-12,Low
C002522,Manchester,North,Mass,2024-10-12,Medium
C002523,Edinburgh,Scotland,Mass,2022-10-21,Low
C002524,Glasgow,Scotland,Student,2021-07-17,Low
C002525,London,South,Affluent,2019-09-15,Medium
C002526,Bristol,South West,Mass,2024-10-17,Low
C002527,Manchester,North,Business,2019-05-19,Low
C002528,Birmingham,Midlands,Mass,2024-04-08,Medium
C002529,Edinburgh,Scotland,Mass,2022-03-30,Low
C002530,Birmingham,Midlands,Mass,2018-05-11,Low
C002531,Leeds,North,Affluent,2024-08-20,Medium
C002532,Manchester,North,Affluent,2019-12-18,Low
C002533,Birmingham,Midlands,Student,2018-08-27,High
C002534,Bristol,South West,Mass,2022-09-18,Low
C002535,Edinburgh,Scotland,Affluent,2018-12-22,Low
C002536,Leeds,North,Mass,2024-11-12,Medium
C002537,Birmingham,Midlands,Affluent,2020-12-12,Low
C002538,Birmingham,Midlands,Affluent,2021-11-29,Low
C002539,Leeds,North,Mass,2024-08-14,Low
C002540,Birmingham,Midlands,Affluent,2022-01-08,High
C002541,Liverpool,North West,Mass,2022-12-31,Low
C002542,Leeds,North,Mass,2018-11-07,Low
C002543,Edinburgh,Scotland,Mass,2025-03-09,Low
C002544,Manchester,North,Mass,2020-05-14,Low
C002545,Birmingham,Midlands,Business,2021-01-31,Low
C002546,Edinburgh,Scotland,Affluent,2023-12-18,Medium
C002547,Bristol,South West,Mass,2022-04-19,Low
C002548,Glasgow,Scotland,Mass,2018-06-26,High
C002549,London,South,Mass,2023-03-02,Low
C002550,London,South,Mass,2022-02-26,Low
C002551,Edinburgh,Scotland,Mass,2023-04-01,Medium
C002552,Glasgow,Scotland,Mass,2021-09-25,Low
C002553,Glasgow,Scotland,Mass,2019-05-20,Low
C002554,Glasgow,Scotland,Mass,2024-02-12,Low
C002555,Glasgow,Scotland,Mass,2019-06-05,High
C002556,Glasgow,Scotland,Mass,2025-03-18,Low
C002557,Edinburgh,Scotland,Mass,2018-01-02,Low
C002558,London,South,Business,2019-03-31,Low
C002559,Glasgow,Scotland,Mass,2018-07-11,Low
C002560,Liverpool,North West,Student,2022-06-05,Low
C002561,Edinburgh,Scotland,Affluent,2020-02-11,Low
C002562,Edinburgh,Scotland,Mass,2018-12-10,Low
C002563,Birmingham,Midlands,Mass,2019-09-27,Low
C002564,Leeds,North,Mass,2024-09-06,Low
C002565,Birmingham,Midlands,Mass,2022-05-31,Low
C002566,London,South,Mass,2020-01-20,Medium
C002567,London,South,Business,2019-07-09,Low
C002568,Edinburgh,Scotland,Mass,2023-05-23,Medium
C002569,Bristol,South West,Mass,2023-10-11,Medium
C002570,Birmingham,Midlands,Mass,2020-02-15,Low
C002571,London,South,Mass,2018-07-04,Medium
C002572,Edinburgh,Scotland,Mass,2022-08-29,Medium
C002573,Glasgow,Scotland,Mass,2018-11-21,Low
C002574,Birmingham,Midlands,Mass,2020-12-10,Low
C002575,Glasgow,Scotland,Mass,2021-04-12,Low
C002576,Edinburgh,Scotland,Student,2019-10-30,Low
C002577,Manchester,North,Business,2021-01-20,Low
C002578,London,South,Mass,2020-08-17,Medium
C002579,Leeds,North,Mass,2020-10-27,Low
C002580,Liverpool,North West,Student,2020-10-13,Low
C002581,Leeds,North,Student,2021-07-07,Low
C002582,Liverpool,North West,Mass,2021-11-30,Low
C002583,Leeds,North,Student,2023-08-04,Low
C002584,London,South,Mass,2018-08-21,Medium
C002585,Bristol,South West,Affluent,2021-07-16,Low
C002586,Leeds,North,Mass,2018-01-07,High
C002587,Manchester,North,Mass,2018-07-02,Low
C002588,London,South,Mass,2024-07-20,Medium
C002589,Leeds,North,Mass,2021-02-10,Low
C002590,Leeds,North,Student,2019-04-03,High
C002591,Liverpool,North West,Mass,2018-10-28,High
C002592,Manchester,North,Mass,2020-09-12,Low
C002593,Manchester,North,Mass,2018-08-16,Low
C002594,Bristol,South West,Mass,2019-05-29,Medium
C002595,Leeds,North,Student,2022-03-28,Low
C002596,Glasgow,Scotland,Mass,2021-06-08,Low
C002597,Liverpool,North West,Affluent,2019-03-10,Low
C002598,Leeds,North,Mass,2022-10-16,Low
C002599,Birmingham,Midlands,Student,2019-01-05,Low
C002600,London,South,Mass,2022-11-04,Medium
C002601,London,South,Mass,2024-08-21,Low
C002602,London,South,Mass,2020-08-16,Low
C002603,Manchester,North,Business,2024-08-13,Medium
C002604,Leeds,North,Student,2025-07-06,High
C002605,Liverpool,North West,Business,2018-06-08,High
C002606,Liverpool,North West,Affluent,2021-10-23,Low
C002607,Glasgow,Scotland,Mass,2020-04-26,Low
C002608,Birmingham,Midlands,Affluent,2023-07-29,Low
C002609,Edinburgh,Scotland,Mass,2024-09-06,Low
C002610,Liverpool,North West,Mass,2021-08-08,Low
C002611,Glasgow,Scotland,Mass,2023-02-23,Low
C002612,Liverpool,North West,Mass,2020-10-06,Low
C002613,Glasgow,Scotland,Mass,2020-07-25,Medium
C002614,Edinburgh,Scotland,Student,2025-06-10,Low
C002615,Bristol,South West,Student,2023-04-16,Low
C002616,Leeds,North,Student,2020-12-15,Low
C002617,London,South,Student,2024-10-02,Medium
C002618,Glasgow,Scotland,Mass,2024-02-06,High
C002619,Leeds,North,Affluent,2023-02-04,Medium
C002620,Bristol,South West,Student,2021-10-17,Low
C002621,Birmingham,Midlands,Mass,2024-05-29,Low
C002622,Leeds,North,Mass,2021-02-28,Medium
C002623,London,South,Mass,2024-11-30,Low
C002624,Leeds,North,Mass,2020-08-05,Low
C002625,London,South,Student,2023-08-18,Low
C002626,Manchester,North,Affluent,2020-12-28,Medium
C002627,Bristol,South West,Mass,2022-03-04,High
C002628,Leeds,North,Affluent,2019-05-24,Low
C002629,London,South,Mass,2021-12-15,Medium
C002630,Edinburgh,Scotland,Mass,2025-03-16,Low
C002631,Edinburgh,Scotland,Mass,2020-06-06,Low
C002632,Liverpool,North West,Mass,2025-08-17,Medium
C002633,Manchester,North,Mass,2021-01-12,Low
C002634,Glasgow,Scotland,Student,2022-03-15,Low
C002635,Birmingham,Midlands,Mass,2022-04-06,Low
C002636,Bristol,South West,Student,2024-12-01,Medium
C002637,Edinburgh,Scotland,Business,2022-11-09,Low
C002638,Leeds,North,Mass,2024-09-21,Medium
C002639,Edinburgh,Scotland,Mass,2024-12-18,Low
C002640,Glasgow,Scotland,Mass,2020-06-28,Medium
C002641,Edinburgh,Scotland,Affluent,2021-08-20,Low
C002642,Manchester,North,Mass,2022-10-29,Low
C002643,Bristol,South West,Affluent,2020-08-12,Low
C002644,Manchester,North,Mass,2023-08-16,Medium
C002645,Edinburgh,Scotland,Business,2022-08-02,High
C002646,Leeds,North,Affluent,2018-10-24,Low
C002647,Manchester,North,Affluent,2023-11-01,High
C002648,Birmingham,Midlands,Business,2019-05-03,Medium
C002649,Edinburgh,Scotland,Mass,2024-03-14,Low
C002650,Edinburgh,Scotland,Mass,2022-12-29,Low
C002651,Liverpool,North West,Mass,2023-08-11,Low
C002652,Leeds,North,Affluent,2024-03-02,High
C002653,Liverpool,North West,Mass,2018-02-19,High
C002654,Liverpool,North West,Mass,2020-12-22,Low
C002655,Edinburgh,Scotland,Mass,2021-08-28,Low
C002656,Manchester,North,Business,2023-01-05,Low
C002657,Liverpool,North West,Mass,2023-06-09,Medium
C002658,London,South,Mass,2021-08-01,Low
C002659,Glasgow,Scotland,Mass,2025-07-15,Low
C002660,Manchester,North,Mass,2021-12-01,Low
C002661,London,South,Mass,2022-09-27,Low
C002662,Edinburgh,Scotland,Affluent,2020-07-15,Low
C002663,Edinburgh,Scotland,Mass,2025-08-20,Low
C002664,Glasgow,Scotland,Mass,2019-05-21,High
C002665,Liverpool,North West,Mass,2023-05-23,Medium
C002666,Liverpool,North West,Affluent,2021-09-26,Low
C002667,Edinburgh,Scotland,Affluent,2022-01-19,Low
C002668,Bristol,South West,Affluent,2021-06-11,Low
C002669,Edinburgh,Scotland,Student,2022-06-08,Low
C002670,Glasgow,Scotland,Student,2020-08-04,Low
C002671,Liverpool,North West,Mass,2023-08-18,Medium
C002672,Birmingham,Midlands,Mass,2019-10-12,Low
C002673,London,South,Student,2022-02-13,Low
C002674,Leeds,North,Mass,2024-11-22,Low
C002675,Edinburgh,Scotland,Mass,2025-06-05,Low
C002676,Manchester,North,Mass,2022-08-15,Low
C002677,Bristol,South West,Mass,2022-11-11,Low
C002678,Bristol,South West,Mass,2022-01-06,Low
C002679,Liverpool,North West,Mass,2024-01-30,Low
C002680,Liverpool,North West,Mass,2018-07-17,Low
C002681,Glasgow,Scotland,Mass,2018-06-04,Low
C002682,Glasgow,Scotland,Mass,2019-01-26,Low
C002683,Leeds,North,Mass,2019-04-17,Low
C002684,Glasgow,Scotland,Affluent,2023-09-10,Low
C002685,London,South,Mass,2018-02-09,Low
C002686,London,South,Business,2021-01-27,Low
C002687,Glasgow,Scotland,Affluent,2018-08-17,Low
C002688,London,South,Mass,2018-07-11,Low
C002689,Manchester,North,Mass,2019-05-13,Low
C002690,Bristol,South West,Mass,2018-07-01,Low
C002691,Bristol,South West,Mass,2018-09-04,Low
C002692,Bristol,South West,Mass,2023-09-12,Low
C002693,Glasgow,Scotland,Affluent,2022-03-12,Low
C002694,Glasgow,Scotland,Mass,2021-03-16,Low
C002695,Leeds,North,Mass,2018-07-12,Low
C002696,London,South,Affluent,2025-02-06,Low
C002697,London,South,Mass,2020-01-15,Low
C002698,Liverpool,North West,Business,2019-10-25,Low
C002699,Edinburgh,Scotland,Mass,2019-07-19,Medium
C002700,Leeds,North,Student,2025-02-11,Low
C002701,Glasgow,Scotland,Mass,2023-06-16,Low
C002702,Manchester,North,Student,2019-09-07,Low
C002703,Bristol,South West,Mass,2021-09-17,Medium
C002704,Bristol,South West,Mass,2022-06-18,Low
C002705,London,South,Mass,2025-08-21,Low
C002706,Manchester,North,Business,2022-06-06,Low
C002707,Liverpool,North West,Mass,2021-02-03,Low
C002708,Birmingham,Midlands,Mass,2019-11-10,Low
C002709,Liverpool,North West,Student,2023-10-11,Low
C002710,Bristol,South West,Mass,2021-10-02,Low
C002711,Glasgow,Scotland,Business,2019-12-25,Medium
C002712,Edinburgh,Scotland,Mass,2023-04-27,Low
C002713,Manchester,North,Mass,2018-11-11,Low
C002714,Manchester,North,Business,2022-05-08,Medium
C002715,Bristol,South West,Mass,2018-12-22,Low
C002716,Leeds,North,Student,2021-05-20,Low
C002717,Edinburgh,Scotland,Affluent,2023-07-04,Low
C002718,Manchester,North,Mass,2021-02-15,Low
C002719,Edinburgh,Scotland,Mass,2025-02-22,Low
C002720,Manchester,North,Student,2023-03-16,Medium
C002721,Liverpool,North West,Business,2021-03-12,Low
C002722,London,South,Mass,2022-04-11,Low
C002723,Glasgow,Scotland,Mass,2025-04-30,Medium
C002724,Bristol,South West,Student,2022-05-24,Low
C002725,Bristol,South West,Mass,2020-08-16,Low
C002726,Birmingham,Midlands,Affluent,2023-09-29,High
C002727,Glasgow,Scotland,Mass,2021-06-25,Medium
C002728,London,South,Mass,2022-11-29,Medium
C002729,Manchester,North,Affluent,2020-10-06,Low
C002730,Glasgow,Scotland,Mass,2020-08-13,Low
C002731,Edinburgh,Scotland,Mass,2019-01-16,Medium
C002732,Birmingham,Midlands,Affluent,2021-04-20,Medium
C002733,Edinburgh,Scotland,Mass,2020-07-17,Low
C002734,London,South,Mass,2022-04-14,Low
C002735,Edinburgh,Scotland,Mass,2020-07-26,Medium
C002736,Glasgow,Scotland,Mass,2023-07-26,Low
C002737,Glasgow,Scotland,Mass,2025-08-27,High
C002738,Edinburgh,Scotland,Mass,2020-03-15,Low
C002739,London,South,Mass,2018-04-02,Medium
C002740,London,South,Business,2022-10-14,Low
C002741,Bristol,South West,Mass,2024-04-16,Medium
C002742,Bristol,South West,Affluent,2024-05-02,Medium
C002743,Manchester,North,Student,2018-01-05,Medium
C002744,Edinburgh,Scotland,Mass,2018-08-23,Low
C002745,Edinburgh,Scotland,Mass,2022-02-26,Low
C002746,Leeds,North,Affluent,2023-05-20,Low
C002747,Leeds,North,Mass,2018-07-10,Low
C002748,London,South,Mass,2020-06-11,Medium
C002749,Leeds,North,Mass,2022-11-19,Low
C002750,Leeds,North,Mass,2020-09-06,Low
C002751,Bristol,South West,Business,2018-10-06,Low
C002752,Liverpool,North West,Mass,2022-05-06,Low
C002753,Birmingham,Midlands,Mass,2021-07-14,Medium
C002754,Edinburgh,Scotland,Business,2024-02-25,Low
C002755,Edinburgh,Scotland,Mass,2024-03-06,Low
C002756,Birmingham,Midlands,Mass,2024-03-25,High
C002757,Bristol,South West,Student,2022-10-19,Low
C002758,Leeds,North,Mass,2019-09-23,Low
C002759,Manchester,North,Mass,2019-08-13,Low
C002760,Leeds,North,Mass,2022-05-13,Low
C002761,Edinburgh,Scotland,Affluent,2019-02-11,Low
C002762,Glasgow,Scotland,Mass,2019-11-16,Low
C002763,London,South,Student,2023-04-18,Medium
C002764,Bristol,South West,Student,2018-04-14,High
C002765,London,South,Mass,2019-12-08,Low
C002766,Liverpool,North West,Affluent,2020-04-10,Low
C002767,Liverpool,North West,Mass,2023-08-14,Low
C002768,Bristol,South West,Business,2020-02-18,Low
C002769,Edinburgh,Scotland,Business,2018-11-18,Low
C002770,London,South,Affluent,2022-01-10,Low
C002771,Leeds,North,Affluent,2024-03-14,Medium
C002772,London,South,Mass,2019-03-22,Low
C002773,Manchester,North,Mass,2022-01-01,Medium
C002774,Birmingham,Midlands,Affluent,2019-08-08,Low
C002775,Glasgow,Scotland,Mass,2023-09-25,Medium
C002776,Liverpool,North West,Mass,2024-08-15,Low
C002777,Leeds,North,Affluent,2021-04-11,High
C002778,Liverpool,North West,Mass,2022-08-16,Medium
C002779,Glasgow,Scotland,Mass,2025-08-11,Low
C002780,London,South,Mass,2022-04-28,Low
C002781,Glasgow,Scotland,Mass,2018-06-09,Low
C002782,Manchester,North,Mass,2024-09-24,Low
C002783,Birmingham,Midlands,Mass,2018-08-04,Low
C002784,Liverpool,North West,Mass,2021-04-05,Medium
C002785,Bristol,South West,Affluent,2023-07-20,Low
C002786,Bristol,South West,Mass,2022-01-26,Medium
C002787,Birmingham,Midlands,Business,2025-02-17,Low
C002788,Leeds,North,Mass,2020-04-22,Low
C002789,Birmingham,Midlands,Mass,2024-11-30,Low
C002790,Edinburgh,Scotland,Mass,2019-07-30,Medium
C002791,Manchester,North,Mass,2022-05-05,Low
C002792,Bristol,South West,Mass,2018-09-22,Low
C002793,Birmingham,Midlands,Affluent,2024-07-29,Low
C002794,Leeds,North,Affluent,2020-05-12,Low
C002795,Edinburgh,Scotland,Affluent,2020-02-25,Low
C002796,Birmingham,Midlands,Affluent,2021-01-03,Medium
C002797,London,South,Mass,2023-02-18,Low
C002798,Leeds,North,Student,2018-09-21,Medium
C002799,Bristol,South West,Mass,2022-09-29,Low
C002800,Bristol,South West,Mass,2021-03-24,Medium
C002801,Manchester,North,Business,2021-10-21,Low
C002802,Edinburgh,Scotland,Mass,2021-04-27,Low
C002803,Birmingham,Midlands,Affluent,2021-01-05,Low
C002804,Liverpool,North West,Mass,2023-05-22,Low
C002805,Liverpool,North West,Mass,2024-01-04,Low
C002806,Edinburgh,Scotland,Mass,2022-12-21,Low
C002807,Leeds,North,Mass,2023-09-14,Low
C002808,Glasgow,Scotland,Mass,2024-11-16,Low
C002809,Manchester,North,Business,2019-10-20,Low
C002810,Birmingham,Midlands,Mass,2023-05-19,Low
C002811,Leeds,North,Mass,2020-07-09,Medium
C002812,Edinburgh,Scotland,Mass,2022-02-10,Low
C002813,Glasgow,Scotland,Mass,2023-06-29,Medium
C002814,London,South,Business,2023-03-03,Low
C002815,Glasgow,Scotland,Affluent,2021-01-03,Low
C002816,Edinburgh,Scotland,Mass,2019-01-10,Low
C002817,Birmingham,Midlands,Mass,2024-11-08,Low
C002818,Liverpool,North West,Student,2020-08-22,Medium
C002819,Bristol,South West,Mass,2024-10-03,Medium
C002820,Liverpool,North West,Mass,2025-08-22,Low
C002821,London,South,Student,2021-08-02,Low
C002822,Edinburgh,Scotland,Affluent,2024-04-15,Low
C002823,Glasgow,Scotland,Mass,2018-01-23,Low
C002824,Edinburgh,Scotland,Student,2022-06-19,Medium
C002825,Edinburgh,Scotland,Mass,2025-01-06,Low
C002826,Bristol,South West,Mass,2020-05-12,Low
C002827,Edinburgh,Scotland,Student,2021-10-15,Low
C002828,Leeds,North,Affluent,2022-12-10,Medium
C002829,Edinburgh,Scotland,Mass,2025-02-06,Low
C002830,London,South,Student,2019-08-05,Low
C002831,Glasgow,Scotland,Mass,2024-12-04,Low
C002832,London,South,Business,2020-10-19,Low
C002833,Leeds,North,Student,2023-02-21,Low
C002834,Manchester,North,Mass,2019-04-05,Low
C002835,Glasgow,Scotland,Mass,2023-02-11,Medium
C002836,Liverpool,North West,Affluent,2025-07-30,Low
C002837,Edinburgh,Scotland,Mass,2020-06-25,Medium
C002838,London,South,Mass,2020-01-12,Low
C002839,Bristol,South West,Mass,2018-04-10,Low
C002840,Manchester,North,Mass,2021-05-23,Low
C002841,Glasgow,Scotland,Business,2022-07-08,Low
C002842,Edinburgh,Scotland,Mass,2021-09-01,Low
C002843,Glasgow,Scotland,Mass,2021-04-01,Low
C002844,Birmingham,Midlands,Mass,2020-03-31,Low
C002845,London,South,Mass,2018-07-29,High
C002846,Manchester,North,Affluent,2022-09-12,Low
C002847,Leeds,North,Business,2025-05-10,Low
C002848,Leeds,North,Mass,2018-03-17,Low
C002849,Bristol,South West,Mass,2024-06-13,Medium
C002850,London,South,Student,2023-02-15,Low
C002851,London,South,Affluent,2018-11-20,Low
C002852,Liverpool,North West,Affluent,2024-05-03,Low
C002853,Edinburgh,Scotland,Mass,2023-11-11,Low
C002854,Leeds,North,Mass,2018-09-14,Low
C002855,Glasgow,Scotland,Business,2022-12-07,Low
C002856,Manchester,North,Affluent,2025-06-20,Low
C002857,London,South,Mass,2021-02-11,Low
C002858,Edinburgh,Scotland,Mass,2021-04-20,Medium
C002859,Birmingham,Midlands,Mass,2020-08-10,Medium
C002860,Leeds,North,Mass,2025-08-09,Medium
C002861,London,South,Mass,2018-09-09,Medium
C002862,Manchester,North,Business,2018-01-12,Low
C002863,Edinburgh,Scotland,Student,2022-05-29,Medium
C002864,Edinburgh,Scotland,Mass,2024-02-02,Low
C002865,Glasgow,Scotland,Student,2021-07-05,Low
C002866,Glasgow,Scotland,Mass,2018-02-06,Medium
C002867,Leeds,North,Mass,2020-01-24,High
C002868,Liverpool,North West,Affluent,2019-08-27,Low
C002869,Liverpool,North West,Mass,2018-03-22,Low
C002870,Birmingham,Midlands,Mass,2023-08-30,Medium
C002871,Manchester,North,Mass,2020-03-08,High
C002872,Manchester,North,Mass,2024-11-10,Medium
C002873,Glasgow,Scotland,Mass,2022-12-05,Low
C002874,London,South,Mass,2018-10-26,Low
C002875,Leeds,North,Mass,2023-03-01,Low
C002876,Edinburgh,Scotland,Affluent,2019-09-10,Low
C002877,Birmingham,Midlands,Affluent,2024-12-15,Medium
C002878,London,South,Mass,2023-02-12,Low
C002879,Leeds,North,Affluent,2018-06-08,Medium
C002880,Birmingham,Midlands,Mass,2022-09-24,Medium
C002881,Liverpool,North West,Mass,2021-09-26,Low
C002882,Glasgow,Scotland,Mass,2019-04-07,Low
C002883,Leeds,North,Student,2018-08-02,Low
C002884,Bristol,South West,Business,2018-12-15,Low
C002885,Glasgow,Scotland,Mass,2022-08-17,Low
C002886,Bristol,South West,Mass,2023-11-30,Low
C002887,Bristol,South West,Mass,2021-11-28,Low
C002888,Leeds,North,Affluent,2022-07-14,Medium
C002889,Glasgow,Scotland,Mass,2019-06-05,Low
C002890,Liverpool,North West,Mass,2019-01-26,Low
C002891,Liverpool,North West,Affluent,2021-07-19,Low
C002892,Edinburgh,Scotland,Mass,2018-08-20,Low
C002893,Edinburgh,Scotland,Affluent,2024-09-18,Low
C002894,Liverpool,North West,Mass,2023-08-28,Medium
C002895,Birmingham,Midlands,Student,2023-02-21,Low
C002896,Leeds,North,Affluent,2023-05-01,Low
C002897,Liverpool,North West,Affluent,2020-06-12,Low
C002898,Birmingham,Midlands,Student,2021-03-24,Low
C002899,Liverpool,North West,Mass,2018-07-30,Low
C002900,Liverpool,North West,Student,2022-01-01,Medium
C002901,London,South,Mass,2024-06-01,Medium
C002902,London,South,Mass,2021-08-01,Low
C002903,Edinburgh,Scotland,Mass,2025-07-29,Low
C002904,Edinburgh,Scotland,Business,2020-09-09,Low
C002905,Glasgow,Scotland,Mass,2021-06-17,High
C002906,Leeds,North,Student,2019-02-10,Low
C002907,Glasgow,Scotland,Student,2022-11-29,Medium
C002908,London,South,Business,2025-08-30,Low
C002909,London,South,Mass,2019-08-19,Low
C002910,Manchester,North,Affluent,2025-04-28,Low
C002911,Liverpool,North West,Mass,2023-06-09,Medium
C002912,Leeds,North,Mass,2025-08-23,Low
C002913,Birmingham,Midlands,Mass,2022-06-24,Medium
C002914,Bristol,South West,Mass,2019-09-25,Low
C002915,Glasgow,Scotland,Business,2023-07-27,Medium
C002916,London,South,Business,2024-03-02,Low
C002917,Leeds,North,Mass,2020-06-28,Low
C002918,Manchester,North,Business,2021-10-25,Low
C002919,Liverpool,North West,Mass,2021-10-16,Low
C002920,Glasgow,Scotland,Affluent,2022-11-25,High
C002921,Manchester,North,Mass,2020-11-21,Medium
C002922,Bristol,South West,Mass,2022-08-16,High
C002923,Leeds,North,Student,2021-04-06,Low
C002924,Birmingham,Midlands,Business,2023-07-30,Low
C002925,Manchester,North,Mass,2022-12-24,Low
C002926,Liverpool,North West,Mass,2024-10-05,Low
C002927,Liverpool,North West,Business,2019-10-15,Low
C002928,London,South,Mass,2020-01-27,Low
C002929,Leeds,North,Mass,2022-05-24,Low
C002930,London,South,Affluent,2025-04-10,Low
C002931,London,South,Mass,2025-07-17,Low
C002932,Bristol,South West,Mass,2022-07-13,Low
C002933,Bristol,South West,Mass,2019-07-22,Low
C002934,Liverpool,North West,Mass,2020-05-05,Low
C002935,Leeds,North,Business,2024-06-05,Low
C002936,Manchester,North,Affluent,2018-01-19,Low
C002937,Edinburgh,Scotland,Mass,2022-02-17,Low
C002938,Birmingham,Midlands,Mass,2024-11-14,Low
C002939,London,South,Mass,2019-01-26,Medium
C002940,Bristol,South West,Mass,2025-05-15,Medium
C002941,Glasgow,Scotland,Affluent,2024-12-29,Low
C002942,Edinburgh,Scotland,Mass,2022-04-15,Low
C002943,Bristol,South West,Business,2025-08-24,Low
C002944,Birmingham,Midlands,Mass,2018-03-11,Low
C002945,Manchester,North,Student,2020-11-11,Low
C002946,Glasgow,Scotland,Mass,2018-12-31,Low
C002947,Edinburgh,Scotland,Mass,2019-02-24,Low
C002948,London,South,Mass,2024-07-04,Low
C002949,Leeds,North,Mass,2020-04-09,Low
C002950,Leeds,North,Mass,2023-04-16,Low
C002951,Leeds,North,Mass,2024-07-13,Low
C002952,Bristol,South West,Affluent,2019-04-08,Low
C002953,London,South,Affluent,2021-10-31,Low
C002954,London,South,Mass,2022-05-17,Low
C002955,Edinburgh,Scotland,Student,2020-03-04,Low
C002956,Leeds,North,Mass,2025-02-21,Low
C002957,London,South,Mass,2020-06-08,Low
C002958,Bristol,South West,Mass,2022-07-07,Medium
C002959,London,South,Mass,2018-10-04,Low
C002960,Leeds,North,Mass,2020-02-28,Low
C002961,Glasgow,Scotland,Mass,2022-06-21,Low
C002962,Liverpool,North West,Mass,2020-08-07,Low
C002963,Bristol,South West,Business,2018-12-10,Low
C002964,Leeds,North,Business,2024-12-08,Low
C002965,Bristol,South West,Mass,2020-02-01,Low
C002966,Leeds,North,Mass,2018-03-28,Low
C002967,Bristol,South West,Mass,2023-02-24,Low
C002968,Bristol,South West,Mass,2022-05-21,Low
C002969,Manchester,North,Mass,2023-05-21,Low
C002970,Edinburgh,Scotland,Mass,2022-12-10,Low
C002971,Liverpool,North West,Mass,2025-04-05,Medium
C002972,London,South,Mass,2024-07-01,Low
C002973,Bristol,South West,Affluent,2023-04-18,Medium
C002974,Manchester,North,Mass,2021-08-08,Low
C002975,London,South,Mass,2018-12-24,Low
C002976,Leeds,North,Student,2019-02-27,Low
C002977,Edinburgh,Scotland,Mass,2024-07-19,Medium
C002978,Edinburgh,Scotland,Mass,2019-06-24,Low
C002979,Glasgow,Scotland,Business,2024-02-17,Low
C002980,Manchester,North,Mass,2019-04-18,Low
C002981,Glasgow,Scotland,Student,2019-03-06,Low
C002982,Bristol,South West,Mass,2020-04-07,Low
C002983,Liverpool,North West,Student,2018-12-23,Medium
C002984,Edinburgh,Scotland,Business,2024-01-05,Low
C002985,Edinburgh,Scotland,Mass,2020-05-26,Low
C002986,London,South,Student,2018-08-01,Low
C002987,Birmingham,Midlands,Affluent,2022-04-29,Low
C002988,Liverpool,North West,Mass,2022-04-29,Medium
C002989,Edinburgh,Scotland,Mass,2020-06-01,Low
C002990,Liverpool,North West,Mass,2018-03-24,High
C002991,Bristol,South West,Student,2020-03-04,Low
C002992,Bristol,South West,Business,2019-10-09,High
C002993,Leeds,North,Business,2019-12-14,Low
C002994,London,South,Mass,2021-02-26,Low
C002995,Bristol,South West,Mass,2019-09-12,Medium
C002996,Manchester,North,Mass,2021-02-28,Medium
C002997,Birmingham,Midlands,Business,2022-04-18,Low
C002998,Birmingham,Midlands,Business,2022-01-20,Medium
C002999,Liverpool,North West,Mass,2018-06-03,Medium
C003000,Liverpool,North West,Mass,2018-08-25,Low
C003001,Liverpool,North West,Mass,2018-12-15,High
C003002,Bristol,South West,Mass,2024-07-15,Medium
C003003,Birmingham,Midlands,Mass,2022-04-30,High
C003004,London,South,Mass,2019-09-08,Low
C003005,Manchester,North,Mass,2018-06-26,Low
C003006,Liverpool,North West,Mass,2022-07-09,Low
C003007,Leeds,North,Mass,2023-12-10,Low
C003008,Bristol,South West,Mass,2023-06-15,Medium
C003009,Manchester,North,Mass,2020-09-02,Low
C003010,Leeds,North,Mass,2018-01-01,Low
C003011,Glasgow,Scotland,Affluent,2020-05-11,Medium
C003012,Glasgow,Scotland,Affluent,2020-05-04,Low
C003013,Bristol,South West,Mass,2023-06-07,Low
C003014,Leeds,North,Business,2024-09-05,High
C003015,Leeds,North,Mass,2024-01-18,Low
C003016,Manchester,North,Mass,2018-04-25,Medium
C003017,Bristol,South West,Student,2019-01-17,Low
C003018,London,South,Mass,2025-06-12,Low
C003019,Birmingham,Midlands,Mass,2024-11-10,Low
C003020,Liverpool,North West,Student,2022-06-16,Medium
C003021,Glasgow,Scotland,Business,2025-01-20,Low
C003022,Birmingham,Midlands,Business,2018-01-26,Low
C003023,Birmingham,Midlands,Mass,2018-02-25,Low
C003024,Manchester,North,Mass,2024-12-12,Low
C003025,Leeds,North,Mass,2019-01-28,Medium
C003026,Liverpool,North West,Affluent,2023-06-13,Low
C003027,London,South,Mass,2023-11-28,Low
C003028,Edinburgh,Scotland,Mass,2024-02-09,Low
C003029,Bristol,South West,Student,2019-07-26,Medium
C003030,Leeds,North,Mass,2020-08-03,Low
C003031,Liverpool,North West,Mass,2018-08-23,Medium
C003032,Bristol,South West,Mass,2022-05-30,Medium
C003033,Birmingham,Midlands,Mass,2019-07-31,Low
C003034,Edinburgh,Scotland,Student,2019-11-10,Low
C003035,Birmingham,Midlands,Mass,2024-08-16,Medium
C003036,Leeds,North,Student,2021-09-02,Low
C003037,Birmingham,Midlands,Mass,2020-04-04,Low
C003038,Leeds,North,Business,2019-09-07,Medium
C003039,Birmingham,Midlands,Mass,2023-09-12,Medium
C003040,Glasgow,Scotland,Mass,2023-06-26,Medium
C003041,Glasgow,Scotland,Mass,2019-11-09,Low
C003042,Manchester,North,Mass,2020-12-30,Low
C003043,Bristol,South West,Mass,2022-04-01,Low
C003044,Glasgow,Scotland,Business,2020-08-12,Medium
C003045,Edinburgh,Scotland,Mass,2020-08-16,Medium
C003046,Manchester,North,Mass,2021-01-24,High
C003047,Edinburgh,Scotland,Business,2020-12-24,Medium
C003048,Birmingham,Midlands,Mass,2018-10-02,High
C003049,London,South,Mass,2021-04-06,Low
C003050,Bristol,South West,Mass,2019-09-16,Low
C003051,Edinburgh,Scotland,Student,2024-09-14,Low
C003052,London,South,Mass,2024-03-10,Low
C003053,Leeds,North,Business,2018-01-31,Low
C003054,London,South,Mass,2024-07-30,Low
C003055,London,South,Mass,2022-07-04,Low
C003056,Liverpool,North West,Mass,2023-04-23,Low
C003057,Liverpool,North West,Mass,2018-05-15,Medium
C003058,Liverpool,North West,Mass,2019-03-08,Medium
C003059,Glasgow,Scotland,Business,2019-09-18,Low
C003060,Bristol,South West,Student,2021-08-19,Low
C003061,Birmingham,Midlands,Mass,2020-12-27,Low
C003062,London,South,Mass,2020-11-10,Low
C003063,Glasgow,Scotland,Business,2018-01-03,Low
C003064,Bristol,South West,Mass,2022-06-13,Low
C003065,Birmingham,Midlands,Affluent,2021-05-20,Low
C003066,Leeds,North,Affluent,2019-05-11,Low
C003067,Edinburgh,Scotland,Mass,2021-07-22,Medium
C003068,Liverpool,North West,Mass,2020-07-13,Low
C003069,Edinburgh,Scotland,Mass,2022-07-21,Low
C003070,Edinburgh,Scotland,Student,2024-03-05,Low
C003071,Glasgow,Scotland,Affluent,2024-09-04,Low
C003072,London,South,Mass,2023-09-12,Low
C003073,Glasgow,Scotland,Mass,2020-02-27,Low
C003074,Liverpool,North West,Business,2023-08-26,Low
C003075,Birmingham,Midlands,Mass,2023-10-28,Medium
C003076,Leeds,North,Affluent,2019-07-23,Low
C003077,Glasgow,Scotland,Mass,2024-10-29,Low
C003078,Leeds,North,Affluent,2018-11-14,Low
C003079,Manchester,North,Student,2025-06-27,Low
C003080,Edinburgh,Scotland,Mass,2018-02-14,Medium
C003081,Bristol,South West,Mass,2018-01-22,Low
C003082,Edinburgh,Scotland,Business,2020-02-02,Low
C003083,Leeds,North,Mass,2022-04-26,Medium
C003084,Birmingham,Midlands,Affluent,2024-07-07,Low
C003085,Glasgow,Scotland,Mass,2019-07-24,Low
C003086,Bristol,South West,Business,2019-08-09,Low
C003087,Liverpool,North West,Mass,2025-07-11,Low
C003088,Bristol,South West,Mass,2025-05-14,Low
C003089,Birmingham,Midlands,Affluent,2023-04-04,Medium
C003090,Edinburgh,Scotland,Mass,2020-05-10,Low
C003091,Leeds,North,Mass,2024-10-21,Low
C003092,Liverpool,North West,Mass,2021-10-19,Low
C003093,Manchester,North,Mass,2018-06-06,Low
C003094,Glasgow,Scotland,Mass,2022-05-18,Low
C003095,London,South,Student,2024-01-28,Low
C003096,Bristol,South West,Mass,2024-04-09,Low
C003097,Liverpool,North West,Business,2023-05-21,Medium
C003098,Glasgow,Scotland,Student,2025-08-06,Low
C003099,Bristol,South West,Affluent,2020-12-21,Low
C003100,Glasgow,Scotland,Mass,2020-10-28,Low
C003101,Liverpool,North West,Mass,2019-09-02,Low
C003102,Bristol,South West,Student,2025-01-28,Low
C003103,Glasgow,Scotland,Mass,2020-03-04,Low
C003104,Leeds,North,Mass,2024-01-23,Low
C003105,Birmingham,Midlands,Mass,2020-11-04,Low
C003106,Bristol,South West,Affluent,2020-11-30,Low
C003107,Leeds,North,Business,2023-03-29,Low
C003108,Bristol,South West,Affluent,2019-09-04,Low
C003109,Manchester,North,Student,2021-05-17,Low
C003110,Bristol,South West,Business,2020-01-29,Low
C003111,Leeds,North,Mass,2022-11-24,Low
C003112,Manchester,North,Mass,2022-07-15,Medium
C003113,Bristol,South West,Mass,2021-02-04,Medium
C003114,Liverpool,North West,Affluent,2022-02-27,Low
C003115,Glasgow,Scotland,Mass,2024-11-07,Low
C003116,Manchester,North,Mass,2023-05-23,Low
C003117,Manchester,North,Mass,2025-08-04,Low
C003118,Bristol,South West,Mass,2021-06-21,Medium
C003119,Leeds,North,Business,2020-09-07,Low
C003120,Leeds,North,Mass,2023-10-23,Medium
C003121,Birmingham,Midlands,Mass,2020-06-22,Low
C003122,Leeds,North,Affluent,2023-07-11,Low
C003123,Glasgow,Scotland,Affluent,2025-07-27,Low
C003124,Leeds,North,Mass,2019-01-24,Low
C003125,London,South,Affluent,2019-01-22,Medium
C003126,Birmingham,Midlands,Mass,2024-07-13,Low
C003127,London,South,Mass,2019-10-29,Low
C003128,Leeds,North,Mass,2024-07-06,Medium
C003129,London,South,Mass,2018-07-16,Low
C003130,Edinburgh,Scotland,Mass,2020-04-05,Medium
C003131,Manchester,North,Mass,2022-01-22,Medium
C003132,Liverpool,North West,Business,2022-01-04,Low
C003133,Edinburgh,Scotland,Mass,2025-05-02,Medium
C003134,Glasgow,Scotland,Mass,2025-04-21,Low
C003135,Manchester,North,Student,2020-04-24,Low
C003136,Bristol,South West,Mass,2020-04-17,Low
C003137,Edinburgh,Scotland,Mass,2020-12-24,Medium
C003138,Edinburgh,Scotland,Mass,2023-02-04,Medium
C003139,Manchester,North,Affluent,2021-05-11,Medium
C003140,London,South,Mass,2023-01-28,Medium
C003141,Bristol,South West,Student,2025-02-27,Medium
C003142,Bristol,South West,Affluent,2020-02-20,Low
C003143,Edinburgh,Scotland,Mass,2022-10-17,High
C003144,Edinburgh,Scotland,Mass,2024-10-11,Medium
C003145,Liverpool,North West,Mass,2018-04-04,Medium
C003146,Bristol,South West,Student,2023-07-05,Low
C003147,Bristol,South West,Student,2024-11-19,Low
C003148,London,South,Affluent,2018-11-10,Low
C003149,Leeds,North,Mass,2021-03-27,Medium
C003150,Leeds,North,Mass,2022-01-14,Medium
C003151,Bristol,South West,Mass,2025-01-18,Medium
C003152,Manchester,North,Mass,2022-01-16,Medium
C003153,Leeds,North,Mass,2021-06-05,Low
C003154,Edinburgh,Scotland,Mass,2020-05-18,Low
C003155,Leeds,North,Affluent,2018-03-05,Low
C003156,Manchester,North,Affluent,2021-07-26,Medium
C003157,Edinburgh,Scotland,Student,2021-02-26,Low
C003158,Leeds,North,Business,2023-12-30,Low
C003159,Glasgow,Scotland,Affluent,2024-06-08,Low
C003160,Birmingham,Midlands,Affluent,2020-06-16,Low
C003161,Birmingham,Midlands,Mass,2020-11-16,Low
C003162,Birmingham,Midlands,Mass,2021-03-07,Low
C003163,Leeds,North,Student,2024-03-23,Low
C003164,Birmingham,Midlands,Mass,2018-02-22,Low
C003165,Bristol,South West,Student,2023-07-12,Low
C003166,Manchester,North,Mass,2019-12-27,Low
C003167,Edinburgh,Scotland,Affluent,2019-07-28,Low
C003168,Liverpool,North West,Mass,2025-06-08,Low
C003169,Bristol,South West,Mass,2024-05-07,Medium
C003170,Leeds,North,Mass,2021-02-26,Low
C003171,Manchester,North,Affluent,2020-05-01,Low
C003172,Bristol,South West,Business,2023-03-13,Low
C003173,London,South,Business,2024-08-30,Low
C003174,Leeds,North,Mass,2018-04-03,Low
C003175,Bristol,South West,Mass,2019-03-23,Medium
C003176,Birmingham,Midlands,Mass,2019-06-26,Low
C003177,Glasgow,Scotland,Student,2023-10-09,Low
C003178,Liverpool,North West,Business,2020-04-19,Low
C003179,Birmingham,Midlands,Business,2019-12-07,Low
C003180,Manchester,North,Mass,2023-02-05,Low
C003181,Manchester,North,Mass,2019-11-30,Low
C003182,Birmingham,Midlands,Mass,2020-05-10,Low
C003183,Birmingham,Midlands,Affluent,2025-04-08,Medium
C003184,Glasgow,Scotland,Affluent,2018-05-06,Medium
C003185,Bristol,South West,Mass,2019-05-26,Medium
C003186,Edinburgh,Scotland,Business,2019-08-07,Medium
C003187,Leeds,North,Mass,2022-12-20,Low
C003188,Bristol,South West,Business,2023-01-18,Low
C003189,Glasgow,Scotland,Mass,2018-04-15,Medium
C003190,Manchester,North,Mass,2021-06-02,Low
C003191,Manchester,North,Student,2024-11-22,High
C003192,Birmingham,Midlands,Affluent,2023-01-11,Low
C003193,Manchester,North,Business,2019-09-28,Low
C003194,Birmingham,Midlands,Mass,2021-02-27,Low
C003195,Edinburgh,Scotland,Mass,2023-11-28,Low
C003196,Bristol,South West,Mass,2023-10-18,Low
C003197,London,South,Student,2020-08-27,Low
C003198,Birmingham,Midlands,Mass,2023-08-24,Low
C003199,Liverpool,North West,Mass,2019-08-29,Low
C003200,Edinburgh,Scotland,Affluent,2018-04-08,Medium
C003201,Liverpool,North West,Business,2025-08-16,Low
C003202,Birmingham,Midlands,Mass,2018-02-07,Medium
C003203,London,South,Mass,2018-07-04,High
C003204,Manchester,North,Mass,2021-04-01,Low
C003205,Manchester,North,Mass,2019-03-17,Low
C003206,Leeds,North,Business,2025-04-28,Low
C003207,Birmingham,Midlands,Affluent,2024-02-10,Low
C003208,London,South,Mass,2019-04-26,Low
C003209,Manchester,North,Mass,2020-06-23,Low
C003210,Manchester,North,Mass,2022-10-05,Low
C003211,Leeds,North,Mass,2018-06-30,Low
C003212,Glasgow,Scotland,Affluent,2022-08-07,Low
C003213,Glasgow,Scotland,Student,2023-02-25,Low
C003214,Edinburgh,Scotland,Mass,2019-03-28,Low
C003215,Edinburgh,Scotland,Mass,2024-10-18,Low
C003216,Glasgow,Scotland,Mass,2023-03-01,Low
C003217,London,South,Mass,2024-02-14,Low
C003218,London,South,Student,2019-09-28,Low
C003219,Liverpool,North West,Mass,2022-06-06,High
C003220,Edinburgh,Scotland,Mass,2019-12-04,Low
C003221,Edinburgh,Scotland,Student,2019-07-10,Low
C003222,Bristol,South West,Mass,2021-08-31,Low
C003223,Liverpool,North West,Mass,2018-04-04,Medium
C003224,Birmingham,Midlands,Mass,2019-07-12,Low
C003225,London,South,Mass,2025-06-23,Low
C003226,Glasgow,Scotland,Affluent,2020-03-16,Low
C003227,Bristol,South West,Student,2022-09-26,Low
C003228,Edinburgh,Scotland,Mass,2023-02-03,Low
C003229,Liverpool,North West,Affluent,2019-01-18,Low
C003230,Glasgow,Scotland,Affluent,2018-01-03,Low
C003231,Manchester,North,Affluent,2025-03-18,Low
C003232,Bristol,South West,Mass,2025-05-06,Low
C003233,Bristol,South West,Business,2021-07-10,Low
C003234,Birmingham,Midlands,Business,2021-12-01,Low
C003235,Birmingham,Midlands,Mass,2022-03-26,Low
C003236,Manchester,North,Student,2018-10-26,High
C003237,London,South,Mass,2018-10-04,Low
C003238,Birmingham,Midlands,Mass,2019-04-19,High
C003239,London,South,Affluent,2020-10-21,Low
C003240,Birmingham,Midlands,Affluent,2018-05-16,Low
C003241,Edinburgh,Scotland,Mass,2018-10-03,Medium
C003242,Liverpool,North West,Affluent,2018-06-27,Medium
C003243,Edinburgh,Scotland,Mass,2022-09-15,Medium
C003244,Liverpool,North West,Mass,2021-10-21,Low
C003245,Manchester,North,Student,2018-07-13,Low
C003246,Edinburgh,Scotland,Student,2024-08-10,Low
C003247,Edinburgh,Scotland,Mass,2019-07-30,Medium
C003248,Edinburgh,Scotland,Mass,2019-01-19,Low
C003249,London,South,Business,2021-12-01,Medium
C003250,Bristol,South West,Mass,2021-09-19,Low
C003251,Leeds,North,Mass,2023-12-06,Low
C003252,Edinburgh,Scotland,Mass,2023-07-21,Low
C003253,Glasgow,Scotland,Business,2025-06-16,Low
C003254,Birmingham,Midlands,Affluent,2020-02-04,Low
C003255,Manchester,North,Student,2022-01-30,Low
C003256,Birmingham,Midlands,Mass,2022-09-20,Medium
C003257,Manchester,North,Mass,2024-08-25,Low
C003258,Leeds,North,Student,2018-02-22,Low
C003259,Leeds,North,Affluent,2023-08-28,Low
C003260,Liverpool,North West,Mass,2022-12-05,Low
C003261,Edinburgh,Scotland,Mass,2021-04-09,Medium
C003262,Edinburgh,Scotland,Affluent,2019-08-05,Low
C003263,Leeds,North,Mass,2018-07-15,Low
C003264,Manchester,North,Mass,2025-01-14,Medium
C003265,Glasgow,Scotland,Mass,2024-08-08,Medium
C003266,Birmingham,Midlands,Mass,2020-02-16,Medium
C003267,Glasgow,Scotland,Mass,2024-03-23,Low
C003268,Bristol,South West,Mass,2022-09-05,Low
C003269,Birmingham,Midlands,Mass,2021-03-22,Low
C003270,London,South,Mass,2020-08-21,Low
C003271,London,South,Mass,2021-05-14,Low
C003272,Leeds,North,Business,2025-05-26,Low
C003273,Edinburgh,Scotland,Mass,2024-09-11,Low
C003274,Liverpool,North West,Business,2021-12-23,Low
C003275,Edinburgh,Scotland,Affluent,2022-02-05,Medium
C003276,Birmingham,Midlands,Business,2020-01-01,High
C003277,Birmingham,Midlands,Mass,2023-04-04,Low
C003278,Leeds,North,Student,2022-09-09,Low
C003279,Leeds,North,Mass,2019-05-29,Low
C003280,Bristol,South West,Mass,2021-07-10,Low
C003281,Edinburgh,Scotland,Mass,2021-10-25,Low
C003282,Bristol,South West,Mass,2021-09-06,Medium
C003283,London,South,Affluent,2018-07-22,Medium
C003284,Leeds,North,Affluent,2023-02-02,Low
C003285,Liverpool,North West,Mass,2019-07-20,Low
C003286,Glasgow,Scotland,Student,2023-03-21,Medium
C003287,Glasgow,Scotland,Mass,2019-06-04,Low
C003288,Edinburgh,Scotland,Mass,2018-04-01,Low
C003289,Edinburgh,Scotland,Mass,2018-05-17,Low
C003290,Edinburgh,Scotland,Mass,2022-08-17,Medium
C003291,Birmingham,Midlands,Mass,2018-04-17,Low
C003292,Glasgow,Scotland,Mass,2020-02-15,Low
C003293,Liverpool,North West,Affluent,2020-05-27,Medium
C003294,Edinburgh,Scotland,Student,2021-02-12,Low
C003295,Manchester,North,Mass,2023-10-24,Low
C003296,Manchester,North,Mass,2020-06-15,Low
C003297,Bristol,South West,Business,2019-03-12,Low
C003298,Birmingham,Midlands,Business,2019-08-17,Medium
C003299,Edinburgh,Scotland,Student,2021-12-13,Low
C003300,Edinburgh,Scotland,Mass,2022-10-24,Low
C003301,Birmingham,Midlands,Mass,2018-08-21,Medium
C003302,Edinburgh,Scotland,Mass,2019-09-15,Low
C003303,Manchester,North,Mass,2024-04-15,Medium
C003304,Bristol,South West,Affluent,2020-04-01,Medium
C003305,London,South,Mass,2021-03-28,Low
C003306,Glasgow,Scotland,Business,2018-08-05,Low
C003307,Leeds,North,Mass,2020-06-13,Medium
C003308,London,South,Mass,2021-09-10,Low
C003309,Birmingham,Midlands,Student,2019-07-13,Medium
C003310,Manchester,North,Student,2019-05-30,Low
C003311,Liverpool,North West,Mass,2021-12-15,Medium
C003312,Bristol,South West,Mass,2019-05-07,Low
C003313,Edinburgh,Scotland,Affluent,2019-12-09,Low
C003314,London,South,Affluent,2023-06-18,Low
C003315,Glasgow,Scotland,Student,2021-02-05,Low
C003316,Glasgow,Scotland,Mass,2020-11-05,Low
C003317,Birmingham,Midlands,Mass,2025-02-03,Low
C003318,Leeds,North,Business,2018-11-07,Low
C003319,Manchester,North,Mass,2019-11-26,Low
C003320,Liverpool,North West,Business,2018-04-16,Low
C003321,Liverpool,North West,Business,2023-06-04,Low
C003322,Edinburgh,Scotland,Mass,2018-03-10,Low
C003323,London,South,Mass,2022-05-27,Low
C003324,Liverpool,North West,Affluent,2021-10-10,Low
C003325,Glasgow,Scotland,Mass,2024-09-21,Medium
C003326,Edinburgh,Scotland,Mass,2020-10-02,Medium
C003327,London,South,Student,2023-01-08,Low
C003328,Leeds,North,Mass,2018-04-24,Low
C003329,Leeds,North,Mass,2019-03-19,Medium
C003330,Birmingham,Midlands,Business,2024-09-25,Low
C003331,Birmingham,Midlands,Mass,2024-09-11,Low
C003332,Manchester,North,Mass,2021-09-13,Low
C003333,Leeds,North,Mass,2023-06-12,Low
C003334,London,South,Mass,2023-12-06,Low
C003335,Glasgow,Scotland,Mass,2020-01-09,Low
C003336,London,South,Mass,2021-12-29,Low
C003337,London,South,Student,2022-03-21,Medium
C003338,Liverpool,North West,Affluent,2025-05-28,Low
C003339,London,South,Mass,2022-05-01,Medium
C003340,Bristol,South West,Mass,2019-05-14,High
C003341,Manchester,North,Mass,2019-09-30,Medium
C003342,Manchester,North,Business,2020-11-16,Medium
C003343,Leeds,North,Mass,2018-10-08,Low
C003344,Birmingham,Midlands,Affluent,2024-08-02,Low
C003345,Manchester,North,Student,2024-09-29,Medium
C003346,Edinburgh,Scotland,Student,2022-03-11,Low
C003347,Edinburgh,Scotland,Mass,2019-01-27,Low
C003348,Manchester,North,Mass,2018-02-22,Low
C003349,Edinburgh,Scotland,Business,2018-03-06,Medium
C003350,London,South,Mass,2024-04-04,High
C003351,Birmingham,Midlands,Business,2021-01-26,Low
C003352,Bristol,South West,Student,2018-04-01,Low
C003353,London,South,Mass,2021-08-31,Low
C003354,London,South,Mass,2024-07-21,Low
C003355,Liverpool,North West,Mass,2023-10-13,Low
C003356,Birmingham,Midlands,Business,2018-06-27,Low
C003357,Edinburgh,Scotland,Mass,2019-07-03,Low
C003358,Glasgow,Scotland,Mass,2024-11-28,Medium
C003359,Leeds,North,Mass,2020-02-26,Low
C003360,Edinburgh,Scotland,Student,2020-03-10,Medium
C003361,Leeds,North,Mass,2018-10-14,High
C003362,Manchester,North,Mass,2020-05-26,Low
C003363,Leeds,North,Mass,2022-12-10,Low
C003364,Liverpool,North West,Affluent,2024-07-22,Medium
C003365,Bristol,South West,Business,2020-08-18,Low
C003366,Bristol,South West,Mass,2021-12-24,Low
C003367,Liverpool,North West,Mass,2020-10-19,Low
C003368,Manchester,North,Mass,2022-03-12,Medium
C003369,London,South,Mass,2023-07-22,Low
C003370,Manchester,North,Business,2019-11-24,Low
C003371,Glasgow,Scotland,Mass,2022-11-11,Low
C003372,Edinburgh,Scotland,Mass,2023-03-18,Low
C003373,Birmingham,Midlands,Mass,2022-05-07,Low
C003374,Glasgow,Scotland,Business,2020-03-20,Low
C003375,Glasgow,Scotland,Mass,2021-08-11,Medium
C003376,Liverpool,North West,Mass,2020-07-22,Low
C003377,Birmingham,Midlands,Mass,2020-08-09,Low
C003378,Glasgow,Scotland,Student,2022-09-29,Low
C003379,Bristol,South West,Mass,2024-09-09,Low
C003380,Bristol,South West,Mass,2025-04-01,High
C003381,Manchester,North,Mass,2019-11-28,Low
C003382,London,South,Affluent,2023-11-01,Low
C003383,Edinburgh,Scotland,Mass,2018-12-16,Low
C003384,Manchester,North,Affluent,2024-03-30,Low
C003385,Birmingham,Midlands,Mass,2023-06-07,Low
C003386,Leeds,North,Affluent,2022-05-18,Medium
C003387,Liverpool,North West,Student,2020-05-10,Low
C003388,Edinburgh,Scotland,Mass,2020-11-17,Low
C003389,Liverpool,North West,Mass,2021-05-28,Medium
C003390,Liverpool,North West,Business,2018-09-11,Low
C003391,Glasgow,Scotland,Mass,2018-12-09,Low
C003392,Bristol,South West,Mass,2018-04-02,Low
C003393,Birmingham,Midlands,Mass,2023-10-06,Medium
C003394,Birmingham,Midlands,Student,2025-01-20,High
C003395,Manchester,North,Mass,2022-09-27,Low
C003396,London,South,Affluent,2021-11-29,Low
C003397,Liverpool,North West,Mass,2022-01-23,Low
C003398,Leeds,North,Affluent,2019-04-02,Low
C003399,Leeds,North,Mass,2020-03-31,Low
C003400,Bristol,South West,Student,2023-05-28,Low
C003401,Edinburgh,Scotland,Business,2022-06-24,Medium
C003402,Bristol,South West,Mass,2019-07-22,Low
C003403,London,South,Mass,2024-04-01,Low
C003404,Edinburgh,Scotland,Mass,2022-05-02,Medium
C003405,Leeds,North,Mass,2022-04-03,Low
C003406,Edinburgh,Scotland,Affluent,2024-08-25,High
C003407,Birmingham,Midlands,Mass,2018-09-02,Medium
C003408,Liverpool,North West,Student,2020-05-18,Low
C003409,Leeds,North,Mass,2023-07-29,Medium
C003410,Bristol,South West,Mass,2018-05-30,Low
C003411,Bristol,South West,Affluent,2021-01-05,Low
C003412,Glasgow,Scotland,Affluent,2019-08-18,Low
C003413,Leeds,North,Mass,2021-02-05,Medium
C003414,Leeds,North,Mass,2018-07-03,Low
C003415,Leeds,North,Mass,2023-08-08,Low
C003416,Leeds,North,Mass,2018-04-18,Low
C003417,Bristol,South West,Mass,2023-10-19,Low
C003418,Edinburgh,Scotland,Mass,2025-06-13,Low
C003419,Leeds,North,Mass,2018-01-10,Low
C003420,Edinburgh,Scotland,Student,2019-04-11,Low
C003421,Leeds,North,Mass,2018-05-31,Medium
C003422,Leeds,North,Mass,2018-03-02,Low
C003423,Liverpool,North West,Mass,2025-01-09,Medium
C003424,Leeds,North,Business,2019-06-24,Medium
C003425,Edinburgh,Scotland,Business,2019-05-03,Low
C003426,Bristol,South West,Mass,2023-12-05,Low
C003427,Bristol,South West,Mass,2023-11-04,Low
C003428,Bristol,South West,Affluent,2024-05-10,Medium
C003429,Bristol,South West,Mass,2023-12-25,Low
C003430,London,South,Mass,2024-04-08,Low
C003431,Bristol,South West,Mass,2019-05-31,Medium
C003432,Manchester,North,Mass,2024-10-28,Medium
C003433,Manchester,North,Student,2023-11-14,Medium
C003434,Bristol,South West,Mass,2020-04-28,Low
C003435,Liverpool,North West,Mass,2021-03-25,Low
C003436,Birmingham,Midlands,Business,2025-08-01,Medium
C003437,Birmingham,Midlands,Business,2022-05-01,Medium
C003438,Leeds,North,Mass,2020-01-29,Low
C003439,London,South,Mass,2021-03-04,Low
C003440,Leeds,North,Mass,2023-08-31,Low
C003441,Birmingham,Midlands,Mass,2023-05-31,Medium
C003442,Manchester,North,Mass,2019-04-18,Low
C003443,Manchester,North,Student,2024-12-19,Low
C003444,London,South,Mass,2018-09-24,Medium
C003445,Liverpool,North West,Business,2022-04-26,Low
C003446,Edinburgh,Scotland,Mass,2019-01-26,Low
C003447,Liverpool,North West,Mass,2018-12-13,Low
C003448,Liverpool,North West,Student,2025-08-18,Low
C003449,Manchester,North,Mass,2020-05-29,Medium
C003450,Glasgow,Scotland,Mass,2022-01-21,High
C003451,Bristol,South West,Mass,2018-02-20,Low
C003452,Bristol,South West,Business,2020-06-20,Low
C003453,Birmingham,Midlands,Mass,2021-09-17,Low
C003454,Manchester,North,Mass,2020-12-30,Low
C003455,Glasgow,Scotland,Mass,2019-10-09,Low
C003456,Manchester,North,Student,2025-02-07,Low
C003457,Manchester,North,Mass,2024-05-14,Low
C003458,Birmingham,Midlands,Student,2019-04-10,Medium
C003459,Leeds,North,Mass,2018-06-19,Low
C003460,Glasgow,Scotland,Business,2023-12-03,Medium
C003461,London,South,Mass,2022-03-23,High
C003462,Liverpool,North West,Affluent,2021-03-07,Low
C003463,Edinburgh,Scotland,Mass,2025-01-10,Low
C003464,Manchester,North,Business,2022-06-16,Low
C003465,Glasgow,Scotland,Business,2024-02-02,Low
C003466,London,South,Mass,2024-01-10,Medium
C003467,Liverpool,North West,Mass,2020-04-28,Medium
C003468,Bristol,South West,Student,2023-10-18,High
C003469,London,South,Mass,2021-05-21,Low
C003470,Edinburgh,Scotland,Business,2024-02-25,Medium
C003471,Leeds,North,Mass,2019-04-14,Medium
C003472,Birmingham,Midlands,Affluent,2022-04-23,Low
C003473,Birmingham,Midlands,Mass,2021-11-05,Low
C003474,Glasgow,Scotland,Affluent,2023-12-01,Low
C003475,Manchester,North,Mass,2018-05-20,Low
C003476,Bristol,South West,Business,2021-05-20,Medium
C003477,Birmingham,Midlands,Mass,2025-01-08,Low
C003478,London,South,Mass,2019-02-06,Medium
C003479,Edinburgh,Scotland,Mass,2024-01-15,Low
C003480,Birmingham,Midlands,Mass,2020-12-31,Low
C003481,Manchester,North,Mass,2020-09-10,Low
C003482,Birmingham,Midlands,Mass,2020-12-07,Low
C003483,Manchester,North,Mass,2022-03-18,Medium
C003484,Leeds,North,Student,2023-06-09,Low
C003485,Manchester,North,Mass,2025-01-07,Low
C003486,London,South,Business,2020-06-20,High
C003487,Liverpool,North West,Mass,2019-09-23,Medium
C003488,Glasgow,Scotland,Mass,2019-10-09,Low
C003489,Liverpool,North West,Mass,2019-04-19,High
C003490,Leeds,North,Business,2023-07-24,Low
C003491,Glasgow,Scotland,Mass,2022-10-26,Low
C003492,Glasgow,Scotland,Affluent,2019-11-05,Low
C003493,Edinburgh,Scotland,Student,2019-10-06,Low
C003494,Glasgow,Scotland,Mass,2018-12-11,Low
C003495,Liverpool,North West,Mass,2019-11-19,Low
C003496,Liverpool,North West,Affluent,2023-11-29,Medium
C003497,Liverpool,North West,Mass,2020-01-13,High
C003498,Liverpool,North West,Mass,2024-07-27,High
C003499,Birmingham,Midlands,Mass,2024-01-22,Low
C003500,Glasgow,Scotland,Affluent,2025-08-28,Low
C003501,Bristol,South West,Affluent,2018-06-11,Low
C003502,Glasgow,Scotland,Student,2018-07-04,Medium
C003503,Liverpool,North West,Mass,2024-01-25,Medium
C003504,Manchester,North,Affluent,2020-02-12,Low
C003505,Glasgow,Scotland,Mass,2019-10-17,Medium
C003506,Liverpool,North West,Mass,2022-07-18,Low
C003507,Edinburgh,Scotland,Student,2020-02-07,Medium
C003508,Glasgow,Scotland,Business,2020-04-16,Low
C003509,Glasgow,Scotland,Mass,2020-08-10,Low
C003510,Birmingham,Midlands,Mass,2020-09-10,Low
C003511,Leeds,North,Business,2024-06-13,Medium
C003512,Edinburgh,Scotland,Mass,2020-06-24,Low
C003513,Birmingham,Midlands,Affluent,2019-04-23,Medium
C003514,Edinburgh,Scotland,Mass,2018-08-20,Low
C003515,Edinburgh,Scotland,Student,2024-03-31,Low
C003516,Birmingham,Midlands,Mass,2021-04-09,Medium
C003517,Leeds,North,Mass,2018-10-22,Medium
C003518,Bristol,South West,Mass,2023-10-19,Low
C003519,London,South,Mass,2025-05-25,Low
C003520,London,South,Business,2020-12-04,Low
C003521,Glasgow,Scotland,Mass,2019-02-12,Medium
C003522,Liverpool,North West,Affluent,2021-07-23,Low
C003523,Liverpool,North West,Mass,2020-08-14,Low
C003524,Leeds,North,Affluent,2024-08-02,Low
C003525,Bristol,South West,Mass,2024-01-02,Low
C003526,Liverpool,North West,Mass,2020-12-10,Medium
C003527,Leeds,North,Mass,2022-01-30,Low
C003528,Bristol,South West,Mass,2018-05-29,Low
C003529,Glasgow,Scotland,Student,2024-07-08,Low
C003530,Glasgow,Scotland,Business,2023-06-08,Medium
C003531,Leeds,North,Mass,2019-06-01,Low
C003532,Manchester,North,Student,2021-08-15,Medium
C003533,Edinburgh,Scotland,Mass,2021-09-29,Medium
C003534,Leeds,North,Mass,2019-09-09,Low
C003535,Liverpool,North West,Mass,2020-12-12,Low
C003536,Birmingham,Midlands,Student,2024-10-25,Low
C003537,Leeds,North,Mass,2025-05-02,Low
C003538,Manchester,North,Mass,2025-08-24,Low
C003539,Manchester,North,Mass,2019-09-21,Low
C003540,Birmingham,Midlands,Mass,2021-05-17,Low
C003541,Birmingham,Midlands,Student,2021-09-17,Low
C003542,Leeds,North,Business,2024-07-28,Medium
C003543,Bristol,South West,Mass,2024-09-12,Low
C003544,Birmingham,Midlands,Student,2021-03-30,Medium
C003545,Liverpool,North West,Mass,2023-02-01,Low
C003546,London,South,Mass,2020-11-15,Low
C003547,London,South,Affluent,2021-08-27,Medium
C003548,London,South,Affluent,2023-11-04,Low
C003549,Liverpool,North West,Student,2023-06-15,Low
C003550,Birmingham,Midlands,Affluent,2022-02-09,Low
C003551,Manchester,North,Mass,2022-04-11,Medium
C003552,Birmingham,Midlands,Affluent,2023-03-01,Medium
C003553,Manchester,North,Affluent,2020-04-14,Medium
C003554,Edinburgh,Scotland,Mass,2019-07-08,Low
C003555,Edinburgh,Scotland,Business,2022-05-13,Medium
C003556,Edinburgh,Scotland,Student,2021-05-25,Medium
C003557,Birmingham,Midlands,Affluent,2020-07-04,Low
C003558,London,South,Mass,2023-12-28,Low
C003559,Manchester,North,Mass,2023-08-15,Medium
C003560,London,South,Mass,2023-07-03,Medium
C003561,Glasgow,Scotland,Mass,2023-09-25,Low
C003562,London,South,Mass,2019-06-25,Low
C003563,Manchester,North,Mass,2020-04-20,Low
C003564,Glasgow,Scotland,Student,2020-06-06,Low
C003565,Glasgow,Scotland,Affluent,2023-12-04,Low
C003566,Birmingham,Midlands,Mass,2021-07-24,Low
C003567,Manchester,North,Student,2021-05-05,Medium
C003568,Glasgow,Scotland,Mass,2021-07-25,Low
C003569,Leeds,North,Mass,2025-03-24,Low
C003570,Birmingham,Midlands,Mass,2022-07-02,Medium
C003571,Glasgow,Scotland,Mass,2020-02-17,Low
C003572,Glasgow,Scotland,Business,2022-01-05,Low
C003573,Leeds,North,Mass,2025-02-27,Low
C003574,London,South,Mass,2025-06-29,Medium
C003575,Leeds,North,Mass,2024-04-10,Low
C003576,Manchester,North,Mass,2024-12-07,Low
C003577,Glasgow,Scotland,Mass,2023-07-18,Low
C003578,Leeds,North,Mass,2019-05-04,Medium
C003579,Liverpool,North West,Mass,2019-12-20,Low
C003580,Bristol,South West,Mass,2024-06-02,Medium
C003581,Bristol,South West,Mass,2018-07-22,Medium
C003582,Manchester,North,Mass,2024-08-14,Low
C003583,London,South,Mass,2019-12-28,Medium
C003584,Liverpool,North West,Affluent,2022-08-26,Low
C003585,Glasgow,Scotland,Mass,2022-05-22,Low
C003586,Bristol,South West,Mass,2018-02-27,Low
C003587,Manchester,North,Student,2021-03-05,Low
C003588,Bristol,South West,Mass,2020-02-27,Low
C003589,Leeds,North,Student,2020-12-03,Low
C003590,Leeds,North,Mass,2020-01-09,Low
C003591,Manchester,North,Mass,2021-11-13,Medium
C003592,Birmingham,Midlands,Affluent,2022-05-31,Low
C003593,Manchester,North,Mass,2023-02-09,Low
C003594,Bristol,South West,Business,2022-02-20,Low
C003595,Birmingham,Midlands,Business,2022-01-29,Low
C003596,Leeds,North,Mass,2020-10-29,Low
C003597,Glasgow,Scotland,Affluent,2023-08-17,Low
C003598,Liverpool,North West,Student,2022-06-02,Low
C003599,Bristol,South West,Mass,2021-12-27,Medium
C003600,London,South,Business,2024-05-08,Low
C003601,Bristol,South West,Mass,2022-06-15,Low
C003602,Bristol,South West,Student,2019-01-03,Low
C003603,Manchester,North,Mass,2018-10-29,Low
C003604,Liverpool,North West,Mass,2019-07-31,Low
C003605,Edinburgh,Scotland,Mass,2020-10-19,Low
C003606,Leeds,North,Student,2024-10-26,Low
C003607,Manchester,North,Mass,2025-06-24,Low
C003608,Edinburgh,Scotland,Mass,2020-07-03,Low
C003609,Leeds,North,Mass,2021-08-16,Low
C003610,London,South,Mass,2024-08-14,Medium
C003611,Birmingham,Midlands,Mass,2021-08-16,Low
C003612,Glasgow,Scotland,Mass,2022-12-27,Low
C003613,Bristol,South West,Business,2019-05-01,Low
C003614,Leeds,North,Mass,2019-03-24,Low
C003615,Glasgow,Scotland,Business,2022-04-20,Low
C003616,Manchester,North,Mass,2021-12-19,Low
C003617,Bristol,South West,Mass,2021-09-16,Low
C003618,Glasgow,Scotland,Student,2021-01-13,High
C003619,Birmingham,Midlands,Business,2023-01-14,Low
C003620,Manchester,North,Mass,2019-07-19,Medium
C003621,Manchester,North,Affluent,2019-11-19,Medium
C003622,London,South,Mass,2023-07-22,Medium
C003623,London,South,Affluent,2020-09-30,Low
C003624,Bristol,South West,Mass,2021-12-09,Low
C003625,London,South,Mass,2019-04-02,Medium
C003626,Leeds,North,Mass,2024-09-27,Low
C003627,Manchester,North,Mass,2021-10-19,Low
C003628,Bristol,South West,Mass,2018-07-31,Medium
C003629,Bristol,South West,Mass,2021-12-19,Low
C003630,Manchester,North,Mass,2024-02-04,Low
C003631,Birmingham,Midlands,Student,2022-12-18,Low
C003632,Bristol,South West,Affluent,2018-07-31,Low
C003633,Leeds,North,Mass,2023-02-11,Low
C003634,London,South,Business,2025-06-17,Medium
C003635,Manchester,North,Mass,2024-10-19,Low
C003636,Leeds,North,Mass,2019-06-21,Medium
C003637,Glasgow,Scotland,Mass,2022-09-15,Low
C003638,Glasgow,Scotland,Mass,2023-12-09,Low
C003639,Birmingham,Midlands,Business,2020-09-06,Low
C003640,Leeds,North,Mass,2023-03-27,Low
C003641,Liverpool,North West,Mass,2020-07-02,Medium
C003642,Birmingham,Midlands,Student,2020-09-16,Low
C003643,London,South,Student,2022-06-27,Low
C003644,Birmingham,Midlands,Mass,2019-02-07,High
C003645,Birmingham,Midlands,Mass,2025-08-27,Low
C003646,Bristol,South West,Mass,2019-10-06,Low
C003647,Liverpool,North West,Mass,2019-03-29,Low
C003648,Bristol,South West,Mass,2018-08-24,Low
C003649,Glasgow,Scotland,Mass,2018-01-14,High
C003650,Bristol,South West,Affluent,2021-09-27,High
C003651,Birmingham,Midlands,Mass,2022-01-10,Low
C003652,London,South,Mass,2019-02-09,Low
C003653,Liverpool,North West,Mass,2021-05-22,Medium
C003654,Leeds,North,Business,2018-12-23,Low
C003655,Edinburgh,Scotland,Mass,2024-07-04,Low
C003656,Leeds,North,Affluent,2022-07-24,Low
C003657,Bristol,South West,Mass,2022-11-27,Low
C003658,London,South,Mass,2023-10-19,Medium
C003659,Liverpool,North West,Mass,2023-03-05,Low
C003660,Birmingham,Midlands,Affluent,2024-04-26,Low
C003661,Glasgow,Scotland,Mass,2023-11-16,Low
C003662,Manchester,North,Mass,2023-12-31,Medium
C003663,Birmingham,Midlands,Mass,2019-10-08,Low
C003664,Manchester,North,Mass,2021-08-27,Low
C003665,Glasgow,Scotland,Mass,2023-12-20,Low
C003666,Liverpool,North West,Mass,2023-04-21,Medium
C003667,Birmingham,Midlands,Mass,2022-11-14,Low
C003668,Birmingham,Midlands,Mass,2019-07-22,Low
C003669,Glasgow,Scotland,Affluent,2019-11-17,Low
C003670,Liverpool,North West,Mass,2019-06-11,Medium
C003671,Leeds,North,Business,2022-01-16,Low
C003672,Leeds,North,Mass,2021-01-07,Medium
C003673,Bristol,South West,Student,2019-05-23,Low
C003674,Liverpool,North West,Mass,2024-09-05,Medium
C003675,Edinburgh,Scotland,Mass,2022-03-22,High
C003676,Liverpool,North West,Affluent,2025-01-10,Low
C003677,Manchester,North,Mass,2024-03-23,High
C003678,Glasgow,Scotland,Mass,2018-09-03,Medium
C003679,London,South,Student,2024-02-10,High
C003680,Liverpool,North West,Affluent,2023-02-06,Low
C003681,Birmingham,Midlands,Mass,2021-08-19,Medium
C003682,London,South,Mass,2024-08-31,Low
C003683,London,South,Mass,2025-07-22,High
C003684,Birmingham,Midlands,Mass,2018-02-07,Low
C003685,Liverpool,North West,Mass,2025-06-09,Medium
C003686,Manchester,North,Mass,2025-02-06,Medium
C003687,Liverpool,North West,Mass,2025-06-01,Low
C003688,Edinburgh,Scotland,Mass,2022-04-05,Low
C003689,Glasgow,Scotland,Business,2022-10-08,High
C003690,Leeds,North,Affluent,2025-05-09,Low
C003691,Edinburgh,Scotland,Mass,2021-07-19,Low
C003692,Leeds,North,Affluent,2020-03-24,Medium
C003693,Bristol,South West,Mass,2019-03-05,Low
C003694,Edinburgh,Scotland,Mass,2025-02-22,Low
C003695,Birmingham,Midlands,Mass,2020-10-23,Low
C003696,Edinburgh,Scotland,Affluent,2025-03-07,Medium
C003697,London,South,Mass,2019-04-20,Low
C003698,Edinburgh,Scotland,Mass,2018-03-21,Low
C003699,Bristol,South West,Mass,2021-12-19,Low
C003700,Birmingham,Midlands,Affluent,2024-06-19,Low
C003701,Liverpool,North West,Affluent,2018-10-12,Medium
C003702,Edinburgh,Scotland,Mass,2020-11-23,Low
C003703,Manchester,North,Mass,2018-01-04,Low
C003704,Liverpool,North West,Mass,2019-09-09,Low
C003705,Birmingham,Midlands,Mass,2024-06-05,Low
C003706,Birmingham,Midlands,Mass,2021-01-05,Low
C003707,Bristol,South West,Affluent,2020-11-27,High
C003708,Edinburgh,Scotland,Mass,2023-05-10,Low
C003709,Liverpool,North West,Mass,2024-01-01,Low
C003710,Liverpool,North West,Business,2021-07-21,Medium
C003711,Glasgow,Scotland,Mass,2024-05-15,Low
C003712,Birmingham,Midlands,Affluent,2020-12-30,Low
C003713,Leeds,North,Mass,2019-09-25,Low
C003714,Bristol,South West,Mass,2019-08-31,Low
C003715,London,South,Affluent,2024-01-13,Medium
C003716,Bristol,South West,Mass,2018-03-24,Low
C003717,Glasgow,Scotland,Mass,2021-10-05,Low
C003718,Liverpool,North West,Student,2024-05-07,Low
C003719,Glasgow,Scotland,Mass,2019-01-21,Low
C003720,Bristol,South West,Mass,2020-06-18,Low
C003721,Edinburgh,Scotland,Mass,2019-04-24,Medium
C003722,Manchester,North,Student,2020-08-13,Medium
C003723,Glasgow,Scotland,Mass,2021-01-17,Low
C003724,Bristol,South West,Mass,2021-03-27,Medium
C003725,Birmingham,Midlands,Affluent,2021-09-09,Low
C003726,Birmingham,Midlands,Mass,2024-11-27,Medium
C003727,Manchester,North,Mass,2022-07-03,Low
C003728,Bristol,South West,Mass,2019-10-16,Low
C003729,Birmingham,Midlands,Student,2018-04-30,Low
C003730,London,South,Mass,2018-09-18,Low
C003731,Edinburgh,Scotland,Affluent,2019-11-05,Low
C003732,Edinburgh,Scotland,Affluent,2023-12-17,Low
C003733,Manchester,North,Mass,2019-03-10,Low
C003734,Edinburgh,Scotland,Affluent,2025-05-18,Low
C003735,London,South,Mass,2018-04-22,Low
C003736,Liverpool,North West,Mass,2019-11-15,Low
C003737,London,South,Mass,2022-11-08,Low
C003738,Edinburgh,Scotland,Mass,2018-11-11,Medium
C003739,Bristol,South West,Mass,2025-07-02,Medium
C003740,Edinburgh,Scotland,Mass,2018-01-08,Low
C003741,London,South,Mass,2018-04-30,Low
C003742,Glasgow,Scotland,Mass,2022-11-30,Low
C003743,Manchester,North,Business,2022-05-19,Low
C003744,Glasgow,Scotland,Student,2020-05-19,Low
C003745,Birmingham,Midlands,Mass,2022-05-02,High
C003746,Bristol,South West,Mass,2023-08-31,Low
C003747,Liverpool,North West,Mass,2020-10-26,Low
C003748,London,South,Mass,2018-01-03,Low
C003749,Birmingham,Midlands,Mass,2025-02-24,Low
C003750,London,South,Mass,2020-02-25,Low
C003751,Manchester,North,Mass,2018-11-14,Low
C003752,Liverpool,North West,Mass,2022-01-15,Medium
C003753,Liverpool,North West,Mass,2022-07-10,Low
C003754,Glasgow,Scotland,Affluent,2018-08-06,Low
C003755,Glasgow,Scotland,Mass,2024-05-27,Low
C003756,Birmingham,Midlands,Affluent,2024-04-16,Low
C003757,Bristol,South West,Student,2024-05-03,Low
C003758,Edinburgh,Scotland,Mass,2021-06-05,Low
C003759,Birmingham,Midlands,Mass,2019-08-30,Low
C003760,Manchester,North,Mass,2018-10-29,Medium
C003761,Leeds,North,Mass,2022-05-16,Low
C003762,Glasgow,Scotland,Mass,2024-01-05,Low
C003763,Edinburgh,Scotland,Mass,2024-12-16,Medium
C003764,Edinburgh,Scotland,Student,2019-06-30,High
C003765,Edinburgh,Scotland,Mass,2021-01-30,Low
C003766,Leeds,North,Business,2025-01-01,Low
C003767,Manchester,North,Business,2021-01-16,Low
C003768,Birmingham,Midlands,Mass,2022-08-26,Low
C003769,Edinburgh,Scotland,Student,2024-09-15,Low
C003770,Leeds,North,Mass,2023-04-10,Low
C003771,Manchester,North,Business,2023-05-30,Medium
C003772,Edinburgh,Scotland,Mass,2023-05-11,Low
C003773,Leeds,North,Mass,2020-04-01,Low
C003774,Edinburgh,Scotland,Affluent,2022-12-09,Medium
C003775,Glasgow,Scotland,Mass,2020-05-27,Low
C003776,Bristol,South West,Mass,2024-11-27,Medium
C003777,London,South,Mass,2022-06-29,Low
C003778,Liverpool,North West,Student,2018-02-07,Low
C003779,London,South,Student,2023-06-24,Medium
C003780,Glasgow,Scotland,Affluent,2022-03-01,Medium
C003781,Manchester,North,Affluent,2018-01-12,Medium
C003782,Birmingham,Midlands,Mass,2021-07-19,Low
C003783,Manchester,North,Affluent,2019-07-14,Low
C003784,Manchester,North,Mass,2020-10-06,Low
C003785,Leeds,North,Mass,2020-08-28,Medium
C003786,Leeds,North,Affluent,2023-03-02,Low
C003787,London,South,Mass,2024-12-18,Medium
C003788,Liverpool,North West,Affluent,2024-05-30,Low
C003789,Liverpool,North West,Mass,2020-04-14,Low
C003790,Liverpool,North West,Mass,2024-01-27,Low
C003791,London,South,Mass,2025-07-18,Low
C003792,Leeds,North,Student,2022-11-12,Low
C003793,Birmingham,Midlands,Student,2020-09-14,Medium
C003794,Birmingham,Midlands,Mass,2025-07-12,Medium
C003795,Bristol,South West,Mass,2020-01-06,Low
C003796,Glasgow,Scotland,Affluent,2021-02-08,Low
C003797,Birmingham,Midlands,Business,2022-03-15,Low
C003798,Bristol,South West,Mass,2023-04-24,Low
C003799,Bristol,South West,Mass,2021-06-22,Low
C003800,Manchester,North,Student,2022-02-28,Medium
C003801,Leeds,North,Mass,2021-08-21,Low
C003802,London,South,Mass,2019-05-29,Medium
C003803,Edinburgh,Scotland,Mass,2020-08-02,Low
C003804,Bristol,South West,Affluent,2023-04-06,Low
C003805,Birmingham,Midlands,Mass,2020-10-29,Low
C003806,Manchester,North,Mass,2025-02-08,Low
C003807,Liverpool,North West,Mass,2025-04-21,High
C003808,Liverpool,North West,Student,2021-05-08,Low
C003809,Liverpool,North West,Mass,2024-03-20,Low
C003810,Glasgow,Scotland,Mass,2018-09-13,Medium
C003811,London,South,Mass,2023-01-04,Low
C003812,Birmingham,Midlands,Mass,2020-10-07,Medium
C003813,Leeds,North,Mass,2024-03-22,Low
C003814,London,South,Mass,2025-07-05,Low
C003815,Leeds,North,Mass,2018-08-09,Low
C003816,Glasgow,Scotland,Mass,2018-01-15,Low
C003817,Edinburgh,Scotland,Mass,2025-03-14,Low
C003818,Birmingham,Midlands,Mass,2022-01-26,Low
C003819,Edinburgh,Scotland,Affluent,2023-04-20,Low
C003820,Edinburgh,Scotland,Mass,2025-01-04,Low
C003821,London,South,Affluent,2021-05-23,Low
C003822,Birmingham,Midlands,Student,2022-12-10,Low
C003823,Liverpool,North West,Mass,2021-10-10,Low
C003824,London,South,Business,2020-09-07,Medium
C003825,Manchester,North,Business,2018-04-30,Low
C003826,Edinburgh,Scotland,Student,2020-07-17,Low
C003827,Liverpool,North West,Mass,2022-04-14,Low
C003828,Liverpool,North West,Mass,2020-07-02,Low
C003829,London,South,Mass,2024-10-31,High
C003830,Edinburgh,Scotland,Mass,2021-10-13,Medium
C003831,Glasgow,Scotland,Mass,2025-05-27,Low
C003832,Edinburgh,Scotland,Student,2019-06-08,Low
C003833,London,South,Affluent,2020-07-26,Medium
C003834,Leeds,North,Student,2021-10-09,Low
C003835,Birmingham,Midlands,Business,2023-09-23,Medium
C003836,Leeds,North,Student,2020-12-04,Medium
C003837,Edinburgh,Scotland,Student,2020-09-13,Low
C003838,Birmingham,Midlands,Mass,2024-12-04,Low
C003839,Edinburgh,Scotland,Mass,2025-05-07,Low
C003840,Glasgow,Scotland,Student,2021-05-22,Low
C003841,Manchester,North,Student,2021-07-12,Medium
C003842,Manchester,North,Mass,2018-09-11,Low
C003843,Manchester,North,Mass,2024-10-18,Low
C003844,London,South,Mass,2019-11-05,Medium
C003845,Manchester,North,Student,2019-03-10,Low
C003846,Bristol,South West,Mass,2025-08-23,Low
C003847,Leeds,North,Mass,2025-01-04,Medium
C003848,Liverpool,North West,Mass,2020-02-13,Low
C003849,Birmingham,Midlands,Mass,2023-12-24,Low
C003850,London,South,Mass,2019-05-19,Low
C003851,London,South,Affluent,2021-05-06,Low
C003852,Birmingham,Midlands,Mass,2018-05-29,Low
C003853,Bristol,South West,Mass,2025-02-01,Medium
C003854,Birmingham,Midlands,Affluent,2021-09-10,Low
C003855,Leeds,North,Mass,2018-04-10,Low
C003856,Manchester,North,Affluent,2018-02-27,Medium
C003857,Birmingham,Midlands,Mass,2023-08-11,Low
C003858,Manchester,North,Mass,2022-04-08,Medium
C003859,Bristol,South West,Mass,2022-03-17,Low
C003860,London,South,Affluent,2024-04-09,Medium
C003861,Manchester,North,Mass,2020-10-03,Low
C003862,Leeds,North,Mass,2022-08-14,Low
C003863,Leeds,North,Mass,2018-09-08,Low
C003864,Manchester,North,Mass,2018-04-01,Medium
C003865,Liverpool,North West,Business,2023-07-19,Low
C003866,Glasgow,Scotland,Affluent,2023-07-06,Low
C003867,Birmingham,Midlands,Affluent,2022-06-21,Low
C003868,Liverpool,North West,Mass,2023-06-19,Low
C003869,Manchester,North,Mass,2025-05-07,Medium
C003870,Bristol,South West,Mass,2022-05-05,Low
C003871,Edinburgh,Scotland,Mass,2021-06-12,Low
C003872,Glasgow,Scotland,Student,2021-09-18,Medium
C003873,Manchester,North,Mass,2024-10-18,Low
C003874,Bristol,South West,Student,2020-10-29,Low
C003875,Glasgow,Scotland,Mass,2018-07-07,Medium
C003876,Birmingham,Midlands,Mass,2022-10-17,Low
C003877,Manchester,North,Mass,2023-12-17,Low
C003878,Bristol,South West,Mass,2024-12-30,Low
C003879,Edinburgh,Scotland,Mass,2019-01-17,Medium
C003880,Edinburgh,Scotland,Mass,2025-05-19,Medium
C003881,Birmingham,Midlands,Affluent,2019-02-18,Low
C003882,Birmingham,Midlands,Mass,2022-09-04,Low
C003883,Edinburgh,Scotland,Mass,2018-12-26,Low
C003884,Bristol,South West,Student,2022-03-29,Low
C003885,Glasgow,Scotland,Student,2024-02-06,Low
C003886,Birmingham,Midlands,Mass,2025-07-04,Low
C003887,Edinburgh,Scotland,Mass,2021-10-17,Low
C003888,Leeds,North,Mass,2021-05-19,Low
C003889,Leeds,North,Mass,2025-02-04,Low
C003890,Leeds,North,Student,2022-11-06,High
C003891,London,South,Mass,2022-06-19,Low
C003892,Liverpool,North West,Business,2018-04-04,Medium
C003893,Liverpool,North West,Affluent,2021-04-10,Low
C003894,Manchester,North,Business,2023-08-30,High
C003895,Manchester,North,Student,2020-04-05,Low
C003896,London,South,Mass,2021-08-02,Low
C003897,Glasgow,Scotland,Business,2021-06-22,Low
C003898,Manchester,North,Mass,2020-09-30,Low
C003899,Bristol,South West,Mass,2022-07-25,Low
C003900,Manchester,North,Mass,2020-05-18,Low
C003901,Manchester,North,Mass,2025-04-10,Low
C003902,Bristol,South West,Affluent,2025-02-23,Low
C003903,London,South,Student,2024-01-11,Low
C003904,Leeds,North,Student,2023-12-03,Low
C003905,Manchester,North,Mass,2018-12-02,Low
C003906,Edinburgh,Scotland,Mass,2021-10-28,Medium
C003907,Edinburgh,Scotland,Student,2020-10-03,Low
C003908,Manchester,North,Business,2025-03-21,Low
C003909,Leeds,North,Mass,2021-10-11,Low
C003910,Edinburgh,Scotland,Mass,2021-06-03,Low
C003911,Bristol,South West,Mass,2020-02-29,Low
C003912,Birmingham,Midlands,Affluent,2024-06-18,Low
C003913,Edinburgh,Scotland,Mass,2023-10-29,Low
C003914,Glasgow,Scotland,Mass,2023-09-27,Low
C003915,London,South,Student,2022-08-24,Medium
C003916,Edinburgh,Scotland,Mass,2023-05-15,Low
C003917,Birmingham,Midlands,Business,2021-07-23,Medium
C003918,Manchester,North,Mass,2025-08-31,Medium
C003919,Glasgow,Scotland,Mass,2018-01-16,Low
C003920,Manchester,North,Affluent,2022-04-18,Medium
C003921,Edinburgh,Scotland,Mass,2020-01-21,Low
C003922,Liverpool,North West,Affluent,2021-11-20,Low
C003923,Manchester,North,Mass,2024-03-18,Low
C003924,London,South,Mass,2021-09-05,Medium
C003925,London,South,Student,2018-10-13,Low
C003926,Liverpool,North West,Student,2019-01-19,Low
C003927,Birmingham,Midlands,Mass,2025-08-10,Medium
C003928,Manchester,North,Affluent,2022-01-29,Medium
C003929,Bristol,South West,Business,2023-11-25,High
C003930,Edinburgh,Scotland,Affluent,2018-03-29,Low
C003931,Edinburgh,Scotland,Business,2022-02-19,Low
C003932,London,South,Student,2025-05-29,Low
C003933,Edinburgh,Scotland,Student,2025-03-26,Low
C003934,Birmingham,Midlands,Mass,2025-04-26,Low
C003935,Manchester,North,Mass,2024-12-11,Low
C003936,Manchester,North,Mass,2020-12-13,Low
C003937,Leeds,North,Mass,2025-03-08,Low
C003938,Birmingham,Midlands,Student,2024-02-04,Low
C003939,Liverpool,North West,Student,2019-08-27,Low
C003940,Edinburgh,Scotland,Mass,2022-07-21,Low
C003941,Manchester,North,Affluent,2018-04-24,Low
C003942,Glasgow,Scotland,Student,2021-07-11,Low
C003943,London,South,Mass,2020-05-12,High
C003944,Glasgow,Scotland,Mass,2020-02-21,Low
C003945,Manchester,North,Affluent,2020-10-29,Low
C003946,London,South,Affluent,2025-06-21,High
C003947,Edinburgh,Scotland,Affluent,2018-08-28,Medium
C003948,Birmingham,Midlands,Mass,2021-03-05,Low
C003949,London,South,Mass,2022-06-15,Medium
C003950,Bristol,South West,Mass,2025-06-22,Low
C003951,Birmingham,Midlands,Affluent,2019-02-12,Medium
C003952,Liverpool,North West,Mass,2023-04-01,Medium
C003953,Glasgow,Scotland,Mass,2023-10-14,Medium
C003954,Bristol,South West,Mass,2024-05-26,Low
C003955,Glasgow,Scotland,Business,2024-05-14,Low
C003956,Bristol,South West,Student,2019-06-15,High
C003957,Liverpool,North West,Affluent,2024-05-22,Low
C003958,Bristol,South West,Mass,2024-10-26,Low
C003959,Birmingham,Midlands,Affluent,2022-02-18,Medium
C003960,London,South,Mass,2018-03-31,Low
C003961,Birmingham,Midlands,Mass,2020-05-15,Low
C003962,Birmingham,Midlands,Student,2023-06-12,Low
C003963,Edinburgh,Scotland,Affluent,2019-04-06,Medium
C003964,Liverpool,North West,Mass,2020-03-17,Medium
C003965,Edinburgh,Scotland,Mass,2020-02-03,Medium
C003966,London,South,Mass,2024-10-15,Low
C003967,Liverpool,North West,Affluent,2025-03-08,Medium
C003968,Edinburgh,Scotland,Mass,2019-08-31,Low
C003969,Leeds,North,Mass,2025-02-27,Medium
C003970,Manchester,North,Mass,2019-11-22,Low
C003971,Leeds,North,Mass,2024-06-07,Low
C003972,Leeds,North,Affluent,2023-07-09,Low
C003973,Birmingham,Midlands,Mass,2024-09-21,Low
C003974,Birmingham,Midlands,Student,2021-01-06,Low
C003975,Manchester,North,Mass,2022-03-05,Low
C003976,Glasgow,Scotland,Mass,2018-08-13,Low
C003977,Glasgow,Scotland,Mass,2023-04-19,Low
C003978,Edinburgh,Scotland,Mass,2025-03-25,Medium
C003979,Leeds,North,Business,2021-04-01,Low
C003980,Manchester,North,Mass,2024-06-11,Medium
C003981,Birmingham,Midlands,Mass,2022-10-24,Low
C003982,Manchester,North,Mass,2020-06-21,Low
C003983,Manchester,North,Mass,2020-02-12,Low
C003984,Birmingham,Midlands,Mass,2022-05-14,Low
C003985,Manchester,North,Student,2018-03-13,Low
C003986,Manchester,North,Mass,2022-03-25,Low
C003987,Manchester,North,Mass,2024-07-03,Low
C003988,London,South,Mass,2022-11-07,Low
C003989,Leeds,North,Mass,2018-05-19,Low
C003990,Birmingham,Midlands,Affluent,2022-11-10,Medium
C003991,Manchester,North,Mass,2022-09-22,Medium
C003992,Glasgow,Scotland,Mass,2020-04-22,Medium
C003993,Liverpool,North West,Mass,2023-12-14,High
C003994,Leeds,North,Business,2023-02-23,Low
C003995,London,South,Mass,2025-03-20,Low
C003996,Liverpool,North West,Affluent,2021-11-11,Low
C003997,Bristol,South West,Mass,2020-08-27,Low
C003998,Liverpool,North West,Mass,2018-04-08,Medium
C003999,Birmingham,Midlands,Mass,2021-01-27,Low
C004000,Edinburgh,Scotland,Mass,2021-03-04,Low
C004001,Bristol,South West,Student,2024-05-01,Low
C004002,Bristol,South West,Mass,2021-02-04,Low
C004003,Manchester,North,Mass,2022-05-13,Medium
C004004,Manchester,North,Mass,2022-01-14,Low
C004005,Birmingham,Midlands,Student,2020-09-07,Medium
C004006,Liverpool,North West,Student,2018-10-09,Low
C004007,Manchester,North,Mass,2020-02-16,Low
C004008,London,South,Business,2023-01-28,Low
C004009,Leeds,North,Mass,2025-01-07,Low
C004010,Liverpool,North West,Student,2025-03-26,Low
C004011,Manchester,North,Mass,2019-09-05,Medium
C004012,Glasgow,Scotland,Student,2024-04-03,Low
C004013,Glasgow,Scotland,Affluent,2018-06-02,Low
C004014,London,South,Affluent,2022-06-23,Low
C004015,Leeds,North,Mass,2018-10-26,Low
C004016,Edinburgh,Scotland,Business,2023-09-13,Low
C004017,Manchester,North,Affluent,2020-06-08,Low
C004018,Leeds,North,Mass,2024-07-29,Low
C004019,Bristol,South West,Mass,2020-08-25,Low
C004020,Leeds,North,Affluent,2019-06-23,Low
C004021,Bristol,South West,Mass,2024-01-07,Low
C004022,London,South,Student,2025-08-26,Low
C004023,Leeds,North,Mass,2021-12-21,Low
C004024,London,South,Mass,2021-08-25,High
C004025,Leeds,North,Mass,2021-10-02,Low
C004026,Leeds,North,Affluent,2023-10-18,Low
C004027,Glasgow,Scotland,Mass,2019-10-08,Low
C004028,Glasgow,Scotland,Affluent,2024-05-29,Low
C004029,Birmingham,Midlands,Mass,2023-09-13,Medium
C004030,Birmingham,Midlands,Mass,2020-01-20,Low
C004031,Edinburgh,Scotland,Mass,2025-01-23,Medium
C004032,Edinburgh,Scotland,Mass,2018-04-09,Medium
C004033,Birmingham,Midlands,Mass,2021-09-19,Low
C004034,Birmingham,Midlands,Mass,2023-11-28,Low
C004035,Manchester,North,Mass,2022-12-14,Low
C004036,Manchester,North,Affluent,2024-10-27,Medium
C004037,Leeds,North,Mass,2024-02-08,Medium
C004038,Manchester,North,Student,2018-04-13,Medium
C004039,Bristol,South West,Mass,2023-04-08,Low
C004040,Bristol,South West,Mass,2025-08-23,Low
C004041,Leeds,North,Mass,2022-10-04,Low
C004042,Liverpool,North West,Mass,2018-09-25,Low
C004043,Glasgow,Scotland,Business,2022-09-22,Low
C004044,Liverpool,North West,Mass,2023-06-27,Low
C004045,Glasgow,Scotland,Mass,2025-06-13,Low
C004046,Manchester,North,Mass,2019-11-30,Low
C004047,Leeds,North,Mass,2024-03-26,Medium
C004048,Edinburgh,Scotland,Student,2018-11-19,High
C004049,Birmingham,Midlands,Mass,2018-06-09,Low
C004050,Birmingham,Midlands,Mass,2024-11-10,Medium
C004051,London,South,Student,2023-10-31,Medium
C004052,Manchester,North,Student,2021-04-27,Low
C004053,Leeds,North,Mass,2024-09-16,Low
C004054,Bristol,South West,Mass,2023-03-28,Medium
C004055,Liverpool,North West,Affluent,2025-07-16,Low
C004056,Manchester,North,Affluent,2025-06-04,Low
C004057,Leeds,North,Mass,2024-12-12,Low
C004058,Edinburgh,Scotland,Mass,2018-04-13,Medium
C004059,London,South,Mass,2018-08-13,Low
C004060,Glasgow,Scotland,Mass,2024-02-03,Low
C004061,Manchester,North,Mass,2025-04-19,Low
C004062,Liverpool,North West,Student,2018-01-02,Low
C004063,Liverpool,North West,Mass,2024-05-20,Medium
C004064,Manchester,North,Mass,2024-01-19,Medium
C004065,Glasgow,Scotland,Mass,2018-05-05,Low
C004066,Leeds,North,Student,2021-03-28,Low
C004067,Leeds,North,Mass,2025-05-02,Low
C004068,Birmingham,Midlands,Mass,2022-12-08,Low
C004069,Leeds,North,Student,2023-10-11,Low
C004070,Edinburgh,Scotland,Mass,2024-06-19,Low
C004071,Bristol,South West,Mass,2024-05-31,Low
C004072,Liverpool,North West,Business,2021-04-26,Low
C004073,Liverpool,North West,Mass,2018-02-27,Low
C004074,Leeds,North,Mass,2021-06-27,Low
C004075,Edinburgh,Scotland,Affluent,2023-02-03,Medium
C004076,Glasgow,Scotland,Affluent,2021-12-02,Low
C004077,Edinburgh,Scotland,Mass,2018-06-09,Low
C004078,Birmingham,Midlands,Student,2021-05-25,Low
C004079,Liverpool,North West,Mass,2022-12-10,Medium
C004080,Liverpool,North West,Student,2021-09-05,Low
C004081,Liverpool,North West,Mass,2024-06-08,Low
C004082,Leeds,North,Mass,2020-05-19,Low
C004083,Leeds,North,Affluent,2020-04-05,Medium
C004084,Birmingham,Midlands,Affluent,2021-12-11,Medium
C004085,Liverpool,North West,Affluent,2022-09-14,Medium
C004086,Leeds,North,Student,2022-11-06,Medium
C004087,Glasgow,Scotland,Affluent,2021-12-05,Low
C004088,London,South,Student,2019-08-20,Low
C004089,Manchester,North,Mass,2022-06-22,Low
C004090,Edinburgh,Scotland,Mass,2024-12-20,Low
C004091,Bristol,South West,Mass,2021-04-01,Medium
C004092,Edinburgh,Scotland,Business,2019-10-24,Medium
C004093,Bristol,South West,Mass,2019-04-06,Low
C004094,Glasgow,Scotland,Mass,2020-07-25,Low
C004095,Edinburgh,Scotland,Mass,2022-03-23,Low
C004096,Leeds,North,Business,2021-05-28,Low
C004097,Leeds,North,Mass,2022-02-15,Low
C004098,Liverpool,North West,Affluent,2024-11-23,Medium
C004099,Birmingham,Midlands,Business,2024-03-22,Medium
C004100,Bristol,South West,Student,2024-09-10,Medium
C004101,Leeds,North,Mass,2018-02-09,Low
C004102,Edinburgh,Scotland,Business,2022-08-29,Medium
C004103,Glasgow,Scotland,Student,2024-11-27,Low
C004104,Edinburgh,Scotland,Mass,2024-04-22,Low
C004105,Edinburgh,Scotland,Affluent,2025-06-28,Medium
C004106,Edinburgh,Scotland,Mass,2025-03-19,Low
C004107,Edinburgh,Scotland,Mass,2023-07-06,Low
C004108,Leeds,North,Affluent,2023-01-11,Low
C004109,Bristol,South West,Business,2022-08-26,Low
C004110,Leeds,North,Mass,2018-10-22,Low
C004111,Edinburgh,Scotland,Mass,2022-12-09,Low
C004112,Birmingham,Midlands,Business,2024-06-28,Low
C004113,Leeds,North,Mass,2023-05-08,Low
C004114,London,South,Affluent,2020-09-29,Low
C004115,Manchester,North,Mass,2023-05-23,Low
C004116,Manchester,North,Mass,2019-11-04,Low
C004117,Edinburgh,Scotland,Affluent,2019-10-16,Low
C004118,Bristol,South West,Mass,2024-11-13,Low
C004119,Edinburgh,Scotland,Mass,2018-03-28,Low
C004120,Manchester,North,Mass,2024-03-10,Medium
C004121,Leeds,North,Mass,2021-03-12,High
C004122,Liverpool,North West,Mass,2022-11-08,Medium
C004123,Edinburgh,Scotland,Mass,2018-10-30,Low
C004124,Edinburgh,Scotland,Mass,2025-06-15,Medium
C004125,Birmingham,Midlands,Mass,2018-04-24,Low
C004126,Glasgow,Scotland,Mass,2022-10-19,Low
C004127,Birmingham,Midlands,Student,2023-12-13,Low
C004128,Bristol,South West,Mass,2019-03-24,Low
C004129,Birmingham,Midlands,Mass,2024-11-13,Low
C004130,Liverpool,North West,Mass,2021-11-14,Low
C004131,Glasgow,Scotland,Mass,2018-11-08,Low
C004132,Manchester,North,Mass,2024-02-13,Low
C004133,Liverpool,North West,Student,2025-03-09,Low
C004134,Manchester,North,Mass,2021-08-11,Low
C004135,Glasgow,Scotland,Mass,2019-02-21,Medium
C004136,Leeds,North,Business,2025-05-03,Low
C004137,London,South,Mass,2021-05-08,Medium
C004138,London,South,Mass,2021-06-26,Low
C004139,London,South,Mass,2021-07-09,Medium
C004140,Bristol,South West,Student,2023-07-14,Low
C004141,Edinburgh,Scotland,Mass,2020-05-07,Medium
C004142,Birmingham,Midlands,Affluent,2024-08-31,Low
C004143,London,South,Mass,2020-05-31,Low
C004144,Bristol,South West,Mass,2021-06-29,Low
C004145,Manchester,North,Affluent,2025-04-13,Low
C004146,Liverpool,North West,Mass,2022-02-24,Low
C004147,Leeds,North,Student,2020-06-30,Low
C004148,Glasgow,Scotland,Mass,2024-09-01,Low
C004149,Leeds,North,Mass,2022-01-29,Medium
C004150,Glasgow,Scotland,Mass,2024-04-08,Low
C004151,Birmingham,Midlands,Mass,2020-06-22,Low
C004152,London,South,Affluent,2024-05-11,Low
C004153,Birmingham,Midlands,Mass,2024-03-16,Low
C004154,London,South,Mass,2022-06-17,Low
C004155,London,South,Affluent,2019-12-02,Medium
C004156,Birmingham,Midlands,Mass,2023-05-29,Low
C004157,Glasgow,Scotland,Mass,2023-12-11,Medium
C004158,Edinburgh,Scotland,Student,2019-08-09,Low
C004159,London,South,Business,2025-05-22,Low
C004160,Glasgow,Scotland,Student,2018-05-27,Medium
C004161,London,South,Mass,2023-08-09,Medium
C004162,Liverpool,North West,Business,2025-07-03,Low
C004163,Birmingham,Midlands,Affluent,2023-07-09,Low
C004164,Bristol,South West,Student,2023-03-04,Low
C004165,Edinburgh,Scotland,Mass,2020-05-16,Low
C004166,Edinburgh,Scotland,Student,2021-04-02,Low
C004167,Bristol,South West,Mass,2024-12-29,Low
C004168,Liverpool,North West,Mass,2018-10-15,Medium
C004169,Liverpool,North West,Student,2018-07-16,Low
C004170,Liverpool,North West,Student,2022-11-12,Medium
C004171,Liverpool,North West,Affluent,2019-05-05,Low
C004172,Edinburgh,Scotland,Mass,2021-09-03,Medium
C004173,Edinburgh,Scotland,Mass,2025-01-06,Low
C004174,Glasgow,Scotland,Mass,2021-01-19,Low
C004175,Leeds,North,Mass,2025-09-01,Medium
C004176,Manchester,North,Mass,2024-01-14,Low
C004177,London,South,Affluent,2020-10-12,Low
C004178,Leeds,North,Mass,2020-05-14,Low
C004179,Glasgow,Scotland,Mass,2019-04-25,Low
C004180,Edinburgh,Scotland,Business,2018-03-27,Low
C004181,Edinburgh,Scotland,Affluent,2021-08-29,Medium
C004182,Glasgow,Scotland,Mass,2020-05-31,Low
C004183,Edinburgh,Scotland,Affluent,2019-07-11,Low
C004184,Birmingham,Midlands,Student,2020-07-30,Low
C004185,Bristol,South West,Mass,2018-01-26,Low
C004186,Leeds,North,Business,2018-07-23,Low
C004187,London,South,Mass,2024-04-20,High
C004188,Manchester,North,Affluent,2019-08-29,Medium
C004189,London,South,Business,2018-10-27,Medium
C004190,Liverpool,North West,Mass,2022-04-15,Low
C004191,Liverpool,North West,Business,2025-07-12,Medium
C004192,Liverpool,North West,Mass,2023-07-08,High
C004193,Edinburgh,Scotland,Business,2024-03-12,Medium
C004194,London,South,Mass,2025-08-07,Low
C004195,Manchester,North,Mass,2024-08-12,Low
C004196,Birmingham,Midlands,Mass,2021-04-11,Low
C004197,Liverpool,North West,Affluent,2023-10-06,High
C004198,Liverpool,North West,Mass,2021-09-03,Low
C004199,Liverpool,North West,Business,2021-07-17,Low
C004200,Leeds,North,Affluent,2024-05-09,Medium
C004201,Liverpool,North West,Mass,2019-08-10,High
C004202,Bristol,South West,Mass,2022-02-11,Low
C004203,Glasgow,Scotland,Affluent,2018-09-24,Medium
C004204,Leeds,North,Student,2021-04-29,Low
C004205,Leeds,North,Mass,2023-12-11,Low
C004206,Bristol,South West,Business,2019-01-17,Low
C004207,Leeds,North,Mass,2019-02-11,Low
C004208,Edinburgh,Scotland,Mass,2021-09-25,Low
C004209,Edinburgh,Scotland,Mass,2019-04-03,Low
C004210,Manchester,North,Mass,2021-09-06,Low
C004211,Leeds,North,Mass,2020-06-03,Low
C004212,Glasgow,Scotland,Mass,2023-02-27,Low
C004213,Birmingham,Midlands,Student,2023-02-15,Low
C004214,Birmingham,Midlands,Affluent,2021-01-21,Medium
C004215,Bristol,South West,Mass,2020-11-14,High
C004216,Edinburgh,Scotland,Mass,2023-06-24,Low
C004217,London,South,Business,2023-02-02,Low
C004218,Birmingham,Midlands,Student,2020-06-14,Medium
C004219,Glasgow,Scotland,Mass,2023-05-01,Medium
C004220,Glasgow,Scotland,Business,2025-01-14,Medium
C004221,Manchester,North,Mass,2025-03-06,Low
C004222,Leeds,North,Mass,2021-10-15,Medium
C004223,Liverpool,North West,Mass,2021-08-10,Low
C004224,Leeds,North,Student,2018-11-05,Low
C004225,Manchester,North,Business,2023-07-16,Low
C004226,Birmingham,Midlands,Mass,2023-07-12,Low
C004227,Leeds,North,Mass,2019-12-26,Low
C004228,Bristol,South West,Mass,2023-10-25,Low
C004229,Birmingham,Midlands,Affluent,2022-06-30,Low
C004230,Birmingham,Midlands,Mass,2019-01-22,Low
C004231,Bristol,South West,Affluent,2025-07-30,Medium
C004232,London,South,Affluent,2023-04-20,High
C004233,Bristol,South West,Mass,2018-08-21,Low
C004234,Birmingham,Midlands,Mass,2021-04-30,Low
C004235,Liverpool,North West,Mass,2020-04-29,Medium
C004236,Leeds,North,Mass,2019-06-17,Low
C004237,Leeds,North,Mass,2019-06-11,Low
C004238,Glasgow,Scotland,Mass,2024-09-14,Low
C004239,Liverpool,North West,Mass,2024-02-14,Low
C004240,Birmingham,Midlands,Student,2024-03-11,Low
C004241,Manchester,North,Mass,2025-08-26,High
C004242,Birmingham,Midlands,Mass,2024-12-04,Medium
C004243,Liverpool,North West,Affluent,2019-01-13,Low
C004244,Glasgow,Scotland,Mass,2021-02-14,Low
C004245,Glasgow,Scotland,Mass,2019-01-22,Low
C004246,London,South,Mass,2022-02-14,Medium
C004247,Edinburgh,Scotland,Mass,2020-07-29,Low
C004248,Liverpool,North West,Affluent,2021-07-30,Low
C004249,Manchester,North,Business,2021-11-01,Low
C004250,Manchester,North,Mass,2021-07-13,Medium
C004251,Liverpool,North West,Affluent,2019-03-19,Medium
C004252,Glasgow,Scotland,Mass,2024-05-17,Low
C004253,Manchester,North,Student,2023-01-06,Low
C004254,Liverpool,North West,Mass,2020-02-24,Medium
C004255,Bristol,South West,Mass,2023-03-19,Low
C004256,Birmingham,Midlands,Mass,2024-04-28,Medium
C004257,Birmingham,Midlands,Student,2019-08-20,Low
C004258,Bristol,South West,Affluent,2018-09-20,Medium
C004259,London,South,Business,2020-07-18,Low
C004260,Leeds,North,Student,2020-06-26,Medium
C004261,Edinburgh,Scotland,Mass,2023-12-19,Low
C004262,Leeds,North,Mass,2020-07-31,Low
C004263,Glasgow,Scotland,Mass,2022-02-23,Low
C004264,Birmingham,Midlands,Mass,2024-12-02,Medium
C004265,Liverpool,North West,Mass,2020-01-22,Low
C004266,Birmingham,Midlands,Mass,2018-02-09,Low
C004267,Liverpool,North West,Affluent,2018-05-15,Low
C004268,London,South,Affluent,2023-05-17,Low
C004269,Edinburgh,Scotland,Affluent,2023-12-03,Medium
C004270,Manchester,North,Affluent,2021-01-09,Low
C004271,London,South,Affluent,2022-09-10,High
C004272,Liverpool,North West,Mass,2021-06-30,Low
C004273,Manchester,North,Mass,2020-12-18,Low
C004274,Bristol,South West,Student,2024-09-15,Medium
C004275,Glasgow,Scotland,Mass,2025-04-20,Low
C004276,Edinburgh,Scotland,Business,2025-03-06,Low
C004277,Bristol,South West,Affluent,2019-08-10,Low
C004278,Leeds,North,Mass,2023-03-31,Medium
C004279,Edinburgh,Scotland,Business,2019-03-27,Low
C004280,Liverpool,North West,Student,2021-10-01,Low
C004281,Liverpool,North West,Mass,2020-06-06,Low
C004282,Bristol,South West,Mass,2022-07-17,High
C004283,Bristol,South West,Mass,2019-12-15,Low
C004284,Glasgow,Scotland,Mass,2023-07-20,Low
C004285,Liverpool,North West,Mass,2023-06-27,Medium
C004286,Liverpool,North West,Student,2020-07-30,Medium
C004287,Leeds,North,Mass,2025-04-03,Medium
C004288,Manchester,North,Mass,2021-02-16,Low
C004289,Manchester,North,Business,2021-12-25,Medium
C004290,Birmingham,Midlands,Mass,2024-01-09,Low
C004291,Leeds,North,Mass,2022-12-21,Low
C004292,Liverpool,North West,Mass,2022-11-29,Medium
C004293,Bristol,South West,Business,2019-03-31,Low
C004294,Birmingham,Midlands,Mass,2020-01-07,Medium
C004295,Edinburgh,Scotland,Business,2020-03-18,Low
C004296,Glasgow,Scotland,Mass,2025-03-09,Medium
C004297,Leeds,North,Mass,2019-11-11,High
C004298,London,South,Mass,2021-02-08,Medium
C004299,Manchester,North,Student,2018-04-04,Medium
C004300,Birmingham,Midlands,Mass,2023-07-29,Low
C004301,Liverpool,North West,Business,2019-05-21,Low
C004302,Liverpool,North West,Mass,2024-10-12,Low
C004303,Manchester,North,Mass,2023-03-10,Low
C004304,Glasgow,Scotland,Mass,2023-10-10,Low
C004305,Manchester,North,Student,2023-07-01,Low
C004306,Glasgow,Scotland,Student,2019-05-19,High
C004307,Birmingham,Midlands,Affluent,2022-09-25,Low
C004308,Leeds,North,Business,2021-07-18,Low
C004309,Manchester,North,Mass,2024-06-21,Low
C004310,Liverpool,North West,Mass,2019-11-07,Medium
C004311,London,South,Mass,2024-11-10,Low
C004312,Glasgow,Scotland,Affluent,2024-07-27,Low
C004313,Manchester,North,Mass,2025-01-19,Low
C004314,Liverpool,North West,Student,2018-06-28,Low
C004315,Glasgow,Scotland,Student,2024-03-04,High
C004316,Birmingham,Midlands,Mass,2023-09-26,Medium
C004317,Liverpool,North West,Mass,2020-07-11,Medium
C004318,Leeds,North,Mass,2021-09-13,Low
C004319,Liverpool,North West,Affluent,2018-03-30,Low
C004320,Leeds,North,Mass,2025-02-11,Low
C004321,Liverpool,North West,Mass,2018-09-21,Low
C004322,Leeds,North,Affluent,2022-01-03,Medium
C004323,London,South,Student,2025-04-28,Low
C004324,Glasgow,Scotland,Affluent,2025-06-13,High
C004325,Liverpool,North West,Mass,2022-11-29,Low
C004326,Leeds,North,Business,2022-03-16,Low
C004327,Glasgow,Scotland,Mass,2022-10-17,Low
C004328,Birmingham,Midlands,Student,2021-12-21,Low
C004329,Bristol,South West,Mass,2020-09-27,Medium
C004330,Liverpool,North West,Mass,2021-04-09,Low
C004331,Glasgow,Scotland,Mass,2023-01-11,Low
C004332,Leeds,North,Mass,2023-12-14,Medium
C004333,Birmingham,Midlands,Mass,2020-06-25,Low
C004334,Edinburgh,Scotland,Mass,2021-05-01,Low
C004335,Liverpool,North West,Mass,2025-01-12,Low
C004336,Edinburgh,Scotland,Mass,2024-11-05,Low
C004337,London,South,Mass,2021-11-22,Low
C004338,Manchester,North,Affluent,2021-02-28,Medium
C004339,Liverpool,North West,Affluent,2020-02-26,Medium
C004340,Edinburgh,Scotland,Business,2019-09-20,Low
C004341,Leeds,North,Student,2023-01-01,Medium
C004342,Bristol,South West,Student,2023-11-16,Medium
C004343,London,South,Mass,2020-04-26,Medium
C004344,Leeds,North,Mass,2020-11-04,Medium
C004345,Leeds,North,Student,2021-12-19,High
C004346,Leeds,North,Mass,2018-12-06,Medium
C004347,Manchester,North,Business,2024-11-13,Low
C004348,Bristol,South West,Mass,2020-05-20,Low
C004349,London,South,Mass,2020-08-28,Low
C004350,Glasgow,Scotland,Business,2020-01-05,Medium
C004351,Liverpool,North West,Business,2023-02-11,Low
C004352,Manchester,North,Mass,2024-05-31,Low
C004353,Bristol,South West,Mass,2025-04-26,Low
C004354,Edinburgh,Scotland,Mass,2021-09-05,Medium
C004355,Edinburgh,Scotland,Mass,2018-06-01,Low
C004356,Bristol,South West,Mass,2023-10-20,Medium
C004357,London,South,Affluent,2020-06-05,Low
C004358,Glasgow,Scotland,Business,2021-06-18,Low
C004359,London,South,Mass,2024-07-03,Medium
C004360,Birmingham,Midlands,Business,2018-12-29,Low
C004361,Birmingham,Midlands,Business,2022-08-16,Low
C004362,Glasgow,Scotland,Business,2022-04-08,Low
C004363,Leeds,North,Mass,2022-01-25,Low
C004364,Manchester,North,Mass,2022-04-09,Low
C004365,Leeds,North,Mass,2024-01-17,Medium
C004366,Bristol,South West,Affluent,2023-06-13,Low
C004367,Birmingham,Midlands,Student,2019-05-09,Low
C004368,Bristol,South West,Affluent,2021-12-31,Medium
C004369,Glasgow,Scotland,Mass,2024-11-27,Medium
C004370,London,South,Mass,2025-02-26,Low
C004371,Liverpool,North West,Mass,2023-07-20,Low
C004372,Birmingham,Midlands,Mass,2023-07-30,Medium
C004373,Manchester,North,Mass,2018-01-17,Medium
C004374,Edinburgh,Scotland,Mass,2022-04-03,Low
C004375,Liverpool,North West,Mass,2023-12-13,Low
C004376,Leeds,North,Mass,2023-08-09,Low
C004377,Bristol,South West,Mass,2019-03-03,Medium
C004378,Manchester,North,Mass,2018-06-20,Low
C004379,Leeds,North,Mass,2023-05-11,High
C004380,Bristol,South West,Affluent,2018-12-20,Low
C004381,Edinburgh,Scotland,Mass,2018-04-12,Low
C004382,Birmingham,Midlands,Affluent,2024-08-20,Low
C004383,Manchester,North,Student,2023-09-23,Low
C004384,Manchester,North,Business,2025-08-19,Low
C004385,Bristol,South West,Mass,2022-07-09,High
C004386,Manchester,North,Affluent,2023-01-31,Low
C004387,Edinburgh,Scotland,Mass,2019-07-22,Medium
C004388,Leeds,North,Mass,2023-08-12,Low
C004389,Bristol,South West,Affluent,2025-01-07,Low
C004390,Birmingham,Midlands,Affluent,2020-11-01,Low
C004391,Birmingham,Midlands,Mass,2021-10-29,Low
C004392,Edinburgh,Scotland,Business,2018-12-26,Medium
C004393,Edinburgh,Scotland,Mass,2022-02-13,Low
C004394,Glasgow,Scotland,Mass,2020-07-18,Medium
C004395,Glasgow,Scotland,Affluent,2023-03-28,Low
C004396,Manchester,North,Mass,2023-03-15,Medium
C004397,Birmingham,Midlands,Mass,2022-10-04,Low
C004398,Edinburgh,Scotland,Mass,2023-02-19,Low
C004399,Manchester,North,Mass,2025-05-25,Low
C004400,Manchester,North,Mass,2021-05-19,Low
C004401,Liverpool,North West,Mass,2024-09-15,Low
C004402,London,South,Mass,2023-01-14,Medium
C004403,Bristol,South West,Mass,2022-05-31,Low
C004404,Bristol,South West,Mass,2024-09-07,Low
C004405,Leeds,North,Business,2024-10-28,Medium
C004406,Manchester,North,Mass,2024-06-17,Medium
C004407,London,South,Mass,2023-02-12,Low
C004408,London,South,Mass,2019-07-13,Medium
C004409,Liverpool,North West,Affluent,2018-07-31,Low
C004410,Edinburgh,Scotland,Mass,2020-04-13,Medium
C004411,Liverpool,North West,Mass,2022-08-19,Low
C004412,London,South,Mass,2018-07-28,Medium
C004413,Birmingham,Midlands,Mass,2024-02-09,High
C004414,Glasgow,Scotland,Mass,2018-11-03,Low
C004415,Glasgow,Scotland,Mass,2025-05-24,High
C004416,Liverpool,North West,Affluent,2023-04-08,Medium
C004417,Edinburgh,Scotland,Mass,2023-02-11,Medium
C004418,Glasgow,Scotland,Affluent,2024-05-16,Low
C004419,Manchester,North,Affluent,2021-06-15,Low
C004420,Leeds,North,Affluent,2018-10-21,Medium
C004421,Bristol,South West,Business,2019-12-30,Low
C004422,Bristol,South West,Student,2018-10-10,Medium
C004423,Leeds,North,Affluent,2021-07-26,Low
C004424,Birmingham,Midlands,Student,2024-04-05,Low
C004425,London,South,Business,2024-09-08,Low
C004426,Bristol,South West,Mass,2023-07-04,Medium
C004427,Liverpool,North West,Mass,2019-09-23,Medium
C004428,London,South,Business,2022-09-30,Low
C004429,Manchester,North,Mass,2018-02-05,Low
C004430,Bristol,South West,Mass,2024-08-09,Low
C004431,Birmingham,Midlands,Mass,2022-05-22,Low
C004432,Leeds,North,Mass,2018-03-13,Low
C004433,Leeds,North,Mass,2022-01-04,High
C004434,Manchester,North,Business,2022-10-21,Low
C004435,Edinburgh,Scotland,Mass,2024-11-18,Low
C004436,Liverpool,North West,Mass,2019-11-30,Medium
C004437,Birmingham,Midlands,Affluent,2022-01-19,Low
C004438,Liverpool,North West,Mass,2021-11-12,Low
C004439,Birmingham,Midlands,Business,2023-07-05,High
C004440,Leeds,North,Mass,2022-04-17,Low
C004441,Edinburgh,Scotland,Mass,2020-04-21,Low
C004442,Leeds,North,Mass,2025-07-14,Low
C004443,Liverpool,North West,Mass,2024-01-26,Low
C004444,Birmingham,Midlands,Mass,2023-01-24,High
C004445,Bristol,South West,Business,2022-05-02,Medium
C004446,Leeds,North,Mass,2022-06-05,Low
C004447,Bristol,South West,Mass,2020-03-05,Low
C004448,Edinburgh,Scotland,Mass,2019-03-17,Low
C004449,Leeds,North,Affluent,2023-02-24,Low
C004450,London,South,Mass,2024-07-02,Low
C004451,Liverpool,North West,Mass,2019-06-28,Medium
C004452,Liverpool,North West,Student,2020-10-14,Low
C004453,London,South,Mass,2019-04-25,Low
C004454,Edinburgh,Scotland,Mass,2021-09-28,High
C004455,Birmingham,Midlands,Mass,2023-09-26,Medium
C004456,Leeds,North,Student,2021-01-27,Low
C004457,Edinburgh,Scotland,Affluent,2024-06-23,High
C004458,Leeds,North,Mass,2022-03-23,Low
C004459,Manchester,North,Business,2018-07-18,Low
C004460,Bristol,South West,Business,2018-01-28,Medium
C004461,Birmingham,Midlands,Business,2023-03-06,Low
C004462,Bristol,South West,Affluent,2021-04-18,Low
C004463,Glasgow,Scotland,Affluent,2020-01-11,Low
C004464,Manchester,North,Mass,2021-09-01,Low
C004465,Liverpool,North West,Mass,2024-08-27,Low
C004466,Glasgow,Scotland,Mass,2022-04-08,Low
C004467,Bristol,South West,Mass,2018-01-12,Low
C004468,Leeds,North,Mass,2022-03-10,Low
C004469,Leeds,North,Mass,2021-05-14,Low
C004470,London,South,Affluent,2018-12-23,Low
C004471,London,South,Mass,2018-11-26,Low
C004472,Birmingham,Midlands,Student,2020-08-30,Medium
C004473,London,South,Mass,2025-08-28,Low
C004474,Manchester,North,Student,2024-12-10,Low
C004475,London,South,Mass,2022-12-20,Medium
C004476,Birmingham,Midlands,Mass,2018-08-22,Low
C004477,Edinburgh,Scotland,Mass,2020-07-29,Low
C004478,Edinburgh,Scotland,Student,2018-07-21,Low
C004479,Bristol,South West,Mass,2019-07-18,Low
C004480,Birmingham,Midlands,Mass,2021-03-07,Low
C004481,Edinburgh,Scotland,Mass,2018-01-09,Medium
C004482,Glasgow,Scotland,Affluent,2019-09-09,Low
C004483,Leeds,North,Affluent,2018-02-27,High
C004484,Bristol,South West,Affluent,2024-09-25,Low
C004485,Birmingham,Midlands,Business,2025-01-27,Low
C004486,Manchester,North,Affluent,2019-09-12,Low
C004487,Manchester,North,Mass,2025-04-22,High
C004488,Glasgow,Scotland,Mass,2019-07-18,Medium
C004489,Leeds,North,Affluent,2022-06-11,Low
C004490,Bristol,South West,Mass,2025-07-09,Low
C004491,Glasgow,Scotland,Mass,2020-02-12,Low
C004492,London,South,Mass,2018-11-19,Low
C004493,Liverpool,North West,Mass,2024-07-20,Low
C004494,Manchester,North,Student,2024-10-30,Low
C004495,Manchester,North,Business,2020-01-03,Low
C004496,Edinburgh,Scotland,Business,2019-03-30,Low
C004497,Birmingham,Midlands,Mass,2022-01-05,Low
C004498,London,South,Mass,2023-05-11,Medium
C004499,Edinburgh,Scotland,Affluent,2024-01-27,Medium
C004500,Birmingham,Midlands,Mass,2024-05-27,Low
C004501,Edinburgh,Scotland,Mass,2021-07-20,Medium
C004502,Liverpool,North West,Mass,2019-03-02,Low
C004503,Manchester,North,Mass,2019-04-27,Low
C004504,Manchester,North,Mass,2024-12-14,Medium
C004505,Edinburgh,Scotland,Mass,2021-11-03,Medium
C004506,Edinburgh,Scotland,Student,2018-06-26,Low
C004507,Liverpool,North West,Student,2022-03-15,Medium
C004508,Leeds,North,Affluent,2018-11-26,Low
C004509,Glasgow,Scotland,Affluent,2022-10-02,Medium
C004510,Birmingham,Midlands,Business,2023-06-13,Low
C004511,Glasgow,Scotland,Student,2025-01-17,Low
C004512,Leeds,North,Affluent,2024-12-03,Low
C004513,Liverpool,North West,Mass,2022-12-05,Low
C004514,London,South,Mass,2018-07-12,Low
C004515,Edinburgh,Scotland,Affluent,2019-05-27,Low
C004516,London,South,Affluent,2022-09-21,Low
C004517,Glasgow,Scotland,Affluent,2018-02-26,Low
C004518,Manchester,North,Mass,2025-08-24,Low
C004519,Manchester,North,Mass,2023-04-03,Low
C004520,Glasgow,Scotland,Business,2023-03-24,Low
C004521,Glasgow,Scotland,Affluent,2019-01-27,Low
C004522,Bristol,South West,Mass,2019-01-28,Low
C004523,London,South,Mass,2020-02-23,Low
C004524,Leeds,North,Affluent,2023-12-09,Low
C004525,Glasgow,Scotland,Student,2024-01-28,Low
C004526,Edinburgh,Scotland,Mass,2018-05-11,Low
C004527,London,South,Affluent,2020-03-09,Low
C004528,Bristol,South West,Affluent,2020-06-28,Low
C004529,Edinburgh,Scotland,Mass,2019-02-27,High
C004530,Edinburgh,Scotland,Mass,2024-12-15,Low
C004531,Edinburgh,Scotland,Mass,2019-04-21,Medium
C004532,Edinburgh,Scotland,Mass,2018-05-31,Low
C004533,London,South,Affluent,2018-01-07,Low
C004534,Edinburgh,Scotland,Business,2023-10-03,Medium
C004535,Bristol,South West,Mass,2018-12-18,Medium
C004536,London,South,Business,2022-10-22,Medium
C004537,Birmingham,Midlands,Affluent,2021-11-30,Low
C004538,Glasgow,Scotland,Mass,2022-08-22,Medium
C004539,Birmingham,Midlands,Mass,2019-03-25,Medium
C004540,Bristol,South West,Business,2018-01-20,Low
C004541,Edinburgh,Scotland,Affluent,2018-10-13,Low
C004542,Manchester,North,Mass,2018-06-19,Medium
C004543,Edinburgh,Scotland,Mass,2018-11-24,Low
C004544,Manchester,North,Affluent,2022-10-16,Medium
C004545,Liverpool,North West,Mass,2024-03-11,Low
C004546,Birmingham,Midlands,Business,2022-05-08,Low
C004547,Manchester,North,Mass,2022-01-04,Medium
C004548,Glasgow,Scotland,Affluent,2025-07-22,Medium
C004549,Glasgow,Scotland,Mass,2018-08-12,Low
C004550,Liverpool,North West,Student,2019-01-19,Low
C004551,Edinburgh,Scotland,Business,2020-04-10,Low
C004552,London,South,Affluent,2025-06-02,Low
C004553,Manchester,North,Mass,2023-12-21,Low
C004554,Birmingham,Midlands,Mass,2021-11-21,Low
C004555,Edinburgh,Scotland,Affluent,2020-09-29,Medium
C004556,London,South,Mass,2018-04-26,Low
C004557,Leeds,North,Business,2018-05-18,Medium
C004558,Birmingham,Midlands,Mass,2024-10-04,Medium
C004559,Manchester,North,Business,2021-01-13,Medium
C004560,Birmingham,Midlands,Mass,2021-01-24,Low
C004561,Bristol,South West,Mass,2025-08-13,Low
C004562,Birmingham,Midlands,Mass,2020-02-10,Medium
C004563,Bristol,South West,Business,2018-11-18,Medium
C004564,London,South,Student,2025-07-20,High
C004565,Leeds,North,Mass,2019-08-09,Medium
C004566,Leeds,North,Affluent,2019-07-26,Low
C004567,Edinburgh,Scotland,Mass,2025-03-04,Low
C004568,Birmingham,Midlands,Mass,2020-06-09,Low
C004569,Bristol,South West,Mass,2019-06-25,Low
C004570,Liverpool,North West,Mass,2020-01-20,Low
C004571,Liverpool,North West,Mass,2025-06-07,Low
C004572,Bristol,South West,Mass,2022-07-18,Low
C004573,Birmingham,Midlands,Mass,2018-04-09,Low
C004574,Bristol,South West,Student,2022-05-20,Low
C004575,Birmingham,Midlands,Mass,2018-09-09,Medium
C004576,London,South,Student,2021-08-10,Low
C004577,Manchester,North,Student,2018-06-16,Low
C004578,Bristol,South West,Business,2019-10-26,Medium
C004579,Edinburgh,Scotland,Affluent,2021-07-10,Low
C004580,Leeds,North,Business,2019-09-09,Low
C004581,Leeds,North,Mass,2025-06-14,Low
C004582,Manchester,North,Affluent,2023-07-22,Low
C004583,Leeds,North,Mass,2022-06-16,Low
C004584,Leeds,North,Mass,2018-09-28,Medium
C004585,Liverpool,North West,Affluent,2019-05-20,Low
C004586,Birmingham,Midlands,Affluent,2022-10-13,High
C004587,Edinburgh,Scotland,Business,2019-10-14,Low
C004588,London,South,Mass,2019-09-04,Medium
C004589,Birmingham,Midlands,Mass,2021-05-11,Low
C004590,Glasgow,Scotland,Mass,2022-04-19,Medium
C004591,London,South,Mass,2019-06-12,Low
C004592,Leeds,North,Mass,2019-10-15,Medium
C004593,Bristol,South West,Mass,2024-01-08,Low
C004594,Birmingham,Midlands,Mass,2019-07-21,Low
C004595,Liverpool,North West,Mass,2024-05-07,Low
C004596,Leeds,North,Mass,2022-04-15,Medium
C004597,London,South,Mass,2018-12-10,Medium
C004598,Leeds,North,Affluent,2023-03-31,Low
C004599,Bristol,South West,Mass,2023-06-18,Medium
C004600,London,South,Mass,2021-07-19,Low
C004601,Leeds,North,Mass,2024-12-02,Low
C004602,Liverpool,North West,Mass,2018-08-17,Low
C004603,Glasgow,Scotland,Student,2024-02-02,Low
C004604,Leeds,North,Business,2019-10-16,Medium
C004605,London,South,Mass,2025-03-28,Low
C004606,London,South,Mass,2025-03-09,Medium
C004607,Birmingham,Midlands,Mass,2023-05-10,Medium
C004608,Edinburgh,Scotland,Business,2022-09-18,Low
C004609,Leeds,North,Mass,2024-11-09,Low
C004610,Edinburgh,Scotland,Mass,2019-02-11,Low
C004611,Liverpool,North West,Mass,2023-04-14,Low
C004612,Birmingham,Midlands,Student,2024-08-16,Low
C004613,Leeds,North,Business,2024-02-07,Medium
C004614,London,South,Business,2020-03-05,Medium
C004615,Bristol,South West,Mass,2021-10-06,Low
C004616,Edinburgh,Scotland,Student,2023-09-19,Low
C004617,Leeds,North,Mass,2024-06-15,Medium
C004618,Birmingham,Midlands,Affluent,2020-12-17,Low
C004619,Leeds,North,Student,2022-03-16,Medium
C004620,Edinburgh,Scotland,Mass,2023-09-09,High
C004621,Bristol,South West,Affluent,2018-05-12,Low
C004622,London,South,Mass,2024-05-20,Low
C004623,Birmingham,Midlands,Mass,2018-09-05,High
C004624,Manchester,North,Mass,2019-05-23,Low
C004625,Glasgow,Scotland,Student,2020-06-25,Low
C004626,Liverpool,North West,Mass,2019-12-11,Low
C004627,London,South,Mass,2025-06-23,Low
C004628,Bristol,South West,Student,2021-08-06,Low
C004629,Edinburgh,Scotland,Mass,2021-09-23,Medium
C004630,Bristol,South West,Student,2020-01-10,Low
C004631,Glasgow,Scotland,Business,2021-12-23,High
C004632,Manchester,North,Affluent,2021-06-28,High
C004633,London,South,Mass,2023-12-03,Low
C004634,Bristol,South West,Business,2021-02-04,Low
C004635,Liverpool,North West,Affluent,2019-10-07,Low
C004636,Bristol,South West,Mass,2025-07-23,Low
C004637,Birmingham,Midlands,Mass,2022-11-30,Medium
C004638,Birmingham,Midlands,Mass,2023-09-04,Low
C004639,Glasgow,Scotland,Mass,2023-02-02,Low
C004640,Birmingham,Midlands,Mass,2019-09-30,Low
C004641,Manchester,North,Affluent,2021-08-15,Low
C004642,Edinburgh,Scotland,Mass,2018-08-13,Low
C004643,Manchester,North,Mass,2023-01-17,Low
C004644,Liverpool,North West,Student,2021-08-11,Low
C004645,Bristol,South West,Mass,2019-11-07,Low
C004646,Glasgow,Scotland,Mass,2025-07-05,Low
C004647,Bristol,South West,Mass,2018-08-11,High
C004648,Bristol,South West,Mass,2022-03-28,Medium
C004649,Leeds,North,Mass,2020-10-15,Low
C004650,Edinburgh,Scotland,Mass,2021-11-12,Medium
C004651,Glasgow,Scotland,Affluent,2022-06-22,Low
C004652,Bristol,South West,Business,2023-09-22,Low
C004653,Glasgow,Scotland,Business,2018-07-13,Medium
C004654,Bristol,South West,Mass,2025-06-09,Medium
C004655,Manchester,North,Mass,2024-09-01,High
C004656,London,South,Mass,2020-07-29,Low
C004657,Liverpool,North West,Affluent,2020-08-22,Low
C004658,Liverpool,North West,Business,2018-04-01,Low
C004659,Leeds,North,Mass,2023-01-29,Medium
C004660,Glasgow,Scotland,Mass,2020-05-20,Low
C004661,Edinburgh,Scotland,Mass,2019-05-22,High
C004662,Liverpool,North West,Mass,2022-09-12,Low
C004663,Liverpool,North West,Mass,2018-03-16,Low
C004664,Birmingham,Midlands,Affluent,2022-12-19,Medium
C004665,Leeds,North,Business,2019-10-17,High
C004666,Birmingham,Midlands,Student,2020-01-30,Medium
C004667,Bristol,South West,Mass,2025-08-21,Low
C004668,Manchester,North,Mass,2023-03-18,Low
C004669,Liverpool,North West,Affluent,2022-12-18,Low
C004670,Edinburgh,Scotland,Mass,2022-11-19,Low
C004671,Edinburgh,Scotland,Affluent,2019-02-05,Low
C004672,Glasgow,Scotland,Mass,2020-09-08,Medium
C004673,Manchester,North,Mass,2019-09-11,Low
C004674,Manchester,North,Mass,2023-10-23,Medium
C004675,London,South,Mass,2024-11-02,Low
C004676,Bristol,South West,Mass,2019-01-02,Medium
C004677,Glasgow,Scotland,Student,2021-02-09,Low
C004678,Manchester,North,Mass,2018-01-22,Low
C004679,Birmingham,Midlands,Mass,2022-02-15,Medium
C004680,Bristol,South West,Mass,2019-03-21,Medium
C004681,Bristol,South West,Mass,2020-02-11,High
C004682,Bristol,South West,Mass,2025-05-26,Medium
C004683,London,South,Mass,2019-07-15,Low
C004684,Manchester,North,Business,2021-04-19,Medium
C004685,Birmingham,Midlands,Mass,2020-09-18,Low
C004686,Edinburgh,Scotland,Mass,2018-09-26,Low
C004687,London,South,Mass,2024-11-01,Low
C004688,Birmingham,Midlands,Mass,2022-07-09,Low
C004689,Edinburgh,Scotland,Affluent,2022-11-21,Medium
C004690,Edinburgh,Scotland,Mass,2018-03-06,Low
C004691,London,South,Mass,2021-06-29,Low
C004692,London,South,Student,2021-06-14,Low
C004693,Birmingham,Midlands,Mass,2023-03-15,Low
C004694,Bristol,South West,Mass,2018-01-08,Low
C004695,Birmingham,Midlands,Mass,2024-03-19,Low
C004696,Manchester,North,Mass,2019-01-30,Low
C004697,Liverpool,North West,Affluent,2020-08-20,Low
C004698,Bristol,South West,Mass,2021-04-12,Low
C004699,Bristol,South West,Mass,2023-12-26,Medium
C004700,Bristol,South West,Student,2018-09-16,Medium
C004701,Edinburgh,Scotland,Student,2024-08-09,Low
C004702,Bristol,South West,Mass,2021-09-30,Medium
C004703,Bristol,South West,Mass,2023-04-09,Low
C004704,Edinburgh,Scotland,Mass,2023-05-23,Low
C004705,London,South,Affluent,2018-11-18,Medium
C004706,Edinburgh,Scotland,Mass,2024-09-23,Low
C004707,Leeds,North,Student,2019-02-25,Low
C004708,Birmingham,Midlands,Mass,2019-07-01,Low
C004709,Bristol,South West,Mass,2022-10-23,Low
C004710,Liverpool,North West,Mass,2021-11-17,Low
C004711,Bristol,South West,Mass,2023-08-07,Low
C004712,Manchester,North,Business,2025-07-29,Low
C004713,Leeds,North,Affluent,2024-02-19,Medium
C004714,Leeds,North,Student,2020-07-31,High
C004715,Liverpool,North West,Mass,2020-10-07,Low
C004716,Edinburgh,Scotland,Mass,2019-07-28,Low
C004717,Bristol,South West,Mass,2022-09-12,Low
C004718,Liverpool,North West,Mass,2019-06-12,Low
C004719,Bristol,South West,Mass,2022-10-13,Low
C004720,Manchester,North,Affluent,2019-06-22,Low
C004721,Liverpool,North West,Mass,2024-02-19,Low
C004722,London,South,Mass,2023-05-01,Low
C004723,Edinburgh,Scotland,Business,2024-12-05,Low
C004724,Leeds,North,Mass,2022-07-01,Low
C004725,Birmingham,Midlands,Business,2023-05-05,Medium
C004726,London,South,Student,2025-02-20,Low
C004727,Manchester,North,Mass,2023-11-22,Low
C004728,Leeds,North,Student,2022-07-21,Medium
C004729,London,South,Student,2025-03-16,Low
C004730,Glasgow,Scotland,Student,2021-05-10,Medium
C004731,Glasgow,Scotland,Business,2020-06-17,Low
C004732,Leeds,North,Mass,2019-05-17,Low
C004733,Liverpool,North West,Mass,2024-05-26,Low
C004734,London,South,Affluent,2024-03-28,Low
C004735,Glasgow,Scotland,Student,2021-09-16,Medium
C004736,Glasgow,Scotland,Affluent,2019-05-12,Low
C004737,Leeds,North,Affluent,2025-05-05,Low
C004738,Manchester,North,Mass,2018-09-19,Low
C004739,London,South,Mass,2025-03-31,Medium
C004740,Manchester,North,Business,2025-03-31,Low
C004741,Leeds,North,Mass,2024-10-17,Low
C004742,Leeds,North,Mass,2024-12-21,Low
C004743,Manchester,North,Mass,2022-08-20,Medium
C004744,Manchester,North,Affluent,2021-05-24,Low
C004745,Bristol,South West,Student,2019-07-18,Low
C004746,Leeds,North,Affluent,2021-09-30,Low
C004747,Edinburgh,Scotland,Student,2021-03-11,Low
C004748,Edinburgh,Scotland,Affluent,2021-08-31,Medium
C004749,Liverpool,North West,Mass,2020-12-03,Low
C004750,Manchester,North,Mass,2021-10-22,Low
C004751,London,South,Mass,2020-02-22,Low
C004752,Birmingham,Midlands,Business,2024-12-14,Medium
C004753,Birmingham,Midlands,Mass,2018-11-01,Low
C004754,Birmingham,Midlands,Business,2020-08-08,Medium
C004755,Edinburgh,Scotland,Student,2021-10-11,Low
C004756,Birmingham,Midlands,Mass,2023-05-27,Low
C004757,Leeds,North,Student,2022-06-05,Low
C004758,Edinburgh,Scotland,Mass,2018-02-23,Medium
C004759,Liverpool,North West,Mass,2019-08-28,Low
C004760,Manchester,North,Business,2024-05-20,Low
C004761,Edinburgh,Scotland,Mass,2021-12-08,Medium
C004762,Manchester,North,Mass,2018-07-06,Medium
C004763,Birmingham,Midlands,Mass,2020-09-04,Low
C004764,Edinburgh,Scotland,Mass,2021-06-06,Low
C004765,Edinburgh,Scotland,Mass,2022-09-15,Medium
C004766,Bristol,South West,Student,2018-06-13,Low
C004767,Birmingham,Midlands,Mass,2019-02-04,Medium
C004768,Liverpool,North West,Mass,2021-05-25,Medium
C004769,Birmingham,Midlands,Mass,2018-08-26,Low
C004770,Edinburgh,Scotland,Mass,2025-03-26,Low
C004771,Leeds,North,Business,2019-12-13,Medium
C004772,Glasgow,Scotland,Affluent,2020-03-17,Medium
C004773,London,South,Mass,2018-04-01,Medium
C004774,London,South,Mass,2022-07-18,Medium
C004775,Edinburgh,Scotland,Mass,2025-03-13,Low
C004776,Liverpool,North West,Mass,2020-05-16,Low
C004777,Manchester,North,Affluent,2020-03-15,Low
C004778,Bristol,South West,Mass,2023-05-04,Low
C004779,Glasgow,Scotland,Mass,2025-06-27,Medium
C004780,London,South,Mass,2021-04-04,Medium
C004781,Manchester,North,Mass,2021-11-19,Medium
C004782,London,South,Affluent,2020-01-08,Low
C004783,Glasgow,Scotland,Mass,2020-02-02,Low
C004784,Leeds,North,Student,2025-05-03,Low
C004785,Manchester,North,Mass,2019-07-04,Low
C004786,Edinburgh,Scotland,Mass,2025-01-27,Medium
C004787,Birmingham,Midlands,Mass,2025-05-08,Low
C004788,Birmingham,Midlands,Mass,2020-09-29,Medium
C004789,Edinburgh,Scotland,Mass,2021-03-27,Medium
C004790,Glasgow,Scotland,Business,2024-04-03,Low
C004791,Liverpool,North West,Mass,2018-05-23,Low
C004792,Glasgow,Scotland,Mass,2018-06-02,Low
C004793,Manchester,North,Student,2021-09-09,Low
C004794,Edinburgh,Scotland,Mass,2019-05-05,Low
C004795,Bristol,South West,Mass,2022-07-26,Low
C004796,Leeds,North,Mass,2018-06-15,Medium
C004797,Leeds,North,Mass,2018-08-26,Low
C004798,Leeds,North,Mass,2025-04-09,Low
C004799,Leeds,North,Mass,2023-08-05,High
C004800,London,South,Mass,2023-10-29,High
C004801,Birmingham,Midlands,Mass,2020-01-08,Low
C004802,London,South,Mass,2022-03-04,Medium
C004803,London,South,Mass,2018-08-18,Medium
C004804,Edinburgh,Scotland,Mass,2019-11-11,Low
C004805,Glasgow,Scotland,Student,2021-06-25,Low
C004806,Edinburgh,Scotland,Mass,2023-05-03,Low
C004807,Manchester,North,Mass,2019-03-27,Low
C004808,Leeds,North,Affluent,2024-07-05,Low
C004809,Bristol,South West,Affluent,2022-03-24,Low
C004810,Leeds,North,Mass,2021-02-03,Low
C004811,Liverpool,North West,Mass,2021-02-16,Low
C004812,Manchester,North,Mass,2025-05-08,Low
C004813,Edinburgh,Scotland,Mass,2019-06-18,Medium
C004814,Bristol,South West,Affluent,2022-01-07,Low
C004815,Liverpool,North West,Mass,2021-03-09,Low
C004816,Bristol,South West,Mass,2023-12-26,Low
C004817,Edinburgh,Scotland,Mass,2023-01-15,Low
C004818,Glasgow,Scotland,Mass,2020-08-07,Medium
C004819,Manchester,North,Affluent,2019-01-22,Medium
C004820,Leeds,North,Student,2024-10-23,Low
C004821,Glasgow,Scotland,Affluent,2023-10-13,Low
C004822,Birmingham,Midlands,Mass,2021-12-16,Low
C004823,Bristol,South West,Mass,2023-08-03,Medium
C004824,Glasgow,Scotland,Mass,2021-09-17,Medium
C004825,Bristol,South West,Student,2020-06-01,Low
C004826,London,South,Mass,2021-04-10,Low
C004827,Edinburgh,Scotland,Student,2019-02-15,Medium
C004828,Glasgow,Scotland,Mass,2018-06-21,Low
C004829,Bristol,South West,Mass,2025-04-13,Low
C004830,London,South,Affluent,2025-06-28,Low
C004831,Edinburgh,Scotland,Mass,2018-01-31,Medium
C004832,Manchester,North,Business,2020-06-20,Low
C004833,Glasgow,Scotland,Mass,2019-12-29,Low
C004834,Glasgow,Scotland,Student,2023-04-04,Low
C004835,Manchester,North,Mass,2019-10-01,High
C004836,Leeds,North,Student,2022-11-13,Low
C004837,Edinburgh,Scotland,Mass,2020-12-05,Low
C004838,Leeds,North,Mass,2025-09-01,Low
C004839,Manchester,North,Mass,2022-03-17,Low
C004840,Leeds,North,Student,2019-02-16,Medium
C004841,Liverpool,North West,Mass,2019-11-03,Low
C004842,Edinburgh,Scotland,Business,2021-07-11,High
C004843,Manchester,North,Mass,2023-10-03,Low
C004844,Liverpool,North West,Mass,2024-03-12,Medium
C004845,Birmingham,Midlands,Mass,2020-09-03,Low
C004846,Bristol,South West,Mass,2021-12-29,Low
C004847,Glasgow,Scotland,Student,2022-07-06,Low
C004848,Manchester,North,Student,2018-03-19,Medium
C004849,London,South,Affluent,2024-07-13,Low
C004850,London,South,Affluent,2023-05-26,Low
C004851,London,South,Mass,2019-05-16,Low
C004852,Birmingham,Midlands,Mass,2023-07-26,Low
C004853,London,South,Mass,2018-01-27,Low
C004854,Manchester,North,Affluent,2023-01-10,Medium
C004855,Manchester,North,Mass,2022-03-03,Low
C004856,Glasgow,Scotland,Affluent,2025-03-29,Low
C004857,Edinburgh,Scotland,Mass,2022-01-19,Low
C004858,Bristol,South West,Mass,2020-03-10,Low
C004859,Glasgow,Scotland,Mass,2025-03-18,Medium
C004860,Liverpool,North West,Mass,2023-09-22,Low
C004861,Glasgow,Scotland,Mass,2022-11-22,Low
C004862,Edinburgh,Scotland,Mass,2018-01-16,Low
C004863,Birmingham,Midlands,Mass,2019-08-01,Low
C004864,London,South,Business,2024-05-10,Low
C004865,Manchester,North,Mass,2019-09-22,Low
C004866,Manchester,North,Mass,2018-02-13,Low
C004867,Bristol,South West,Mass,2023-07-15,High
C004868,Manchester,North,Mass,2019-05-24,Low
C004869,Glasgow,Scotland,Mass,2018-09-25,Low
C004870,Liverpool,North West,Affluent,2021-05-06,Medium
C004871,Edinburgh,Scotland,Mass,2024-06-06,Low
C004872,Glasgow,Scotland,Affluent,2022-02-07,Low
C004873,London,South,Affluent,2018-08-10,Low
C004874,Manchester,North,Mass,2018-01-02,Medium
C004875,London,South,Mass,2019-08-08,Medium
C004876,London,South,Mass,2024-02-17,Low
C004877,Edinburgh,Scotland,Mass,2022-11-20,Medium
C004878,Leeds,North,Business,2021-04-19,Low
C004879,Bristol,South West,Mass,2023-05-25,Low
C004880,Manchester,North,Mass,2022-01-16,Low
C004881,Birmingham,Midlands,Mass,2025-04-11,Low
C004882,Leeds,North,Mass,2019-04-16,Low
C004883,Manchester,North,Business,2019-12-19,Medium
C004884,Leeds,North,Mass,2018-05-07,Medium
C004885,Leeds,North,Mass,2018-05-05,Medium
C004886,Birmingham,Midlands,Affluent,2018-04-10,Medium
C004887,Manchester,North,Mass,2022-04-30,Low
C004888,Leeds,North,Mass,2021-12-21,Medium
C004889,Glasgow,Scotland,Mass,2024-08-15,Low
C004890,Manchester,North,Mass,2018-02-07,Low
C004891,Liverpool,North West,Affluent,2021-04-27,Low
C004892,Edinburgh,Scotland,Mass,2023-04-28,Low
C004893,Liverpool,North West,Business,2021-10-19,Low
C004894,Manchester,North,Affluent,2020-11-27,Low
C004895,Leeds,North,Mass,2023-04-30,Low
C004896,Liverpool,North West,Mass,2025-08-07,Low
C004897,Glasgow,Scotland,Mass,2022-08-20,Low
C004898,Birmingham,Midlands,Affluent,2021-03-24,Low
C004899,Birmingham,Midlands,Business,2019-06-25,Low
C004900,Glasgow,Scotland,Mass,2020-10-22,Low
C004901,Edinburgh,Scotland,Mass,2021-02-26,Low
C004902,Edinburgh,Scotland,Mass,2019-08-08,Medium
C004903,Liverpool,North West,Mass,2025-06-04,Low
C004904,Bristol,South West,Student,2024-05-25,Low
C004905,London,South,Student,2022-01-31,Low
C004906,Leeds,North,Affluent,2020-10-12,Low
C004907,Edinburgh,Scotland,Mass,2020-06-16,Low
C004908,Manchester,North,Mass,2025-05-12,High
C004909,Glasgow,Scotland,Affluent,2020-02-27,Low
C004910,Edinburgh,Scotland,Mass,2022-01-16,Low
C004911,Birmingham,Midlands,Affluent,2024-05-19,Medium
C004912,Glasgow,Scotland,Affluent,2024-03-19,Low
C004913,London,South,Mass,2024-10-07,Low
C004914,Birmingham,Midlands,Mass,2025-03-22,Low
C004915,Bristol,South West,Mass,2025-03-28,Low
C004916,Edinburgh,Scotland,Mass,2024-06-16,Low
C004917,Leeds,North,Mass,2024-06-09,Medium
C004918,London,South,Mass,2019-12-24,Low
C004919,Manchester,North,Mass,2020-07-15,Low
C004920,Bristol,South West,Mass,2025-04-14,Medium
C004921,Leeds,North,Mass,2022-03-17,Low
C004922,Birmingham,Midlands,Mass,2019-02-12,Low
C004923,Edinburgh,Scotland,Mass,2020-01-19,Low
C004924,London,South,Mass,2023-12-22,Medium
C004925,Birmingham,Midlands,Mass,2019-10-16,Low
C004926,Liverpool,North West,Mass,2018-09-08,Low
C004927,Liverpool,North West,Mass,2018-04-17,Low
C004928,Edinburgh,Scotland,Mass,2018-01-13,Low
C004929,Manchester,North,Mass,2021-04-03,Medium
C004930,Birmingham,Midlands,Mass,2022-04-23,Medium
C004931,London,South,Business,2023-01-22,Low
C004932,Bristol,South West,Mass,2023-12-14,High
C004933,Manchester,North,Student,2021-08-25,Low
C004934,Birmingham,Midlands,Mass,2021-04-18,High
C004935,Bristol,South West,Mass,2020-11-10,Low
C004936,Birmingham,Midlands,Affluent,2024-06-04,Medium
C004937,Glasgow,Scotland,Affluent,2023-02-03,Medium
C004938,Liverpool,North West,Affluent,2022-04-01,Low
C004939,Liverpool,North West,Mass,2024-07-29,Medium
C004940,London,South,Mass,2023-04-20,Low
C004941,London,South,Mass,2020-08-25,Low
C004942,London,South,Mass,2020-06-13,Low
C004943,Edinburgh,Scotland,Mass,2022-11-19,Low
C004944,Glasgow,Scotland,Mass,2022-10-23,Low
C004945,London,South,Mass,2022-07-27,High
C004946,Liverpool,North West,Affluent,2020-03-21,Low
C004947,Leeds,North,Affluent,2024-11-20,Medium
C004948,Bristol,South West,Mass,2024-03-08,Low
C004949,Liverpool,North West,Affluent,2019-03-30,Medium
C004950,Edinburgh,Scotland,Mass,2023-10-13,Medium
C004951,Edinburgh,Scotland,Mass,2018-01-06,Low
C004952,Glasgow,Scotland,Mass,2019-11-30,Low
C004953,Liverpool,North West,Student,2020-05-26,Low
C004954,Manchester,North,Mass,2023-02-20,Low
C004955,London,South,Mass,2021-02-26,Low
C004956,Birmingham,Midlands,Mass,2022-01-08,High
C004957,Manchester,North,Affluent,2022-08-19,Low
C004958,Leeds,North,Mass,2022-12-01,Medium
C004959,Edinburgh,Scotland,Affluent,2020-04-04,Low
C004960,Edinburgh,Scotland,Mass,2025-08-20,Medium
C004961,Birmingham,Midlands,Mass,2018-11-29,Low
C004962,Birmingham,Midlands,Mass,2018-03-05,Medium
C004963,Leeds,North,Mass,2021-05-10,High
C004964,London,South,Mass,2022-04-27,Low
C004965,Manchester,North,Mass,2018-02-24,Low
C004966,Bristol,South West,Affluent,2024-10-13,Low
C004967,London,South,Mass,2022-11-08,High
C004968,Liverpool,North West,Business,2018-10-10,Medium
C004969,Manchester,North,Student,2024-06-29,Low
C004970,Birmingham,Midlands,Student,2020-12-10,Low
C004971,Bristol,South West,Mass,2023-09-19,Medium
C004972,Edinburgh,Scotland,Mass,2023-09-05,Low
C004973,Manchester,North,Mass,2018-03-27,Low
C004974,Birmingham,Midlands,Student,2024-07-22,Low
C004975,Edinburgh,Scotland,Mass,2020-02-02,Low
C004976,Leeds,North,Affluent,2019-04-25,Low
C004977,London,South,Mass,2022-07-23,Medium
C004978,Liverpool,North West,Mass,2023-12-06,Medium
C004979,Edinburgh,Scotland,Mass,2018-10-13,Medium
C004980,Birmingham,Midlands,Mass,2020-11-17,Low
C004981,Glasgow,Scotland,Mass,2023-05-10,Low
C004982,London,South,Mass,2022-05-11,Low
C004983,London,South,Affluent,2022-01-04,Low
C004984,Birmingham,Midlands,Mass,2025-03-18,Medium
C004985,Liverpool,North West,Mass,2023-04-06,Low
C004986,Liverpool,North West,Business,2023-04-17,Low
C004987,Liverpool,North West,Mass,2019-02-25,High
C004988,Edinburgh,Scotland,Student,2022-12-14,Low
C004989,Edinburgh,Scotland,Affluent,2024-07-12,High
C004990,Birmingham,Midlands,Mass,2021-05-30,Medium
C004991,Edinburgh,Scotland,Business,2025-01-17,Low
C004992,Leeds,North,Student,2018-11-24,Medium
C004993,London,South,Mass,2019-10-26,High
C004994,Leeds,North,Mass,2021-04-30,Low
C004995,Edinburgh,Scotland,Mass,2020-12-02,Low
C004996,Edinburgh,Scotland,Mass,2022-03-23,Medium
C004997,Leeds,North,Mass,2023-10-02,Low
C004998,Edinburgh,Scotland,Business,2020-02-08,Low
C004999,Liverpool,North West,Business,2018-07-11,Low
C005000,Manchester,North,Mass,2025-02-16,Medium
